at,phase,apiPid,apiCPUPercent,apiRSSKiB,vmUsedMiB,vmAvailableMiB,vmSwapUsedMiB,metrics_status,metrics_ms,metrics_error,ready_status,ready_ms,ready_error,devices_status,devices_ms,devices_error,dashboard_status,dashboard_ms,dashboard_error,alarms_status,alarms_ms,alarms_error,ai_analysis_failed_total,ai_analysis_skipped_total,ai_analysis_success_total,alarm_trigger_total,ingest_paused,kafka_lag,kafka_lag_ai,kafka_lag_device_alarm_notifications,kafka_lag_parser,kafka_lag_state,kafka_lag_storage,mqtt_inbox_corrupt,mqtt_inbox_pending,mqtt_inbox_rejected,mqtt_inflight_messages,mqtt_ingest_qps,mqtt_subscription_count,mqtt_ws_client_count,parse_failed_total,parse_success_total,pipeline_backlog,protocol_listener_rejected_total,raw_archive_failed_total,raw_archive_success_total,raw_publish_failed_total,storage_latency_ms,video_alarm_failed_total,video_alarm_ingest_total,video_media_transfer_failed_total,video_media_transfer_success_total
2026-09-27T10:18:22.150551+08:00,setup,26761,20.6,75680,3505,4499,436,200,12.4,,200,63.0,,200,40.9,,200,40.2,,200,42.6,,0.0,0.0,0.0,0.0,0.0,0.0,0.0,0.0,0.0,0.0,0.0,0.0,0.0,3.0,0.0,0.0,4.0,0.0,0.0,0.0,0.0,0.0,0.0,0.0,0.0,0.0,0.0,0.0,0.0,0.0
2026-09-27T10:18:27.159881+08:00,setup,26761,5.2,75712,,,,200,4.4,,200,32.5,,200,27.0,,200,32.0,,200,29.2,,0.0,0.0,0.0,0.0,0.0,0.0,0.0,0.0,0.0,0.0,0.0,0.0,0.0,3.0,0.0,0.0,4.0,0.0,0.0,0.0,0.0,0.0,0.0,0.0,0.0,0.0,0.0,0.0,0.0,0.0
2026-09-27T10:18:32.170042+08:00,setup,26761,4.9,75728,,,,200,7.6,,200,68.8,,200,27.9,,200,35.9,,200,27.0,,0.0,0.0,0.0,0.0,0.0,0.0,0.0,0.0,0.0,0.0,0.0,0.0,0.0,3.0,0.0,0.0,4.0,0.0,0.0,0.0,0.0,0.0,0.0,0.0,0.0,0.0,0.0,0.0,0.0,0.0
2026-09-27T10:18:37.173163+08:00,setup,26761,5.9,75728,3510,4493,435,200,9.5,,200,9.8,,200,9.5,,200,10.3,,200,8.9,,0.0,0.0,0.0,0.0,0.0,0.0,0.0,0.0,0.0,0.0,0.0,0.0,0.0,3.0,0.0,0.0,4.0,0.0,0.0,0.0,0.0,0.0,0.0,0.0,0.0,0.0,0.0,0.0,0.0,0.0
2026-09-27T10:18:42.185000+08:00,setup,26761,6.1,75968,,,,200,8.2,,200,25.7,,200,13.2,,200,27.4,,200,12.8,,0.0,0.0,0.0,0.0,0.0,0.0,0.0,0.0,0.0,0.0,0.0,0.0,0.0,3.0,0.0,0.0,4.0,0.0,0.0,0.0,0.0,0.0,0.0,0.0,0.0,0.0,0.0,0.0,0.0,0.0
2026-09-27T10:18:47.195200+08:00,http-ingest-ramp-5000,26761,6.0,76624,,,,200,8.4,,200,14.2,,200,8.0,,200,15.4,,200,7.4,,0.0,0.0,0.0,0.0,0.0,0.0,0.0,0.0,0.0,0.0,0.0,0.0,0.0,3.0,0.0,0.19968773997399267,4.0,0.0,0.0,1.0,0.0,0.0,0.0,1.0,0.0,0.0,0.0,0.0,0.0,0.0
2026-09-27T10:18:52.202767+08:00,http-ingest-ramp-5000,26761,26.5,82240,3551,4452,435,200,11.8,,200,10.8,,200,10.9,,200,15.7,,200,10.2,,0.0,0.0,0.0,0.0,0.0,7.0,0.0,0.0,3.0,0.0,4.0,0.0,1.0,3.0,0.0,25.27319130241842,4.0,0.0,0.0,103.0,4.0,0.0,0.0,104.0,0.0,0.0,0.0,0.0,0.0,0.0
2026-09-27T10:18:57.207364+08:00,http-ingest-ramp-5000,26761,25.7,82880,,,,200,3.2,,200,10.8,,200,7.2,,200,16.5,,200,6.8,,0.0,0.0,0.0,0.0,0.0,7.0,0.0,0.0,3.0,0.0,4.0,0.0,1.0,3.0,0.0,24.983844197149914,4.0,0.0,0.0,228.0,4.0,0.0,0.0,229.0,0.0,0.0,0.0,0.0,0.0,0.0
2026-09-27T10:19:02.214431+08:00,http-ingest-ramp-5000,26761,28.1,83072,,,,200,7.7,,200,15.9,,200,9.1,,200,11.7,,200,8.8,,0.0,0.0,0.0,0.0,0.0,7.0,0.0,0.0,3.0,0.0,4.0,0.0,3.0,3.0,0.0,24.934863488932304,4.0,0.0,0.0,353.0,4.0,0.0,0.0,354.0,0.0,0.0,0.0,0.0,0.0,0.0
2026-09-27T10:19:07.224551+08:00,http-ingest-ramp-5000,26761,20.8,81952,3518,4486,435,200,5.9,,200,16.8,,200,8.0,,200,15.3,,200,11.6,,0.0,0.0,0.0,0.0,0.0,6.0,0.0,0.0,3.0,0.0,3.0,0.0,2.0,3.0,0.0,25.077608037373377,4.0,0.0,0.0,478.0,2.0,0.0,0.0,479.0,0.0,0.0,0.0,0.0,0.0,0.0
2026-09-27T10:19:12.227729+08:00,http-ingest-ramp-5000,26761,25.9,82368,,,,200,4.6,,200,12.4,,200,3.6,,200,13.5,,200,8.2,,0.0,0.0,0.0,0.0,0.0,6.0,0.0,0.0,3.0,0.0,3.0,0.0,2.0,3.0,0.0,24.989779180315253,4.0,0.0,0.0,604.0,2.0,0.0,0.0,604.0,0.0,0.0,0.0,0.0,0.0,0.0
2026-09-27T10:19:17.232831+08:00,http-ingest-ramp-5000,26761,23.1,82320,,,,200,2.7,,200,17.7,,200,6.0,,200,11.2,,200,3.8,,0.0,0.0,0.0,0.0,0.0,6.0,0.0,0.0,3.0,0.0,3.0,0.0,3.0,3.0,0.0,25.178653114887826,4.0,0.0,0.0,729.0,2.0,0.0,0.0,730.0,0.0,0.0,0.0,0.0,0.0,0.0
2026-09-27T10:19:22.247448+08:00,http-ingest-ramp-5000,26761,38.9,79712,3555,4449,435,200,10.3,,200,17.2,,200,9.6,,200,24.4,,200,9.4,,0.0,0.0,0.0,0.0,0.0,13.0,0.0,0.0,5.0,0.0,8.0,0.0,4.0,3.0,0.0,48.73840775139745,4.0,0.0,0.0,806.0,9.0,0.0,0.0,807.0,0.0,0.0,0.0,0.0,0.0,0.0
2026-09-27T10:19:27.257811+08:00,http-ingest-ramp-5000,26761,32.9,81120,,,,200,1.6,,200,14.0,,200,6.6,,200,13.5,,200,8.9,,0.0,0.0,0.0,0.0,0.0,13.0,0.0,0.0,5.0,0.0,8.0,0.0,2.0,3.0,0.0,49.68746452116732,4.0,0.0,0.0,1057.0,9.0,0.0,0.0,1056.0,0.0,0.0,0.0,0.0,0.0,0.0
2026-09-27T10:19:32.261864+08:00,http-ingest-ramp-5000,26761,30.7,82224,,,,200,5.0,,200,12.6,,200,5.3,,200,16.3,,200,9.1,,0.0,0.0,0.0,0.0,0.0,13.0,0.0,0.0,5.0,0.0,8.0,0.0,3.0,3.0,0.0,50.17626452950969,4.0,0.0,0.0,1307.0,9.0,0.0,0.0,1307.0,0.0,0.0,0.0,0.0,0.0,0.0
2026-09-27T10:19:37.269325+08:00,http-ingest-ramp-5000,26761,37.5,83984,3587,4417,435,200,2.5,,200,18.4,,200,9.6,,200,12.7,,200,8.6,,0.0,0.0,0.0,0.0,0.0,18.0,0.0,0.0,7.0,0.0,11.0,0.0,5.0,3.0,0.0,50.11776593183668,4.0,0.0,0.0,1558.0,6.0,0.0,0.0,1557.0,0.0,0.0,0.0,0.0,0.0,0.0
2026-09-27T10:19:42.272861+08:00,http-ingest-ramp-5000,26761,30.6,81648,,,,200,5.0,,200,10.3,,200,7.7,,200,11.8,,200,8.9,,0.0,0.0,0.0,0.0,0.0,18.0,0.0,0.0,7.0,0.0,11.0,0.0,4.0,3.0,0.0,49.95939508198819,4.0,0.0,0.0,1811.0,6.0,0.0,0.0,1807.0,0.0,0.0,0.0,0.0,0.0,0.0
2026-09-27T10:19:47.274148+08:00,http-ingest-ramp-5000,26761,31.0,81552,,,,200,2.6,,200,10.6,,200,8.4,,200,14.3,,200,6.4,,0.0,0.0,0.0,0.0,0.0,18.0,0.0,0.0,7.0,0.0,11.0,0.0,5.0,3.0,0.0,50.00226260238276,4.0,0.0,0.0,2061.0,6.0,0.0,0.0,2057.0,0.0,0.0,0.0,0.0,0.0,0.0
2026-09-27T10:19:52.279987+08:00,http-ingest-ramp-5000,26761,18.8,82400,3699,4305,435,200,6.0,,200,36.9,,200,25.1,,200,36.8,,200,19.9,,0.0,0.0,0.0,0.0,0.0,0.0,0.0,0.0,0.0,0.0,0.0,0.0,0.0,3.0,0.0,0.0,4.0,0.0,0.0,2255.0,0.0,0.0,0.0,2249.0,0.0,0.0,0.0,0.0,0.0,0.0
2026-09-27T10:19:57.287374+08:00,http-ingest-ramp-5000,26761,47.3,89808,,,,200,2.5,,200,29.2,,200,31.3,,200,29.0,,200,21.2,,0.0,0.0,0.0,0.0,0.0,0.0,0.0,0.0,0.0,0.0,0.0,0.0,12.0,3.0,0.0,95.95765971201605,4.0,0.0,0.0,2551.0,0.0,0.0,0.0,2546.0,0.0,0.0,0.0,0.0,0.0,0.0
2026-09-27T10:20:02.290828+08:00,http-ingest-ramp-5000,26761,46.0,96816,,,,200,8.3,,200,253.6,,200,15.0,,200,19.7,,200,15.2,,0.0,0.0,0.0,0.0,0.0,0.0,0.0,0.0,0.0,0.0,0.0,0.0,6.0,3.0,0.0,100.03189390150118,4.0,0.0,0.0,3053.0,0.0,0.0,0.0,3047.0,0.0,0.0,0.0,0.0,0.0,0.0
2026-09-27T10:20:07.299539+08:00,http-ingest-ramp-5000,26761,47.5,97728,3810,4194,435,200,3.6,,200,18.2,,200,20.0,,200,21.5,,200,14.5,,0.0,0.0,0.0,0.0,0.0,38.0,0.0,0.0,19.0,0.0,19.0,0.0,7.0,3.0,0.0,98.9849626957596,4.0,0.0,0.0,3562.0,38.0,0.0,0.0,3548.0,0.0,0.0,0.0,0.0,0.0,0.0
2026-09-27T10:20:12.299971+08:00,http-ingest-ramp-5000,26761,39.5,99104,,,,200,3.6,,200,18.6,,200,11.1,,200,18.7,,200,20.4,,0.0,0.0,0.0,0.0,0.0,38.0,0.0,0.0,19.0,0.0,19.0,0.0,5.0,3.0,0.0,98.76050403501203,4.0,0.0,0.0,4049.0,38.0,0.0,0.0,4042.0,0.0,0.0,0.0,0.0,0.0,0.0
2026-09-27T10:20:17.306224+08:00,http-ingest-ramp-5000,26761,55.1,101376,,,,200,8.3,,200,12.1,,200,9.6,,200,17.7,,200,10.5,,0.0,0.0,0.0,0.0,0.0,38.0,0.0,0.0,19.0,0.0,19.0,0.0,7.0,3.0,0.0,100.50232346016764,4.0,0.0,0.0,4562.0,38.0,0.0,0.0,4545.0,0.0,0.0,0.0,0.0,0.0,0.0
2026-09-27T10:20:22.308550+08:00,http-ingest-ramp-5000,26761,56.7,104800,3808,4196,435,200,3.8,,200,13.5,,200,11.7,,200,18.0,,200,11.6,,0.0,0.0,0.0,0.0,0.0,38.0,0.0,0.0,13.0,0.0,25.0,0.0,11.0,3.0,0.0,101.74619774300527,4.0,0.0,0.0,5078.0,30.0,0.0,0.0,5053.0,0.0,0.0,0.0,0.0,0.0,0.0
2026-09-27T10:20:27.314923+08:00,http-ingest-ramp-5000,26761,7.3,99968,,,,200,6.4,,200,19.3,,200,13.4,,200,18.7,,200,16.0,,0.0,0.0,0.0,0.0,0.0,38.0,0.0,0.0,13.0,0.0,25.0,0.0,0.0,3.0,0.0,134.7015158731304,4.0,0.0,0.0,5275.0,30.0,0.0,0.0,5256.0,0.0,0.0,0.0,0.0,0.0,0.0
2026-09-27T10:20:32.316141+08:00,http-ingest-ramp-5000,26761,85.7,99328,,,,200,5.1,,200,16.7,,200,13.8,,200,22.7,,200,17.9,,0.0,0.0,0.0,0.0,0.0,38.0,0.0,0.0,13.0,0.0,25.0,0.0,0.0,3.0,0.0,200.48608713335986,4.0,0.0,0.0,6285.0,30.0,0.0,0.0,6259.0,0.0,0.0,0.0,0.0,0.0,0.0
2026-09-27T10:20:37.317932+08:00,http-ingest-ramp-5000,26761,76.8,99152,3894,4110,435,200,11.3,,200,39.8,,200,47.6,,200,27.4,,200,35.9,,0.0,0.0,0.0,0.0,0.0,35.0,0.0,0.0,26.0,0.0,9.0,0.0,0.0,3.0,0.0,200.04210913470655,4.0,0.0,0.0,7281.0,15.0,0.0,0.0,7250.0,0.0,0.0,0.0,0.0,0.0,0.0
2026-09-27T10:20:42.325444+08:00,http-ingest-ramp-5000,26761,77.9,125808,,,,200,4.8,,200,18.3,,200,17.3,,200,21.7,,200,14.5,,0.0,0.0,0.0,0.0,0.0,35.0,0.0,0.0,26.0,0.0,9.0,0.0,0.0,3.0,0.0,201.30422704085905,4.0,0.0,0.0,8283.0,15.0,0.0,0.0,8258.0,0.0,0.0,0.0,0.0,0.0,0.0
2026-09-27T10:20:47.328846+08:00,http-ingest-ramp-5000,26761,71.8,120992,,,,200,5.8,,200,116.7,,200,17.0,,200,20.7,,200,12.2,,0.0,0.0,0.0,0.0,0.0,35.0,0.0,0.0,26.0,0.0,9.0,0.0,0.0,3.0,0.0,198.69804306665142,4.0,0.0,0.0,9282.0,15.0,0.0,0.0,9252.0,0.0,0.0,0.0,0.0,0.0,0.0
2026-09-27T10:20:52.334070+08:00,http-ingest-ramp-5000,26761,74.1,116896,4049,3955,435,200,8.9,,200,27.0,,200,22.5,,200,49.0,,200,30.8,,0.0,0.0,0.0,0.0,0.0,50.0,0.0,0.0,20.0,0.0,30.0,0.0,0.0,3.0,0.0,199.18879241045772,4.0,0.0,0.0,10272.0,4.0,0.0,0.0,10249.0,0.0,0.0,0.0,0.0,0.0,0.0
2026-09-27T10:20:57.349059+08:00,http-ingest-ramp-5000,26761,58.4,116752,,,,200,9.2,,200,18.3,,200,9.8,,200,21.7,,200,6.1,,0.0,0.0,0.0,0.0,0.0,50.0,0.0,0.0,20.0,0.0,30.0,0.0,0.0,3.0,0.0,0.0,4.0,0.0,0.0,11275.0,4.0,0.0,0.0,11232.0,0.0,0.0,0.0,0.0,0.0,0.0
2026-09-27T10:21:02.354434+08:00,http-ingest-ramp-5000,26761,71.4,116608,,,,200,3.1,,200,54.9,,200,101.3,,200,57.3,,200,88.6,,0.0,0.0,0.0,0.0,0.0,50.0,0.0,0.0,20.0,0.0,30.0,0.0,0.0,3.0,0.0,329.33302502051214,4.0,0.0,0.0,11928.0,4.0,0.0,0.0,11924.0,0.0,0.0,0.0,0.0,0.0,0.0
2026-09-27T10:21:07.356578+08:00,http-ingest-ramp-5000,26761,92.4,129888,4163,3841,435,200,2.9,,200,78.8,,200,33.1,,200,97.5,,200,36.2,,0.0,0.0,0.0,0.0,0.0,1122.0,0.0,0.0,164.0,0.0,958.0,0.0,0.0,3.0,0.0,371.34196641415735,4.0,0.0,0.0,13985.0,1059.0,0.0,0.0,13928.0,0.0,0.0,0.0,0.0,0.0,0.0
2026-09-27T10:21:12.361869+08:00,http-ingest-ramp-5000,26761,71.1,145824,,,,200,11.1,,200,103.4,,200,184.6,,200,119.1,,200,197.9,,0.0,0.0,0.0,0.0,0.0,1122.0,0.0,0.0,164.0,0.0,958.0,0.0,0.0,3.0,0.0,367.4412736006487,4.0,0.0,0.0,15676.0,1059.0,0.0,0.0,15769.0,0.0,0.0,0.0,0.0,0.0,0.0
2026-09-27T10:21:17.370498+08:00,http-ingest-ramp-5000,26761,102.8,149296,,,,200,4.8,,200,20.3,,200,31.7,,200,43.4,,200,24.8,,0.0,0.0,0.0,0.0,0.0,1122.0,0.0,0.0,164.0,0.0,958.0,0.0,0.0,3.0,0.0,452.4721009794571,4.0,0.0,0.0,18148.0,1059.0,0.0,0.0,18033.0,0.0,0.0,0.0,0.0,0.0,0.0
2026-09-27T10:21:22.371841+08:00,http-ingest-ramp-5000,26761,106.3,146560,4132,3872,470,200,12.5,,200,34.4,,200,24.9,,200,36.7,,200,10.7,,0.0,0.0,0.0,0.0,0.0,3327.0,0.0,0.0,114.0,0.0,3213.0,0.0,0.0,3.0,0.0,401.52460995227716,4.0,0.0,0.0,20128.0,3313.0,0.0,0.0,20048.0,0.0,0.0,0.0,0.0,0.0,0.0
2026-09-27T10:21:27.373297+08:00,http-ingest-ramp-5000,26761,90.4,142384,,,,200,5.1,,200,34.3,,200,52.7,,200,29.9,,200,52.4,,0.0,0.0,0.0,0.0,0.0,3327.0,0.0,0.0,114.0,0.0,3213.0,0.0,0.0,3.0,0.0,400.12629986655287,4.0,0.0,0.0,22169.0,3313.0,0.0,0.0,22048.0,0.0,0.0,0.0,0.0,0.0,0.0
2026-09-27T10:21:32.374310+08:00,http-ingest-ramp-5000,26761,76.9,139792,,,,200,10.5,,200,311.4,,200,27.5,,200,44.3,,200,34.9,,0.0,0.0,0.0,0.0,0.0,3327.0,0.0,0.0,114.0,0.0,3213.0,0.0,0.0,3.0,0.0,0.0,4.0,0.0,0.0,23378.0,3313.0,0.0,0.0,23228.0,0.0,0.0,0.0,0.0,0.0,0.0
2026-09-27T10:21:37.376399+08:00,http-ingest-ramp-5000,26761,115.1,173264,4274,3730,466,200,12.0,,200,145.9,,200,310.6,,200,370.2,,200,305.2,,0.0,0.0,0.0,0.0,0.0,3464.0,0.0,0.0,521.0,0.0,2943.0,0.0,0.0,3.0,0.0,583.4902948558365,4.0,0.0,0.0,24340.0,3460.0,0.0,0.0,24853.0,0.0,0.0,0.0,0.0,0.0,0.0
2026-09-27T10:21:42.381432+08:00,http-ingest-ramp-5000,26761,101.8,278144,,,,200,2.4,,200,89.5,,200,304.3,,200,84.2,,200,285.1,,0.0,0.0,0.0,0.0,0.0,3464.0,0.0,0.0,521.0,0.0,2943.0,0.0,0.0,3.0,0.0,508.5197699865454,4.0,0.0,0.0,25902.0,3460.0,0.0,0.0,27399.0,0.0,0.0,0.0,0.0,0.0,0.0
2026-09-27T10:21:47.381977+08:00,http-ingest-ramp-5000,26761,87.8,317344,,,,200,8.0,,200,109.8,,200,248.4,,200,114.6,,200,248.4,,0.0,0.0,0.0,0.0,0.0,3464.0,0.0,0.0,521.0,0.0,2943.0,0.0,0.0,3.0,0.0,683.3048090049142,4.0,0.0,0.0,27716.0,3460.0,0.0,0.0,30818.0,0.0,0.0,0.0,0.0,0.0,0.0
2026-09-27T10:21:52.389050+08:00,http-ingest-ramp-5000,26761,93.9,312736,4255,3749,464,200,2.8,,200,88.0,,200,197.1,,200,100.2,,200,185.7,,0.0,0.0,0.0,0.0,0.0,11484.0,0.0,0.0,5278.0,0.0,6206.0,0.0,0.0,3.0,0.0,652.2210927483245,4.0,0.0,0.0,29057.0,11484.0,0.0,0.0,34003.0,0.0,0.0,0.0,0.0,0.0,0.0
2026-09-27T10:21:57.395460+08:00,http-ingest-ramp-5000,26761,115.9,326048,,,,200,5.1,,200,91.1,,200,161.8,,200,74.2,,200,162.4,,0.0,0.0,0.0,0.0,0.0,11484.0,0.0,0.0,5278.0,0.0,6206.0,0.0,0.0,3.0,0.0,701.2565661061357,4.0,0.0,0.0,30751.0,11484.0,0.0,0.0,37515.0,0.0,0.0,0.0,0.0,0.0,0.0
2026-09-27T10:22:02.403682+08:00,http-ingest-ramp-5000,26761,91.7,306544,,,,200,6.7,,200,94.6,,200,200.2,,200,101.0,,200,213.5,,0.0,0.0,0.0,0.0,0.0,11484.0,0.0,0.0,5278.0,0.0,6206.0,0.0,0.0,3.0,0.0,689.4243229031374,4.0,0.0,0.0,32412.0,11484.0,0.0,0.0,40966.0,0.0,0.0,0.0,0.0,0.0,0.0
2026-09-27T10:22:07.413539+08:00,http-ingest-ramp-5000,26761,108.3,325680,4309,3695,460,200,12.5,,200,41.2,,200,35.2,,200,26.5,,200,38.3,,0.0,0.0,0.0,0.0,0.0,20273.0,0.0,0.0,10263.0,0.0,10010.0,0.0,0.0,3.0,0.0,579.6195482324987,4.0,0.0,0.0,34748.0,20276.0,0.0,0.0,44167.0,0.0,0.0,0.0,0.0,0.0,0.0
2026-09-27T10:22:12.418241+08:00,http-ingest-ramp-5000,26761,48.2,191904,,,,200,4.4,,200,40.4,,200,27.3,,200,59.4,,200,18.0,,0.0,0.0,0.0,0.0,0.0,20273.0,0.0,0.0,10263.0,0.0,10010.0,0.0,0.0,3.0,0.0,0.0,4.0,0.0,0.0,38337.0,20276.0,0.0,0.0,44466.0,0.0,0.0,0.0,0.0,0.0,0.0
2026-09-27T10:22:17.419009+08:00,http-ingest-ramp-5000,26761,116.2,354528,,,,200,5.0,,200,96.9,,200,246.8,,200,104.4,,200,245.9,,0.0,0.0,0.0,0.0,0.0,20273.0,0.0,0.0,10263.0,0.0,10010.0,0.0,0.0,3.0,0.0,276.6995785243716,4.0,0.0,0.0,39573.0,20276.0,0.0,0.0,45499.0,0.0,0.0,0.0,0.0,0.0,0.0
2026-09-27T10:22:22.424627+08:00,http-ingest-ramp-5000,26761,95.6,400064,4289,3714,459,200,6.6,,200,122.5,,200,289.2,,200,138.3,,200,265.8,,0.0,0.0,0.0,0.0,0.0,22227.0,0.0,0.0,8119.0,0.0,14108.0,0.0,0.0,3.0,0.0,624.0145663661908,4.0,0.0,0.0,41128.0,22227.0,0.0,0.0,48548.0,0.0,0.0,0.0,0.0,0.0,0.0
2026-09-27T10:22:27.426898+08:00,http-ingest-ramp-5000,26761,95.7,397824,,,,200,6.6,,200,100.6,,200,218.8,,200,100.3,,200,236.9,,0.0,0.0,0.0,0.0,0.0,22227.0,0.0,0.0,8119.0,0.0,14108.0,0.0,0.0,3.0,0.0,574.1368922384594,4.0,0.0,0.0,42324.0,22227.0,0.0,5.0,51420.0,3.0,0.0,0.0,0.0,0.0,0.0
2026-09-27T10:22:32.430539+08:00,http-ingest-ramp-5000,26761,100.0,418288,,,,200,1.7,,200,78.0,,200,193.4,,200,70.6,,200,165.0,,0.0,0.0,0.0,0.0,0.0,22227.0,0.0,0.0,8119.0,0.0,14108.0,0.0,0.0,3.0,0.0,677.640449556152,4.0,0.0,0.0,43637.0,22227.0,0.0,10.0,54809.0,4.0,0.0,0.0,0.0,0.0,0.0
2026-09-27T10:22:37.440514+08:00,http-ingest-ramp-5000,26761,100.5,385168,4386,3618,455,200,16.8,,200,223.8,,200,488.2,,200,172.3,,200,487.3,,0.0,0.0,0.0,0.0,0.0,30653.0,0.0,0.0,13533.0,0.0,17120.0,0.0,0.0,3.0,0.0,623.2558528357025,4.0,0.0,0.0,45280.0,30653.0,0.0,18.0,58194.0,9.0,0.0,0.0,0.0,0.0,0.0
2026-09-27T10:22:42.440831+08:00,http-ingest-ramp-5000,26761,82.9,436416,,,,200,7.0,,200,93.5,,200,307.9,,200,134.8,,200,297.6,,0.0,0.0,0.0,0.0,0.0,30653.0,0.0,0.0,13533.0,0.0,17120.0,0.0,0.0,3.0,0.0,623.285498441949,4.0,0.0,0.0,46742.0,30653.0,0.0,29.0,61305.0,16.0,0.0,0.0,0.0,0.0,0.0
2026-09-27T10:22:47.442658+08:00,http-ingest-ramp-5000,26761,71.8,356800,,,,200,9.6,,200,87.5,,200,368.2,,200,301.2,,200,370.6,,0.0,0.0,0.0,0.0,0.0,30653.0,0.0,0.0,13533.0,0.0,17120.0,0.0,0.0,3.0,0.0,545.2349173131266,4.0,0.0,0.0,48184.0,30653.0,0.0,49.0,64035.0,25.0,0.0,0.0,0.0,0.0,0.0
2026-09-27T10:22:52.443924+08:00,http-ingest-ramp-5000,26761,62.1,343136,4390,3614,456,200,19.6,,200,65.8,,200,66.8,,200,45.0,,200,58.0,,0.0,0.0,0.0,0.0,0.0,37259.0,0.0,0.0,15560.0,0.0,21699.0,0.0,0.0,3.0,0.0,0.0,4.0,0.0,0.0,51985.0,37254.0,0.0,50.0,65803.0,29.0,0.0,0.0,0.0,0.0,0.0
2026-09-27T10:22:57.445387+08:00,http-ingest-ramp-5000,26761,99.1,231808,,,,200,12.6,,200,43.2,,200,28.2,,200,28.8,,200,33.3,,0.0,0.0,0.0,0.0,0.0,37259.0,0.0,0.0,15560.0,0.0,21699.0,0.0,0.0,3.0,0.0,0.0,4.0,0.0,0.0,57021.0,37254.0,0.0,50.0,65803.0,29.0,0.0,0.0,0.0,0.0,0.0
2026-09-27T10:23:02.447473+08:00,http-ingest-ramp-5000,26761,98.6,196944,,,,200,4.6,,200,140.0,,200,24.9,,200,23.0,,200,21.7,,0.0,0.0,0.0,0.0,0.0,37259.0,0.0,0.0,15560.0,0.0,21699.0,0.0,0.0,3.0,0.0,0.0,4.0,0.0,0.0,61931.0,37254.0,0.0,50.0,65803.0,29.0,0.0,0.0,0.0,0.0,0.0
2026-09-27T10:23:07.455096+08:00,http-overload-recovery,26761,78.5,187008,4406,3597,456,200,3.1,,200,35.6,,200,12.0,,200,18.6,,200,17.9,,0.0,0.0,0.0,0.0,0.0,29965.0,0.0,0.0,0.0,0.0,29965.0,0.0,0.0,3.0,0.0,0.0,4.0,0.0,0.0,66565.0,29849.0,0.0,50.0,65803.0,29.0,0.0,0.0,0.0,0.0,0.0
2026-09-27T10:23:12.456139+08:00,http-overload-recovery,26761,100.8,174976,,,,200,7.8,,200,41.7,,200,27.5,,200,24.6,,200,16.6,,0.0,0.0,0.0,0.0,0.0,29965.0,0.0,0.0,0.0,0.0,29965.0,0.0,0.0,3.0,0.0,0.0,4.0,0.0,0.0,66565.0,29849.0,0.0,50.0,65803.0,29.0,0.0,0.0,0.0,0.0,0.0
2026-09-27T10:23:17.457496+08:00,http-overload-recovery,26761,80.3,171216,,,,200,8.2,,200,15.2,,200,12.1,,200,17.5,,200,11.1,,0.0,0.0,0.0,0.0,0.0,29965.0,0.0,0.0,0.0,0.0,29965.0,0.0,0.0,3.0,0.0,0.0,4.0,0.0,0.0,66565.0,29849.0,0.0,50.0,65803.0,29.0,0.0,0.0,0.0,0.0,0.0
2026-09-27T10:23:22.458875+08:00,http-overload-recovery,26761,75.1,181792,4368,3636,454,200,2.3,,200,17.8,,200,11.5,,200,18.9,,200,10.8,,0.0,0.0,0.0,0.0,0.0,18345.0,0.0,0.0,0.0,0.0,18345.0,0.0,0.0,3.0,0.0,0.0,4.0,0.0,0.0,66565.0,18345.0,0.0,50.0,65803.0,29.0,0.0,0.0,0.0,0.0,0.0
2026-09-27T10:23:27.464925+08:00,http-overload-recovery,26761,82.3,167696,,,,200,6.0,,200,15.0,,200,15.9,,200,25.4,,200,12.9,,0.0,0.0,0.0,0.0,0.0,18345.0,0.0,0.0,0.0,0.0,18345.0,0.0,0.0,3.0,0.0,0.0,4.0,0.0,0.0,66565.0,18345.0,0.0,50.0,65803.0,29.0,0.0,0.0,0.0,0.0,0.0
2026-09-27T10:23:32.466665+08:00,http-overload-recovery,26761,71.4,165984,,,,200,3.6,,200,27.2,,200,25.0,,200,30.4,,200,9.0,,0.0,0.0,0.0,0.0,0.0,18345.0,0.0,0.0,0.0,0.0,18345.0,0.0,0.0,3.0,0.0,0.0,4.0,0.0,0.0,66565.0,18345.0,0.0,50.0,65803.0,29.0,0.0,0.0,0.0,0.0,0.0
2026-09-27T10:23:37.467852+08:00,http-overload-recovery,26761,89.1,184704,4367,3637,453,200,6.5,,200,16.0,,200,9.3,,200,18.9,,200,9.0,,0.0,0.0,0.0,0.0,0.0,7053.0,0.0,0.0,0.0,0.0,7053.0,0.0,0.0,3.0,0.0,0.0,4.0,0.0,0.0,66565.0,7053.0,0.0,50.0,65803.0,29.0,0.0,0.0,0.0,0.0,0.0
2026-09-27T10:23:42.474471+08:00,http-overload-recovery,26761,95.7,173408,,,,200,6.5,,200,23.9,,200,23.8,,200,32.9,,200,20.0,,0.0,0.0,0.0,0.0,0.0,7053.0,0.0,0.0,0.0,0.0,7053.0,0.0,0.0,3.0,0.0,0.0,4.0,0.0,0.0,66565.0,7053.0,0.0,50.0,65803.0,29.0,0.0,0.0,0.0,0.0,0.0
2026-09-27T10:23:47.484673+08:00,http-overload-recovery,26761,7.5,163760,,,,200,15.3,,200,47.5,,200,37.0,,200,47.0,,200,23.9,,0.0,0.0,0.0,0.0,0.0,7053.0,0.0,0.0,0.0,0.0,7053.0,0.0,0.0,3.0,0.0,0.0,4.0,0.0,0.0,66565.0,7053.0,0.0,50.0,65803.0,29.0,0.0,0.0,0.0,0.0,0.0
2026-09-27T10:23:52.500530+08:00,http-overload-recovery,26761,13.5,178384,4273,3731,453,200,15.5,,200,26.8,,200,18.0,,200,23.1,,200,15.2,,0.0,0.0,0.0,0.0,0.0,0.0,0.0,0.0,0.0,0.0,0.0,0.0,0.0,3.0,0.0,0.0,4.0,0.0,0.0,66565.0,0.0,0.0,50.0,65803.0,29.0,0.0,0.0,0.0,0.0,0.0
2026-09-27T10:23:57.500733+08:00,prepare-gb26875-protocol,26761,4.5,160480,,,,200,2.9,,200,45.6,,200,38.1,,200,38.7,,200,38.2,,0.0,0.0,0.0,0.0,0.0,0.0,0.0,0.0,0.0,0.0,0.0,0.0,0.0,3.0,0.0,0.0,4.0,0.0,0.0,66565.0,0.0,0.0,50.0,65803.0,29.0,0.0,0.0,0.0,0.0,0.0
2026-09-27T10:24:02.503606+08:00,provision-20000,26761,122.9,185760,,,,200,6.1,,200,43.5,,200,64.6,,200,43.1,,200,59.4,,0.0,0.0,0.0,0.0,0.0,0.0,0.0,0.0,0.0,0.0,0.0,0.0,0.0,3.0,0.0,0.0,4.0,0.0,0.0,66565.0,0.0,0.0,50.0,65803.0,29.0,0.0,0.0,0.0,0.0,0.0
2026-09-27T10:24:07.512220+08:00,provision-20000,26761,153.5,185200,4376,3628,451,200,6.4,,200,36.8,,200,80.7,,200,73.9,,200,57.8,,0.0,0.0,0.0,0.0,0.0,0.0,0.0,0.0,0.0,0.0,0.0,0.0,0.0,3.0,0.0,0.0,4.0,0.0,0.0,66565.0,0.0,0.0,50.0,65803.0,29.0,0.0,0.0,0.0,0.0,0.0
2026-09-27T10:24:12.512208+08:00,provision-50000,26761,128.2,197664,,,,200,2.5,,200,67.7,,200,166.1,,200,97.0,,200,155.7,,0.0,0.0,0.0,0.0,0.0,0.0,0.0,0.0,0.0,0.0,0.0,0.0,0.0,3.0,0.0,0.0,4.0,0.0,0.0,66565.0,0.0,0.0,50.0,65803.0,29.0,0.0,0.0,0.0,0.0,0.0
2026-09-27T10:24:17.512851+08:00,provision-50000,26761,127.6,199600,,,,200,6.3,,200,68.9,,200,114.4,,200,112.7,,200,123.3,,0.0,0.0,0.0,0.0,0.0,0.0,0.0,0.0,0.0,0.0,0.0,0.0,0.0,3.0,0.0,0.0,4.0,0.0,0.0,66565.0,0.0,0.0,50.0,65803.0,29.0,0.0,0.0,0.0,0.0,0.0
2026-09-27T10:24:22.514705+08:00,provision-50000,26761,145.0,198400,4351,3653,451,200,5.4,,200,58.8,,200,124.8,,200,121.8,,200,145.3,,0.0,0.0,0.0,0.0,0.0,0.0,0.0,0.0,0.0,0.0,0.0,0.0,0.0,3.0,0.0,0.0,4.0,0.0,0.0,66565.0,0.0,0.0,50.0,65803.0,29.0,0.0,0.0,0.0,0.0,0.0
2026-09-27T10:24:27.515793+08:00,provision-50000,26761,136.6,206384,,,,200,5.3,,200,48.4,,200,112.7,,200,347.2,,200,104.6,,0.0,0.0,0.0,0.0,0.0,0.0,0.0,0.0,0.0,0.0,0.0,0.0,0.0,3.0,0.0,0.0,4.0,0.0,0.0,66565.0,0.0,0.0,50.0,65803.0,29.0,0.0,0.0,0.0,0.0,0.0
2026-09-27T10:24:32.524717+08:00,provision-100000,26761,149.1,214032,,,,200,7.2,,200,299.4,,200,209.6,,200,179.8,,200,219.4,,0.0,0.0,0.0,0.0,0.0,0.0,0.0,0.0,0.0,0.0,0.0,0.0,0.0,3.0,0.0,0.0,4.0,0.0,0.0,66565.0,0.0,0.0,50.0,65803.0,29.0,0.0,0.0,0.0,0.0,0.0
2026-09-27T10:24:37.527065+08:00,provision-100000,26761,152.2,234944,4372,3632,451,200,5.6,,200,113.9,,200,338.1,,200,220.4,,200,348.3,,0.0,0.0,0.0,0.0,0.0,0.0,0.0,0.0,0.0,0.0,0.0,0.0,0.0,3.0,0.0,0.0,4.0,0.0,0.0,66565.0,0.0,0.0,50.0,65803.0,29.0,0.0,0.0,0.0,0.0,0.0
2026-09-27T10:24:42.535104+08:00,provision-100000,26761,149.8,235792,,,,200,4.3,,200,79.3,,200,188.5,,200,171.2,,200,188.3,,0.0,0.0,0.0,0.0,0.0,0.0,0.0,0.0,0.0,0.0,0.0,0.0,0.0,3.0,0.0,0.0,4.0,0.0,0.0,66565.0,0.0,0.0,50.0,65803.0,29.0,0.0,0.0,0.0,0.0,0.0
2026-09-27T10:24:47.536974+08:00,provision-100000,26761,135.7,235376,,,,200,4.2,,200,75.6,,200,202.3,,200,206.6,,200,202.0,,0.0,0.0,0.0,0.0,0.0,0.0,0.0,0.0,0.0,0.0,0.0,0.0,0.0,3.0,0.0,0.0,4.0,0.0,0.0,66565.0,0.0,0.0,50.0,65803.0,29.0,0.0,0.0,0.0,0.0,0.0
2026-09-27T10:24:52.538254+08:00,provision-100000,26761,131.9,241632,4421,3583,450,200,3.3,,200,83.4,,200,250.2,,200,228.4,,200,250.2,,0.0,0.0,0.0,0.0,0.0,0.0,0.0,0.0,0.0,0.0,0.0,0.0,0.0,3.0,0.0,0.0,4.0,0.0,0.0,66565.0,0.0,0.0,50.0,65803.0,29.0,0.0,0.0,0.0,0.0,0.0
2026-09-27T10:24:57.539947+08:00,provision-100000,26761,145.4,233536,,,,200,1.7,,200,74.6,,200,252.3,,200,229.3,,200,239.9,,0.0,0.0,0.0,0.0,0.0,0.0,0.0,0.0,0.0,0.0,0.0,0.0,0.0,3.0,0.0,0.0,4.0,0.0,0.0,66565.0,0.0,0.0,50.0,65803.0,29.0,0.0,0.0,0.0,0.0,0.0
2026-09-27T10:25:02.549750+08:00,inspection-100k,26761,94.7,268704,,,,200,4.1,,200,15.4,,200,12.6,,200,122.7,,200,8.8,,0.0,0.0,0.0,0.0,0.0,0.0,0.0,0.0,0.0,0.0,0.0,0.0,0.0,3.0,0.0,0.0,4.0,0.0,0.0,66565.0,0.0,0.0,50.0,65803.0,29.0,0.0,0.0,0.0,0.0,0.0
2026-09-27T10:25:07.560558+08:00,inspection-100k,26761,13.8,417696,4332,3672,450,200,17.4,,200,42.1,,200,30.6,,200,168.6,,200,32.6,,0.0,0.0,0.0,0.0,0.0,0.0,0.0,0.0,0.0,0.0,0.0,0.0,0.0,3.0,0.0,0.0,4.0,0.0,0.0,66565.0,0.0,0.0,50.0,65803.0,29.0,0.0,0.0,0.0,0.0,0.0
2026-09-27T10:25:12.560852+08:00,inspection-100k,26761,17.3,435424,,,,200,15.1,,200,34.5,,200,32.6,,200,191.1,,200,30.7,,0.0,0.0,0.0,0.0,0.0,0.0,0.0,0.0,0.0,0.0,0.0,0.0,0.0,3.0,0.0,0.0,4.0,0.0,0.0,66565.0,0.0,0.0,50.0,65803.0,29.0,0.0,0.0,0.0,0.0,0.0
2026-09-27T10:25:17.566470+08:00,inspection-100k,26761,5.1,366528,,,,200,4.4,,200,35.3,,200,10.7,,200,185.5,,200,3.8,,0.0,0.0,0.0,0.0,0.0,0.0,0.0,0.0,0.0,0.0,0.0,0.0,0.0,3.0,0.0,0.0,4.0,0.0,0.0,66565.0,0.0,0.0,50.0,65803.0,29.0,0.0,0.0,0.0,0.0,0.0
2026-09-27T10:25:22.576355+08:00,inspection-100k,26761,31.7,374480,4321,3683,450,200,2.5,,200,18.6,,200,16.9,,200,166.2,,200,20.4,,0.0,0.0,0.0,0.0,0.0,0.0,0.0,0.0,0.0,0.0,0.0,0.0,0.0,3.0,0.0,0.0,4.0,0.0,0.0,66565.0,0.0,0.0,50.0,65803.0,29.0,0.0,0.0,0.0,0.0,0.0
2026-09-27T10:25:27.577735+08:00,pdf-warm-100k,26761,97.9,438320,,,,200,14.9,,200,42.4,,200,36.3,,200,203.6,,200,22.3,,0.0,0.0,0.0,0.0,0.0,0.0,0.0,0.0,0.0,0.0,0.0,0.0,0.0,3.0,0.0,0.0,4.0,0.0,0.0,66565.0,0.0,0.0,50.0,65803.0,29.0,0.0,0.0,0.0,0.0,0.0
2026-09-27T10:25:32.581114+08:00,pdf-warm-100k,26761,65.0,529328,,,,200,5.5,,200,14.2,,200,10.0,,200,158.1,,200,8.9,,0.0,0.0,0.0,0.0,0.0,0.0,0.0,0.0,0.0,0.0,0.0,0.0,0.0,3.0,0.0,0.0,4.0,0.0,0.0,66565.0,0.0,0.0,50.0,65803.0,29.0,0.0,0.0,0.0,0.0,0.0
2026-09-27T10:25:37.590288+08:00,pdf-warm-100k,26761,90.7,517584,4281,3723,450,200,5.1,,200,15.7,,200,9.6,,200,144.3,,200,10.3,,0.0,0.0,0.0,0.0,0.0,0.0,0.0,0.0,0.0,0.0,0.0,0.0,0.0,3.0,0.0,0.0,4.0,0.0,0.0,66565.0,0.0,0.0,50.0,65803.0,29.0,0.0,0.0,0.0,0.0,0.0
2026-09-27T10:25:42.599911+08:00,pdf-warm-100k,26761,7.6,572512,,,,200,8.7,,200,35.4,,200,31.8,,200,168.0,,200,30.3,,0.0,0.0,0.0,0.0,0.0,0.0,0.0,0.0,0.0,0.0,0.0,0.0,0.0,3.0,0.0,0.0,4.0,0.0,0.0,66565.0,0.0,0.0,50.0,65803.0,29.0,0.0,0.0,0.0,0.0,0.0
2026-09-27T10:25:47.609661+08:00,pdf-warm-100k,26761,239.3,848912,,,,200,8.1,,200,25.3,,200,14.2,,200,149.5,,200,12.3,,0.0,0.0,0.0,0.0,0.0,0.0,0.0,0.0,0.0,0.0,0.0,0.0,0.0,3.0,0.0,0.0,4.0,0.0,0.0,66565.0,0.0,0.0,50.0,65803.0,29.0,0.0,0.0,0.0,0.0,0.0
2026-09-27T10:25:52.612625+08:00,pdf-warm-100k,26761,296.9,868656,4299,3705,450,200,2.7,,200,29.7,,200,10.4,,200,184.1,,200,23.9,,0.0,0.0,0.0,0.0,0.0,0.0,0.0,0.0,0.0,0.0,0.0,0.0,0.0,3.0,0.0,0.0,4.0,0.0,0.0,66565.0,0.0,0.0,50.0,65803.0,29.0,0.0,0.0,0.0,0.0,0.0
2026-09-27T10:25:57.615007+08:00,pdf-warm-100k,26761,351.2,942736,,,,200,7.1,,200,19.5,,200,7.5,,200,181.4,,200,14.9,,0.0,0.0,0.0,0.0,0.0,0.0,0.0,0.0,0.0,0.0,0.0,0.0,0.0,3.0,0.0,0.0,4.0,0.0,0.0,66565.0,0.0,0.0,50.0,65803.0,29.0,0.0,0.0,0.0,0.0,0.0
2026-09-27T10:26:02.629841+08:00,pdf-warm-100k,26761,14.1,808624,,,,200,6.0,,200,132.7,,200,26.2,,200,215.6,,200,26.6,,0.0,0.0,0.0,0.0,0.0,0.0,0.0,0.0,0.0,0.0,0.0,0.0,0.0,3.0,0.0,0.0,4.0,0.0,0.0,66565.0,0.0,0.0,50.0,65803.0,29.0,0.0,0.0,0.0,0.0,0.0
2026-09-27T10:26:07.639501+08:00,pdf-warm-100k,26761,545.5,1491232,4578,3425,452,200,20.9,,200,361.5,,200,162.4,,200,441.2,,200,139.2,,0.0,0.0,0.0,0.0,0.0,0.0,0.0,0.0,0.0,0.0,0.0,0.0,0.0,3.0,0.0,0.0,4.0,0.0,0.0,66565.0,0.0,0.0,50.0,65803.0,29.0,0.0,0.0,0.0,0.0,0.0
2026-09-27T10:26:12.645838+08:00,pdf-warm-100k,26761,665.3,1924800,,,,200,60.4,,200,415.5,,200,180.1,,200,332.2,,200,351.0,,0.0,0.0,0.0,0.0,0.0,0.0,0.0,0.0,0.0,0.0,0.0,0.0,0.0,3.0,0.0,0.0,4.0,0.0,0.0,66565.0,0.0,0.0,50.0,65803.0,29.0,0.0,0.0,0.0,0.0,0.0
2026-09-27T10:26:17.655537+08:00,pdf-warm-100k,26761,637.8,1719280,,,,200,17.1,,200,302.3,,200,257.6,,200,279.4,,200,259.5,,0.0,0.0,0.0,0.0,0.0,0.0,0.0,0.0,0.0,0.0,0.0,0.0,0.0,3.0,0.0,0.0,4.0,0.0,0.0,66565.0,0.0,0.0,50.0,65803.0,29.0,0.0,0.0,0.0,0.0,0.0
2026-09-27T10:26:22.666004+08:00,pdf-warm-100k,26761,5.5,979040,6024,1980,612,200,9.7,,,3006.6,HTTP Error 503: Service Unavailable,,4009.5,timed out,,4010.5,timed out,,4010.7,timed out,0.0,0.0,0.0,0.0,0.0,0.0,0.0,0.0,0.0,0.0,0.0,0.0,0.0,3.0,0.0,0.0,4.0,0.0,0.0,66565.0,0.0,0.0,50.0,65803.0,29.0,0.0,0.0,0.0,0.0,0.0
2026-09-27T10:26:29.173694+08:00,pdf-warm-100k,26761,64.5,266288,,,,200,15.0,,,3010.8,HTTP Error 503: Service Unavailable,200,3205.8,,,4002.3,timed out,200,2963.9,,0.0,0.0,0.0,0.0,0.0,0.0,0.0,0.0,0.0,0.0,0.0,0.0,0.0,3.0,0.0,0.0,4.0,0.0,0.0,66565.0,0.0,0.0,50.0,65803.0,29.0,0.0,0.0,0.0,0.0,0.0
2026-09-27T10:26:34.182789+08:00,pdf-warm-100k,26761,123.2,607008,,,,200,5.2,,200,1464.2,,200,668.2,,,4005.8,timed out,200,397.0,,0.0,0.0,0.0,0.0,0.0,0.0,0.0,0.0,0.0,0.0,0.0,0.0,0.0,3.0,0.0,0.0,4.0,0.0,0.0,66565.0,0.0,0.0,50.0,65803.0,29.0,0.0,0.0,0.0,0.0,0.0
2026-09-27T10:26:39.192055+08:00,pdf-warm-100k,26761,215.7,936576,6601,1403,3150,200,22.0,,200,495.6,,200,1300.4,,,4019.8,timed out,200,640.7,,0.0,0.0,0.0,0.0,0.0,0.0,0.0,0.0,0.0,0.0,0.0,0.0,0.0,3.0,0.0,0.0,4.0,0.0,0.0,66565.0,0.0,0.0,50.0,65803.0,29.0,0.0,0.0,0.0,0.0,0.0
2026-09-27T10:26:44.507819+08:00,pdf-warm-100k,26761,288.7,1134496,,,,200,13.4,,200,268.1,,200,173.1,,,4004.3,timed out,200,56.8,,0.0,0.0,0.0,0.0,0.0,0.0,0.0,0.0,0.0,0.0,0.0,0.0,0.0,3.0,0.0,0.0,4.0,0.0,0.0,66565.0,0.0,0.0,50.0,65803.0,29.0,0.0,0.0,0.0,0.0,0.0
2026-09-27T10:26:49.521462+08:00,pdf-warm-100k,26761,268.5,1179328,,,,200,13.7,,200,1931.3,,200,52.2,,,4011.5,timed out,200,249.2,,0.0,0.0,0.0,0.0,0.0,0.0,0.0,0.0,0.0,0.0,0.0,0.0,0.0,3.0,0.0,0.0,4.0,0.0,0.0,66565.0,0.0,0.0,50.0,65803.0,29.0,0.0,0.0,0.0,0.0,0.0
2026-09-27T10:26:54.523439+08:00,pdf-warm-100k,26761,263.4,1053968,3163,4841,2407,200,20.3,,200,668.1,,200,229.5,,200,845.2,,200,293.6,,0.0,0.0,0.0,0.0,0.0,0.0,0.0,0.0,0.0,0.0,0.0,0.0,0.0,3.0,0.0,0.0,4.0,0.0,0.0,66565.0,0.0,0.0,50.0,65803.0,29.0,0.0,0.0,0.0,0.0,0.0
2026-09-27T10:26:59.534359+08:00,pdf-warm-100k,26761,8.9,1871008,,,,200,9.6,,200,47.8,,200,32.2,,200,183.2,,200,26.3,,0.0,0.0,0.0,0.0,0.0,0.0,0.0,0.0,0.0,0.0,0.0,0.0,0.0,3.0,0.0,0.0,4.0,0.0,0.0,66565.0,0.0,0.0,50.0,65803.0,29.0,0.0,0.0,0.0,0.0,0.0
2026-09-27T10:27:04.546780+08:00,pdf-warm-100k,26761,6.5,1871856,,,,200,9.3,,200,18.4,,200,14.4,,200,131.3,,200,7.7,,0.0,0.0,0.0,0.0,0.0,0.0,0.0,0.0,0.0,0.0,0.0,0.0,0.0,3.0,0.0,0.0,4.0,0.0,0.0,66565.0,0.0,0.0,50.0,65803.0,29.0,0.0,0.0,0.0,0.0,0.0
2026-09-27T10:27:09.553547+08:00,pdf-warm-100k,26761,4.7,1872976,2912,5092,2291,200,3.1,,200,30.8,,200,17.0,,200,163.2,,200,23.3,,0.0,0.0,0.0,0.0,0.0,0.0,0.0,0.0,0.0,0.0,0.0,0.0,0.0,3.0,0.0,0.0,4.0,0.0,0.0,66565.0,0.0,0.0,50.0,65803.0,29.0,0.0,0.0,0.0,0.0,0.0
2026-09-27T10:27:14.563245+08:00,pdf-warm-100k,26761,4.1,1876464,,,,200,3.4,,200,11.2,,200,9.3,,200,122.1,,200,6.3,,0.0,0.0,0.0,0.0,0.0,0.0,0.0,0.0,0.0,0.0,0.0,0.0,0.0,3.0,0.0,0.0,4.0,0.0,0.0,66565.0,0.0,0.0,50.0,65803.0,29.0,0.0,0.0,0.0,0.0,0.0
2026-09-27T10:27:19.574020+08:00,pdf-overload-recovery,26761,4.5,1637776,,,,200,5.7,,200,33.2,,200,28.1,,200,165.8,,200,26.9,,0.0,0.0,0.0,0.0,0.0,0.0,0.0,0.0,0.0,0.0,0.0,0.0,0.0,3.0,0.0,0.0,4.0,0.0,0.0,66565.0,0.0,0.0,50.0,65803.0,29.0,0.0,0.0,0.0,0.0,0.0
2026-09-27T10:27:24.585813+08:00,pdf-overload-recovery,26761,8.5,1528576,3114,4890,2066,200,4.7,,200,36.5,,200,34.4,,200,160.2,,200,33.6,,0.0,0.0,0.0,0.0,0.0,0.0,0.0,0.0,0.0,0.0,0.0,0.0,0.0,3.0,0.0,0.0,4.0,0.0,0.0,66565.0,0.0,0.0,50.0,65803.0,29.0,0.0,0.0,0.0,0.0,0.0
2026-09-27T10:27:29.587143+08:00,pdf-overload-recovery,26761,6.2,1434464,,,,200,10.5,,200,21.7,,200,21.7,,200,145.0,,200,18.8,,0.0,0.0,0.0,0.0,0.0,0.0,0.0,0.0,0.0,0.0,0.0,0.0,0.0,3.0,0.0,0.0,4.0,0.0,0.0,66565.0,0.0,0.0,50.0,65803.0,29.0,0.0,0.0,0.0,0.0,0.0
2026-09-27T10:27:34.594929+08:00,fault-alarm-ramp,26761,37.0,1053120,,,,200,3.2,,200,59.2,,200,21.8,,200,243.7,,200,10.8,,0.0,0.0,0.0,34.0,0.0,0.0,0.0,0.0,0.0,0.0,0.0,0.0,0.0,3.0,0.0,25.67780675088404,4.0,0.0,0.0,66600.0,0.0,0.0,50.0,65839.0,29.0,0.0,0.0,0.0,0.0,0.0
2026-09-27T10:27:39.599157+08:00,fault-alarm-ramp,26761,46.0,195760,3583,4420,1897,200,8.7,,200,23.3,,200,15.5,,200,264.9,,200,12.7,,0.0,0.0,0.0,159.0,0.0,96.0,88.0,4.0,2.0,0.0,2.0,0.0,0.0,3.0,0.0,24.97948996527676,4.0,0.0,0.0,66726.0,3.0,0.0,50.0,65964.0,29.0,0.0,0.0,0.0,0.0,0.0
2026-09-27T10:27:44.604103+08:00,fault-alarm-ramp,26761,30.7,204112,,,,200,3.8,,200,15.6,,200,8.9,,200,205.4,,200,9.9,,0.0,0.0,1.0,283.0,0.0,96.0,88.0,4.0,2.0,0.0,2.0,0.0,1.0,3.0,0.0,24.975346001785084,4.0,0.0,0.0,66851.0,3.0,0.0,50.0,66089.0,29.0,0.0,0.0,0.0,0.0,0.0
2026-09-27T10:27:49.611227+08:00,fault-alarm-ramp,26761,40.0,211008,,,,200,2.5,,200,15.5,,200,17.3,,200,185.4,,200,10.0,,0.0,0.0,2.0,409.0,0.0,96.0,88.0,4.0,2.0,0.0,2.0,0.0,1.0,3.0,0.0,26.001997834251345,4.0,0.0,0.0,66976.0,3.0,0.0,50.0,66214.0,29.0,0.0,0.0,0.0,0.0,0.0
2026-09-27T10:27:54.616921+08:00,fault-alarm-ramp,26761,27.3,211584,3820,4184,1824,200,6.9,,200,23.9,,200,21.6,,200,273.3,,200,25.7,,0.0,0.0,2.0,534.0,0.0,466.0,461.0,1.0,1.0,0.0,3.0,0.0,2.0,3.0,0.0,24.949117731415253,4.0,0.0,0.0,67101.0,5.0,0.0,50.0,66339.0,29.0,0.0,0.0,0.0,0.0,0.0
2026-09-27T10:27:59.617720+08:00,fault-alarm-ramp,26761,6.6,195488,,,,200,3.9,,200,12.0,,200,15.5,,200,172.3,,200,16.7,,0.0,0.0,3.0,623.0,0.0,466.0,461.0,1.0,1.0,0.0,3.0,0.0,2.0,3.0,0.0,0.0,4.0,0.0,0.0,67189.0,5.0,0.0,50.0,66426.0,29.0,0.0,0.0,0.0,0.0,0.0
2026-09-27T10:28:04.632206+08:00,fault-alarm-ramp,26761,95.6,384720,,,,200,23.3,,200,58.8,,200,297.7,,200,534.7,,200,346.3,,0.0,0.0,4.0,881.0,0.0,466.0,461.0,1.0,1.0,0.0,3.0,0.0,5.0,3.0,0.0,75.89924143355078,4.0,0.0,0.0,67487.0,5.0,0.0,50.0,66732.0,29.0,0.0,0.0,0.0,0.0,0.0
2026-09-27T10:28:09.635902+08:00,fault-alarm-ramp,26761,57.4,505440,3928,4075,1669,200,6.6,,200,56.9,,200,183.8,,200,448.1,,200,226.1,,0.0,0.0,4.0,1331.0,0.0,1247.0,1063.0,6.0,22.0,0.0,156.0,0.0,17.0,3.0,0.0,100.33936636290976,4.0,0.0,0.0,68001.0,162.0,0.0,50.0,67233.0,29.0,0.0,0.0,0.0,0.0,0.0
2026-09-27T10:28:14.648202+08:00,fault-alarm-ramp,26761,62.3,480144,,,,200,4.4,,200,66.4,,200,115.8,,200,306.5,,200,748.4,,0.0,0.0,5.0,1693.0,0.0,1247.0,1063.0,6.0,22.0,0.0,156.0,0.0,21.0,3.0,0.0,98.31083260670128,4.0,0.0,0.0,68503.0,162.0,0.0,50.0,67726.0,29.0,0.0,0.0,0.0,0.0,0.0
2026-09-27T10:28:19.656451+08:00,fault-alarm-ramp,26761,48.5,241360,,,,200,9.9,,200,510.2,,200,130.9,,200,395.5,,200,126.1,,0.0,0.0,5.0,2102.0,0.0,1247.0,1063.0,6.0,22.0,0.0,156.0,0.0,23.0,3.0,0.0,126.51671592506085,4.0,0.0,0.0,69020.0,162.0,0.0,50.0,68229.0,29.0,0.0,0.0,0.0,0.0,0.0
2026-09-27T10:28:24.661387+08:00,fault-alarm-ramp,26761,55.2,256384,4048,3956,1614,200,15.0,,200,74.8,,200,101.6,,200,348.3,,200,99.0,,0.0,0.0,6.0,2508.0,0.0,2770.0,2271.0,5.0,18.0,0.0,476.0,0.0,18.0,3.0,0.0,99.10334122107615,4.0,0.0,0.0,69534.0,492.0,0.0,50.0,68725.0,29.0,0.0,0.0,0.0,0.0,0.0
2026-09-27T10:28:29.671068+08:00,fault-alarm-ramp,26761,51.0,249392,,,,200,8.8,,200,40.0,,200,27.3,,200,238.0,,200,32.7,,0.0,0.0,6.0,2987.0,0.0,2770.0,2271.0,5.0,18.0,0.0,476.0,0.0,28.0,3.0,0.0,0.0,4.0,0.0,0.0,69731.0,492.0,0.0,50.0,68909.0,29.0,0.0,0.0,0.0,0.0,0.0
2026-09-27T10:28:34.673751+08:00,fault-alarm-ramp,26761,60.0,266576,,,,200,3.9,,200,123.7,,200,227.9,,200,396.6,,200,228.9,,0.0,0.0,7.0,3362.0,0.0,2770.0,2271.0,5.0,18.0,0.0,476.0,0.0,27.0,3.0,0.0,247.2861995533393,4.0,0.0,0.0,70522.0,492.0,0.0,50.0,69759.0,29.0,0.0,0.0,0.0,0.0,0.0
2026-09-27T10:28:39.687646+08:00,fault-alarm-ramp,26761,64.5,278320,4040,3964,1587,200,1.5,,200,136.3,,200,268.9,,200,587.5,,200,268.0,,0.0,0.0,8.0,3655.0,0.0,4509.0,3518.0,0.0,73.0,0.0,918.0,0.0,17.0,3.0,0.0,189.54637129337192,4.0,0.0,0.0,71469.0,989.0,0.0,50.0,70709.0,29.0,0.0,0.0,0.0,0.0,0.0
2026-09-27T10:28:44.695688+08:00,fault-alarm-ramp,26761,80.3,268880,,,,200,4.2,,200,104.2,,200,215.3,,200,587.8,,200,214.3,,0.0,0.0,8.0,3947.0,0.0,4509.0,3518.0,0.0,73.0,0.0,918.0,0.0,24.0,3.0,0.0,195.28431314358775,4.0,0.0,0.0,72487.0,989.0,0.0,50.0,71687.0,29.0,0.0,0.0,0.0,0.0,0.0
2026-09-27T10:28:49.697965+08:00,fault-alarm-ramp,26761,66.4,261712,,,,200,4.8,,200,85.6,,200,159.8,,200,345.3,,200,166.7,,0.0,0.0,8.0,4287.0,0.0,4509.0,3518.0,0.0,73.0,0.0,918.0,0.0,23.0,3.0,0.0,182.29281638128822,4.0,0.0,0.0,73565.0,989.0,0.0,50.0,72753.0,29.0,0.0,0.0,0.0,0.0,0.0
2026-09-27T10:28:54.698804+08:00,fault-alarm-ramp,26761,65.0,263632,4250,3753,1539,200,15.5,,200,198.6,,200,401.4,,200,480.2,,200,403.3,,0.0,0.0,9.0,4528.0,0.0,7624.0,4396.0,6.0,66.0,0.0,3156.0,0.0,25.0,3.0,0.0,177.4761585918391,4.0,0.0,0.0,74423.0,3223.0,0.0,50.0,73641.0,29.0,0.0,0.0,0.0,0.0,0.0
2026-09-27T10:28:59.701771+08:00,fault-alarm-ramp,26761,59.8,238864,,,,200,3.8,,200,37.4,,200,25.9,,200,421.7,,200,57.5,,0.0,0.0,9.0,4936.0,0.0,7624.0,4396.0,6.0,66.0,0.0,3156.0,0.0,29.0,3.0,0.0,0.0,4.0,0.0,0.0,74768.0,3223.0,0.0,50.0,73883.0,29.0,0.0,0.0,0.0,0.0,0.0
2026-09-27T10:29:04.707404+08:00,fault-alarm-ramp,26761,54.9,243408,,,,200,7.5,,200,1039.1,,200,750.1,,200,946.0,,200,1129.8,,0.0,0.0,10.0,4985.0,0.0,7624.0,4396.0,6.0,66.0,0.0,3156.0,0.0,4.0,3.0,0.0,154.1735840382687,4.0,0.0,0.0,75570.0,3223.0,0.0,50.0,74992.0,29.0,0.0,0.0,0.0,0.0,0.0
2026-09-27T10:29:09.712618+08:00,fault-alarm-ramp,26761,92.4,316864,4425,3579,1508,200,6.8,,200,329.9,,200,831.8,,200,710.8,,200,860.1,,0.0,0.0,10.0,4996.0,0.0,9593.0,4980.0,0.0,666.0,0.0,3947.0,0.0,1.0,3.0,0.0,392.2710147786419,4.0,0.0,0.0,76593.0,4612.0,0.0,50.0,76954.0,29.0,0.0,0.0,0.0,0.0,0.0
2026-09-27T10:29:14.722456+08:00,fault-alarm-ramp,26761,84.3,294032,,,,200,2.5,,200,167.2,,200,459.0,,200,631.8,,200,472.0,,0.0,0.0,10.0,5000.0,0.0,9593.0,4980.0,0.0,666.0,0.0,3947.0,0.0,1.0,3.0,0.0,337.6385633197838,4.0,0.0,0.0,77561.0,4612.0,0.0,50.0,78645.0,29.0,0.0,0.0,0.0,0.0,0.0
2026-09-27T10:29:19.724588+08:00,fault-alarm-ramp,26761,48.6,309840,,,,200,4.2,,200,107.7,,200,200.6,,200,366.9,,200,215.7,,0.0,0.0,11.0,5000.0,0.0,9593.0,4980.0,0.0,666.0,0.0,3947.0,0.0,1.0,3.0,0.0,245.07696780457556,4.0,0.0,0.0,78385.0,4612.0,0.0,50.0,80173.0,29.0,0.0,0.0,0.0,0.0,0.0
2026-09-27T10:29:24.728709+08:00,fault-alarm-ramp,26761,109.2,339072,4314,3690,1485,200,9.8,,200,164.8,,200,366.8,,200,420.8,,200,370.8,,0.0,0.0,11.0,5000.0,0.0,14759.0,4989.0,2.0,3419.0,0.0,6349.0,0.0,1.0,3.0,0.0,511.9710350846793,4.0,0.0,0.0,79764.0,9733.0,0.0,50.0,82736.0,29.0,0.0,0.0,0.0,0.0,0.0
2026-09-27T10:29:29.739246+08:00,fault-alarm-ramp,26761,111.1,319408,,,,200,12.9,,200,34.0,,200,39.0,,200,359.3,,200,52.5,,0.0,0.0,12.0,5000.0,0.0,14759.0,4989.0,2.0,3419.0,0.0,6349.0,0.0,2.0,3.0,0.0,0.0,4.0,0.0,0.0,82851.0,9733.0,0.0,50.0,83847.0,29.0,0.0,0.0,0.0,0.0,0.0
2026-09-27T10:29:34.744841+08:00,fault-alarm-ramp,26761,78.9,309616,,,,200,2.7,,200,148.7,,200,449.9,,200,430.1,,200,460.1,,0.0,0.0,12.0,5000.0,0.0,14759.0,4989.0,2.0,3419.0,0.0,6349.0,0.0,0.0,3.0,0.0,273.67850286452546,4.0,0.0,0.0,84659.0,9733.0,0.0,50.0,85221.0,29.0,0.0,0.0,0.0,0.0,0.0
2026-09-27T10:29:39.750045+08:00,fault-alarm-ramp,26761,57.2,334096,4451,3553,1462,200,12.5,,200,271.0,,200,607.3,,200,690.9,,200,673.5,,0.0,0.0,13.0,5000.0,0.0,17698.0,4988.0,5.0,2252.0,0.0,10453.0,0.0,1.0,3.0,0.0,408.89266642413423,4.0,0.0,0.0,85620.0,12706.0,0.0,50.0,87268.0,29.0,0.0,0.0,0.0,0.0,0.0
2026-09-27T10:29:44.752724+08:00,fault-alarm-ramp,26761,67.3,353936,,,,200,13.9,,200,242.2,,200,556.7,,200,663.1,,200,647.9,,0.0,0.0,13.0,5000.0,0.0,17698.0,4988.0,5.0,2252.0,0.0,10453.0,0.0,2.0,3.0,0.0,376.74647884276067,4.0,0.0,0.0,86338.0,12706.0,0.0,50.0,89154.0,29.0,0.0,0.0,0.0,0.0,0.0
2026-09-27T10:29:49.755720+08:00,fault-alarm-ramp,26761,86.3,398512,,,,200,5.7,,200,153.5,,200,256.5,,200,441.8,,200,252.5,,0.0,0.0,14.0,5000.0,0.0,17698.0,4988.0,5.0,2252.0,0.0,10453.0,0.0,2.0,3.0,0.0,564.2379524850516,4.0,0.0,0.0,87302.0,12706.0,0.0,55.0,91258.0,32.0,0.0,0.0,0.0,0.0,0.0
2026-09-27T10:29:54.767071+08:00,fault-alarm-ramp,26761,81.3,400416,4167,3837,1458,200,9.6,,200,147.0,,200,441.9,,200,557.2,,200,434.3,,0.0,0.0,14.0,5000.0,0.0,23443.0,4986.0,0.0,5917.0,0.0,12540.0,0.0,3.0,3.0,0.0,457.36297214786543,4.0,0.0,0.0,88465.0,18407.0,0.0,57.0,93553.0,33.0,0.0,0.0,0.0,0.0,0.0
2026-09-27T10:29:59.773408+08:00,fault-alarm-ramp,26761,68.0,390688,,,,200,6.2,,200,290.1,,200,40.4,,200,350.7,,200,46.4,,0.0,0.0,15.0,5000.0,0.0,23443.0,4986.0,0.0,5917.0,0.0,12540.0,0.0,2.0,3.0,0.0,498.5950535623729,4.0,0.0,0.0,90103.0,18407.0,0.0,57.0,96048.0,33.0,0.0,0.0,0.0,0.0,0.0
2026-09-27T10:30:04.779318+08:00,fault-alarm-ramp,26761,80.5,363808,,,,200,13.7,,200,39.1,,200,292.6,,200,376.1,,200,89.4,,0.0,0.0,16.0,5000.0,0.0,23443.0,4986.0,0.0,5917.0,0.0,12540.0,0.0,4.0,3.0,0.0,0.0,4.0,0.0,0.0,93369.0,18407.0,0.0,57.0,96351.0,33.0,0.0,0.0,0.0,0.0,0.0
2026-09-27T10:30:09.788248+08:00,fault-alarm-drain,26761,91.7,316160,4212,3792,1434,200,1.9,,200,38.4,,200,37.9,,200,373.7,,200,55.9,,0.0,0.0,16.0,5000.0,0.0,25854.0,4984.0,7.0,2850.0,0.0,18013.0,0.0,3.0,3.0,0.0,0.0,4.0,0.0,0.0,97526.0,20863.0,0.0,57.0,96351.0,33.0,0.0,0.0,0.0,0.0,0.0
2026-09-27T10:30:14.798165+08:00,fault-alarm-drain,26761,90.4,260576,,,,200,4.1,,200,43.1,,200,36.7,,200,457.8,,200,69.7,,0.0,0.0,17.0,5000.0,0.0,25854.0,4984.0,7.0,2850.0,0.0,18013.0,0.0,4.0,3.0,0.0,0.0,4.0,0.0,0.0,97621.0,20863.0,0.0,57.0,96351.0,33.0,0.0,0.0,0.0,0.0,0.0
2026-09-27T10:30:19.807459+08:00,fault-alarm-drain,26761,126.5,259824,,,,200,2.1,,200,47.9,,200,35.6,,200,435.1,,200,37.5,,0.0,0.0,17.0,5000.0,0.0,25854.0,4984.0,7.0,2850.0,0.0,18013.0,0.0,5.0,3.0,0.0,0.0,4.0,0.0,0.0,97621.0,20863.0,0.0,57.0,96351.0,33.0,0.0,0.0,0.0,0.0,0.0
2026-09-27T10:30:24.810688+08:00,fault-alarm-drain,26761,75.0,292608,4167,3837,1405,200,9.8,,200,36.5,,200,29.6,,200,320.3,,200,38.3,,0.0,0.0,18.0,5000.0,0.0,21183.0,4983.0,8.0,0.0,0.0,16192.0,0.0,2.0,3.0,0.0,0.0,4.0,0.0,0.0,97621.0,16192.0,0.0,57.0,96351.0,33.0,0.0,0.0,0.0,0.0,0.0
2026-09-27T10:30:29.811864+08:00,fault-alarm-drain,26761,74.3,295456,,,,200,7.5,,200,54.1,,200,46.6,,200,365.4,,200,63.5,,0.0,0.0,19.0,5000.0,0.0,21183.0,4983.0,8.0,0.0,0.0,16192.0,0.0,3.0,3.0,0.0,0.0,4.0,0.0,0.0,97621.0,16192.0,0.0,57.0,96351.0,33.0,0.0,0.0,0.0,0.0,0.0
2026-09-27T10:30:34.813858+08:00,fault-alarm-drain,26761,89.8,232944,,,,200,11.7,,200,83.2,,200,46.8,,200,365.5,,200,44.6,,0.0,0.0,19.0,5000.0,0.0,21183.0,4983.0,8.0,0.0,0.0,16192.0,0.0,0.0,3.0,0.0,0.0,4.0,0.0,0.0,97621.0,16192.0,0.0,57.0,96351.0,33.0,0.0,0.0,0.0,0.0,0.0
2026-09-27T10:30:39.819333+08:00,fault-alarm-drain,26761,110.2,274976,4225,3779,1406,200,18.1,,200,26.4,,200,18.5,,200,368.6,,200,42.1,,0.0,0.0,19.0,5000.0,0.0,15808.0,4981.0,0.0,0.0,0.0,10827.0,0.0,1.0,3.0,0.0,0.0,4.0,0.0,0.0,97621.0,10827.0,0.0,57.0,96351.0,33.0,0.0,0.0,0.0,0.0,0.0
2026-09-27T10:30:44.827630+08:00,fault-alarm-drain,26761,81.2,271232,,,,200,2.3,,200,18.2,,200,16.0,,200,256.6,,200,31.4,,0.0,0.0,20.0,5000.0,0.0,15808.0,4981.0,0.0,0.0,0.0,10827.0,0.0,0.0,3.0,0.0,0.0,4.0,0.0,0.0,97621.0,10827.0,0.0,57.0,96351.0,33.0,0.0,0.0,0.0,0.0,0.0
2026-09-27T10:30:49.828678+08:00,fault-alarm-drain,26761,96.6,267088,,,,200,6.2,,200,61.2,,200,24.2,,200,255.3,,200,58.6,,0.0,0.0,21.0,5000.0,0.0,15808.0,4981.0,0.0,0.0,0.0,10827.0,0.0,0.0,3.0,0.0,0.0,4.0,0.0,0.0,97621.0,10827.0,0.0,57.0,96351.0,33.0,0.0,0.0,0.0,0.0,0.0
2026-09-27T10:30:54.836656+08:00,fault-alarm-drain,26761,85.3,277504,4207,3797,1393,200,17.3,,200,50.9,,200,17.6,,200,357.4,,200,42.9,,0.0,0.0,21.0,5000.0,0.0,9074.0,4979.0,0.0,0.0,0.0,4095.0,0.0,0.0,3.0,0.0,0.0,4.0,0.0,0.0,97621.0,4131.0,0.0,57.0,96351.0,33.0,0.0,0.0,0.0,0.0,0.0
2026-09-27T10:30:59.845245+08:00,fault-alarm-drain,26761,83.4,274208,,,,200,8.5,,200,48.3,,200,33.4,,200,299.5,,200,51.9,,0.0,0.0,22.0,5000.0,0.0,9074.0,4979.0,0.0,0.0,0.0,4095.0,0.0,0.0,3.0,0.0,0.0,4.0,0.0,0.0,97621.0,4131.0,0.0,57.0,96351.0,33.0,0.0,0.0,0.0,0.0,0.0
2026-09-27T10:31:04.853483+08:00,fault-alarm-drain,26761,95.3,275184,,,,200,3.5,,200,14.4,,200,12.5,,200,213.2,,200,20.7,,0.0,0.0,22.0,5000.0,0.0,9074.0,4979.0,0.0,0.0,0.0,4095.0,0.0,0.0,3.0,0.0,0.0,4.0,0.0,0.0,97621.0,4131.0,0.0,57.0,96351.0,33.0,0.0,0.0,0.0,0.0,0.0
2026-09-27T10:31:09.861676+08:00,fault-alarm-drain,26761,16.3,268800,4077,3927,1374,200,20.8,,200,27.5,,200,28.5,,200,234.4,,200,46.1,,0.0,0.0,23.0,5000.0,0.0,4984.0,4977.0,7.0,0.0,0.0,0.0,0.0,0.0,3.0,0.0,0.0,4.0,0.0,0.0,97621.0,0.0,0.0,57.0,96351.0,33.0,0.0,0.0,0.0,0.0,0.0
2026-09-27T10:31:14.864706+08:00,fault-alarm-drain,26761,28.2,214800,,,,200,8.2,,200,88.9,,200,64.8,,200,296.1,,200,89.5,,0.0,0.0,24.0,5000.0,0.0,4984.0,4977.0,7.0,0.0,0.0,0.0,0.0,0.0,3.0,0.0,0.0,4.0,0.0,0.0,97621.0,0.0,0.0,57.0,96351.0,33.0,0.0,0.0,0.0,0.0,0.0
2026-09-27T10:31:19.866686+08:00,fault-alarm-drain,26761,13.3,244544,,,,200,5.9,,200,49.3,,200,15.1,,200,228.4,,200,26.8,,0.0,0.0,24.0,5000.0,0.0,4984.0,4977.0,7.0,0.0,0.0,0.0,0.0,0.0,3.0,0.0,0.0,4.0,0.0,0.0,97621.0,0.0,0.0,57.0,96351.0,33.0,0.0,0.0,0.0,0.0,0.0
2026-09-27T10:31:24.874310+08:00,fault-alarm-drain,26761,13.0,248480,4120,3883,1365,200,10.8,,200,20.6,,200,12.5,,200,200.5,,200,22.6,,1.0,0.0,24.0,5000.0,0.0,4983.0,4976.0,7.0,0.0,0.0,0.0,0.0,0.0,3.0,0.0,0.0,4.0,0.0,0.0,97621.0,0.0,0.0,57.0,96351.0,33.0,0.0,0.0,0.0,0.0,0.0
2026-09-27T10:31:29.882505+08:00,fault-alarm-drain,26761,17.2,250416,,,,200,8.1,,200,17.6,,200,12.6,,200,160.3,,200,17.1,,1.0,0.0,24.0,5000.0,0.0,4983.0,4976.0,7.0,0.0,0.0,0.0,0.0,0.0,3.0,0.0,0.0,4.0,0.0,0.0,97621.0,0.0,0.0,57.0,96351.0,33.0,0.0,0.0,0.0,0.0,0.0
2026-09-27T10:31:34.883446+08:00,fault-alarm-drain,26761,12.9,253008,,,,200,7.4,,200,15.3,,200,12.3,,200,158.1,,200,22.6,,1.0,0.0,25.0,5000.0,0.0,4983.0,4976.0,7.0,0.0,0.0,0.0,0.0,0.0,3.0,0.0,0.0,4.0,0.0,0.0,97621.0,0.0,0.0,57.0,96351.0,33.0,0.0,0.0,0.0,0.0,0.0
2026-09-27T10:31:39.893959+08:00,fault-alarm-drain,26761,25.6,248112,4076,3927,1352,200,21.1,,200,25.7,,200,21.9,,200,196.5,,200,31.0,,1.0,0.0,25.0,5000.0,0.0,4980.0,4974.0,6.0,0.0,0.0,0.0,0.0,0.0,3.0,0.0,0.0,4.0,0.0,0.0,97621.0,0.0,0.0,57.0,96351.0,33.0,0.0,0.0,0.0,0.0,0.0
2026-09-27T10:31:44.901227+08:00,read-alarm-list,26761,38.1,249216,,,,200,3.7,,200,54.4,,200,11.4,,200,165.8,,200,12.1,,1.0,0.0,26.0,5000.0,0.0,4980.0,4974.0,6.0,0.0,0.0,0.0,0.0,0.0,3.0,0.0,0.0,4.0,0.0,0.0,97621.0,0.0,0.0,57.0,96351.0,33.0,0.0,0.0,0.0,0.0,0.0
2026-09-27T10:31:49.907912+08:00,read-alarm-list,26761,53.5,251328,,,,200,4.2,,200,15.1,,200,11.2,,200,143.5,,200,11.0,,1.0,0.0,27.0,5000.0,0.0,4980.0,4974.0,6.0,0.0,0.0,0.0,0.0,0.0,3.0,0.0,0.0,4.0,0.0,0.0,97621.0,0.0,0.0,57.0,96351.0,33.0,0.0,0.0,0.0,0.0,0.0
2026-09-27T10:31:54.916918+08:00,read-alarm-list,26761,50.6,258352,4078,3926,1343,200,3.5,,200,12.5,,200,12.1,,200,174.9,,200,19.9,,1.0,0.0,27.0,5000.0,0.0,4980.0,4972.0,8.0,0.0,0.0,0.0,0.0,0.0,3.0,0.0,0.0,4.0,0.0,0.0,97621.0,0.0,0.0,57.0,96351.0,33.0,0.0,0.0,0.0,0.0,0.0
2026-09-27T10:31:59.924860+08:00,read-alarm-list,26761,212.2,253696,,,,200,2.9,,200,48.2,,200,23.8,,200,315.8,,200,57.4,,1.0,0.0,28.0,5000.0,0.0,4980.0,4972.0,8.0,0.0,0.0,0.0,0.0,0.0,3.0,0.0,0.0,4.0,0.0,0.0,97621.0,0.0,0.0,57.0,96351.0,33.0,0.0,0.0,0.0,0.0,0.0
2026-09-27T10:32:04.933908+08:00,read-alarm-list,26761,212.3,252944,,,,200,6.0,,200,30.4,,200,23.9,,200,230.4,,200,41.2,,1.0,0.0,28.0,5000.0,0.0,4980.0,4972.0,8.0,0.0,0.0,0.0,0.0,0.0,3.0,0.0,0.0,4.0,0.0,0.0,97621.0,0.0,0.0,57.0,96351.0,33.0,0.0,0.0,0.0,0.0,0.0
2026-09-27T10:32:09.939896+08:00,read-alarm-list,26761,213.6,258304,4334,3670,1336,200,6.3,,200,34.1,,200,24.2,,200,682.2,,200,45.8,,1.0,0.0,29.0,5000.0,0.0,4970.0,4970.0,0.0,0.0,0.0,0.0,0.0,0.0,3.0,0.0,0.0,4.0,0.0,0.0,97621.0,0.0,0.0,57.0,96351.0,33.0,0.0,0.0,0.0,0.0,0.0
2026-09-27T10:32:14.947969+08:00,read-alarm-list,26761,11.3,190736,,,,200,6.3,,200,100.2,,200,170.8,,200,734.5,,200,241.9,,1.0,0.0,29.0,5000.0,0.0,4970.0,4970.0,0.0,0.0,0.0,0.0,0.0,0.0,3.0,0.0,0.0,4.0,0.0,0.0,97621.0,0.0,0.0,57.0,96351.0,33.0,0.0,0.0,0.0,0.0,0.0
2026-09-27T10:32:19.959437+08:00,read-alarm-list,26761,172.3,260432,,,,200,11.1,,200,137.5,,200,89.9,,200,1619.4,,200,126.9,,1.0,0.0,30.0,5000.0,0.0,4970.0,4970.0,0.0,0.0,0.0,0.0,0.0,0.0,3.0,0.0,0.0,4.0,0.0,0.0,97621.0,0.0,0.0,57.0,96351.0,33.0,0.0,0.0,0.0,0.0,0.0
2026-09-27T10:32:24.970878+08:00,read-alarm-list,26761,141.1,267440,4050,3954,1334,200,10.3,,200,203.2,,200,141.3,,200,1146.5,,200,66.4,,1.0,0.0,30.0,5000.0,0.0,4970.0,4969.0,1.0,0.0,0.0,0.0,0.0,0.0,3.0,0.0,0.0,4.0,0.0,0.0,97621.0,0.0,0.0,57.0,96351.0,33.0,0.0,0.0,0.0,0.0,0.0
2026-09-27T10:32:29.976946+08:00,read-alarm-list,26761,12.8,255792,,,,200,8.8,,200,25.9,,200,24.9,,200,235.9,,200,31.2,,1.0,0.0,31.0,5000.0,0.0,4970.0,4969.0,1.0,0.0,0.0,0.0,0.0,0.0,3.0,0.0,0.0,4.0,0.0,0.0,97621.0,0.0,0.0,57.0,96351.0,33.0,0.0,0.0,0.0,0.0,0.0
2026-09-27T10:32:34.981754+08:00,read-alarm-list,26761,157.3,311072,,,,200,7.6,,200,297.0,,200,446.9,,200,1051.4,,200,423.1,,1.0,0.0,32.0,5000.0,0.0,4970.0,4969.0,1.0,0.0,0.0,0.0,0.0,0.0,3.0,0.0,0.0,4.0,0.0,0.0,97621.0,0.0,0.0,57.0,96351.0,33.0,0.0,0.0,0.0,0.0,0.0
2026-09-27T10:32:39.987988+08:00,read-alarm-list,26761,203.8,314160,4139,3865,1313,200,14.2,,200,407.4,,200,357.9,,200,685.8,,200,367.3,,1.0,0.0,32.0,5000.0,0.0,4967.0,4967.0,0.0,0.0,0.0,0.0,0.0,0.0,3.0,0.0,0.0,4.0,0.0,0.0,97621.0,0.0,0.0,57.0,96351.0,33.0,0.0,0.0,0.0,0.0,0.0
2026-09-27T10:32:44.992687+08:00,read-alarm-list,26761,10.9,294336,,,,200,3.6,,200,94.0,,200,88.3,,200,339.5,,200,91.7,,1.0,0.0,33.0,5000.0,0.0,4967.0,4967.0,0.0,0.0,0.0,0.0,0.0,0.0,3.0,0.0,0.0,4.0,0.0,0.0,97621.0,0.0,0.0,57.0,96351.0,33.0,0.0,0.0,0.0,0.0,0.0
2026-09-27T10:32:49.996233+08:00,read-alarm-list,26761,203.3,444512,,,,200,4.5,,200,973.8,,200,1516.6,,200,1459.9,,200,1490.6,,1.0,0.0,33.0,5000.0,0.0,4967.0,4967.0,0.0,0.0,0.0,0.0,0.0,0.0,3.0,0.0,0.0,4.0,0.0,0.0,97621.0,0.0,0.0,57.0,96351.0,33.0,0.0,0.0,0.0,0.0,0.0
2026-09-27T10:32:55.001376+08:00,read-alarm-list,26761,148.1,475600,4138,3866,1310,200,11.7,,200,527.3,,200,1898.7,,200,1450.5,,200,1877.4,,1.0,0.0,34.0,5000.0,0.0,4967.0,4966.0,1.0,0.0,0.0,0.0,0.0,0.0,3.0,0.0,0.0,4.0,0.0,0.0,97621.0,0.0,0.0,57.0,96351.0,33.0,0.0,0.0,0.0,0.0,0.0
2026-09-27T10:33:00.012707+08:00,read-alarm-list,26761,15.6,418496,,,,200,3.8,,200,48.0,,200,27.6,,200,231.2,,200,48.7,,1.0,0.0,34.0,5000.0,0.0,4967.0,4966.0,1.0,0.0,0.0,0.0,0.0,0.0,3.0,0.0,0.0,4.0,0.0,0.0,97621.0,0.0,0.0,57.0,96351.0,33.0,0.0,0.0,0.0,0.0,0.0
2026-09-27T10:33:05.015522+08:00,read-events,26761,60.2,376000,,,,200,10.8,,200,80.8,,200,25.3,,200,321.6,,200,42.6,,1.0,0.0,35.0,5000.0,0.0,4967.0,4966.0,1.0,0.0,0.0,0.0,0.0,0.0,3.0,0.0,0.0,4.0,0.0,0.0,97621.0,0.0,0.0,57.0,96351.0,33.0,0.0,0.0,0.0,0.0,0.0
2026-09-27T10:33:10.020187+08:00,read-events,26761,118.1,428960,4195,3808,1302,200,20.2,,200,35.6,,200,27.0,,200,244.6,,200,29.2,,1.0,0.0,35.0,5000.0,0.0,4970.0,4964.0,6.0,0.0,0.0,0.0,0.0,0.0,3.0,0.0,0.0,4.0,0.0,0.0,97621.0,0.0,0.0,57.0,96351.0,33.0,0.0,0.0,0.0,0.0,0.0
2026-09-27T10:33:15.029895+08:00,read-events,26761,13.4,438720,,,,200,8.2,,200,15.6,,200,15.6,,200,188.8,,200,13.5,,1.0,0.0,35.0,5000.0,0.0,4970.0,4964.0,6.0,0.0,0.0,0.0,0.0,0.0,3.0,0.0,0.0,4.0,0.0,0.0,97621.0,0.0,0.0,57.0,96351.0,33.0,0.0,0.0,0.0,0.0,0.0
2026-09-27T10:33:20.038955+08:00,read-events,26761,591.1,1028608,,,,200,12.0,,200,193.9,,200,97.3,,200,269.3,,200,160.0,,1.0,0.0,36.0,5000.0,0.0,4970.0,4964.0,6.0,0.0,0.0,0.0,0.0,0.0,3.0,0.0,0.0,4.0,0.0,0.0,97621.0,0.0,0.0,57.0,96351.0,33.0,0.0,0.0,0.0,0.0,0.0
2026-09-27T10:33:25.044574+08:00,read-events,26761,398.0,981648,4164,3840,1291,200,87.8,,200,354.1,,200,200.6,,200,503.3,,200,289.6,,1.0,0.0,37.0,5000.0,0.0,4971.0,4963.0,8.0,0.0,0.0,0.0,0.0,0.0,3.0,0.0,0.0,4.0,0.0,0.0,97621.0,0.0,0.0,57.0,96351.0,33.0,0.0,0.0,0.0,0.0,0.0
2026-09-27T10:33:30.045076+08:00,read-events,26761,21.8,1046560,,,,200,5.0,,200,16.3,,200,12.6,,200,160.0,,200,17.6,,1.0,0.0,37.0,5000.0,0.0,4971.0,4963.0,8.0,0.0,0.0,0.0,0.0,0.0,3.0,0.0,0.0,4.0,0.0,0.0,97621.0,0.0,0.0,57.0,96351.0,33.0,0.0,0.0,0.0,0.0,0.0
2026-09-27T10:33:35.051343+08:00,read-events,26761,614.7,2161248,,,,200,165.4,,200,932.5,,200,508.2,,200,680.1,,200,520.5,,1.0,0.0,37.0,5000.0,0.0,4971.0,4963.0,8.0,0.0,0.0,0.0,0.0,0.0,3.0,0.0,0.0,4.0,0.0,0.0,97621.0,0.0,0.0,57.0,96351.0,33.0,0.0,0.0,0.0,0.0,0.0
2026-09-27T10:33:40.059751+08:00,read-events,26761,430.3,2148880,4162,3842,1290,200,223.4,,200,1611.6,,200,630.4,,200,1053.9,,200,963.8,,1.0,0.0,38.0,5000.0,0.0,4961.0,4961.0,0.0,0.0,0.0,0.0,0.0,0.0,3.0,0.0,0.0,4.0,0.0,0.0,97621.0,0.0,0.0,57.0,96351.0,33.0,0.0,0.0,0.0,0.0,0.0
2026-09-27T10:33:45.064935+08:00,read-events,26761,97.9,2234672,,,,200,15.0,,200,57.0,,200,24.0,,200,285.9,,200,30.8,,1.0,0.0,38.0,5000.0,0.0,4961.0,4961.0,0.0,0.0,0.0,0.0,0.0,0.0,3.0,0.0,0.0,4.0,0.0,0.0,97621.0,0.0,0.0,57.0,96351.0,33.0,0.0,0.0,0.0,0.0,0.0
2026-09-27T10:33:50.069170+08:00,read-events,26761,475.6,2260960,,,,200,242.8,,200,2815.2,,200,1184.5,,200,810.1,,200,1246.9,,1.0,0.0,38.0,5000.0,0.0,4961.0,4961.0,0.0,0.0,0.0,0.0,0.0,0.0,3.0,0.0,0.0,4.0,0.0,0.0,97621.0,0.0,0.0,57.0,96351.0,33.0,0.0,0.0,0.0,0.0,0.0
2026-09-27T10:33:55.076961+08:00,read-events,26761,371.4,2038176,4110,3894,1289,200,708.6,,200,3836.5,,200,1923.2,,200,3739.7,,200,2395.3,,1.0,0.0,39.0,5000.0,0.0,4961.0,4961.0,0.0,0.0,0.0,0.0,0.0,0.0,3.0,0.0,0.0,4.0,0.0,0.0,97621.0,0.0,0.0,57.0,96351.0,33.0,0.0,0.0,0.0,0.0,0.0
2026-09-27T10:34:00.086441+08:00,read-events,26761,152.9,1507248,,,,200,1193.0,,,4007.5,timed out,200,1670.1,,200,3241.5,,,4006.0,timed out,1.0,0.0,39.0,5000.0,0.0,4960.0,4960.0,0.0,0.0,0.0,0.0,0.0,0.0,3.0,0.0,0.0,4.0,0.0,0.0,97621.0,0.0,0.0,57.0,96351.0,33.0,0.0,0.0,0.0,0.0,0.0
2026-09-27T10:34:05.096427+08:00,read-events,26761,286.5,1559696,,,,200,1484.8,,,4005.3,timed out,,4004.3,timed out,200,3393.8,,200,3815.8,,1.0,0.0,39.0,5000.0,0.0,4960.0,4960.0,0.0,0.0,0.0,0.0,0.0,0.0,3.0,0.0,0.0,4.0,0.0,0.0,97621.0,0.0,0.0,57.0,96351.0,33.0,0.0,0.0,0.0,0.0,0.0
2026-09-27T10:34:10.104670+08:00,read-dashboard,26761,228.2,1487440,4133,3871,1280,200,949.7,,,4004.4,timed out,,4013.1,timed out,200,3461.8,,,4024.8,timed out,1.0,0.0,39.0,5000.0,0.0,4960.0,4960.0,0.0,0.0,0.0,0.0,0.0,0.0,3.0,0.0,0.0,4.0,0.0,0.0,97621.0,0.0,0.0,57.0,96351.0,33.0,0.0,0.0,0.0,0.0,0.0
2026-09-27T10:34:15.149525+08:00,read-dashboard,26761,149.6,1265056,,,,200,987.0,,,4044.1,timed out,200,2234.1,,,4027.5,timed out,200,2246.2,,1.0,0.0,39.0,5000.0,0.0,4960.0,4960.0,0.0,0.0,0.0,0.0,0.0,0.0,3.0,0.0,0.0,4.0,0.0,0.0,97621.0,0.0,0.0,57.0,96351.0,33.0,0.0,0.0,0.0,0.0,0.0
2026-09-27T10:34:20.153849+08:00,read-dashboard,26761,145.5,1617056,,,,200,77.7,,,3898.0,HTTP Error 503: Service Unavailable,200,665.7,,,4004.1,timed out,200,727.1,,1.0,0.0,39.0,5000.0,0.0,4962.0,4960.0,2.0,0.0,0.0,0.0,0.0,0.0,3.0,0.0,0.0,4.0,0.0,0.0,97621.0,0.0,0.0,57.0,96351.0,33.0,0.0,0.0,0.0,0.0,0.0
2026-09-27T10:34:25.153672+08:00,read-dashboard,26761,80.5,1793600,4201,3803,1276,200,32.3,,,4004.5,timed out,200,1885.9,,,4012.7,timed out,200,3605.5,,1.0,0.0,39.0,5000.0,0.0,4962.0,4960.0,2.0,0.0,0.0,0.0,0.0,0.0,3.0,0.0,0.0,4.0,0.0,0.0,97621.0,0.0,0.0,57.0,96351.0,33.0,0.0,0.0,0.0,0.0,0.0
2026-09-27T10:34:33.209817+08:00,read-dashboard,26761,78.9,1522752,,,,200,87.3,,200,3072.1,,200,2858.7,,,4008.6,timed out,,4001.6,timed out,1.0,0.0,39.0,5000.0,0.0,4962.0,4960.0,2.0,0.0,0.0,0.0,0.0,0.0,3.0,0.0,0.0,4.0,0.0,0.0,97621.0,0.0,0.0,57.0,96351.0,33.0,0.0,0.0,0.0,0.0,0.0
2026-09-27T10:34:38.207188+08:00,read-dashboard,26761,50.9,1195328,,,,200,4.0,,200,36.5,,200,15.8,,200,642.0,,200,107.1,,1.0,0.0,39.0,5000.0,0.0,4980.0,4960.0,20.0,0.0,0.0,0.0,0.0,0.0,3.0,0.0,0.0,4.0,0.0,0.0,97621.0,0.0,0.0,57.0,96351.0,33.0,0.0,0.0,0.0,0.0,0.0
2026-09-27T10:34:43.217522+08:00,read-dashboard,26761,35.1,789232,4401,3603,1265,200,14.7,,200,77.1,,200,47.7,,200,887.0,,200,120.3,,1.0,0.0,40.0,5000.0,0.0,4980.0,4960.0,20.0,0.0,0.0,0.0,0.0,0.0,3.0,0.0,0.0,4.0,0.0,0.0,97621.0,0.0,0.0,57.0,96351.0,33.0,0.0,0.0,0.0,0.0,0.0
2026-09-27T10:34:48.226506+08:00,read-dashboard,26761,31.9,352048,,,,200,8.4,,200,1022.1,,200,1617.3,,200,2751.1,,200,1675.7,,1.0,0.0,40.0,5000.0,0.0,4980.0,4960.0,20.0,0.0,0.0,0.0,0.0,0.0,3.0,0.0,0.0,4.0,0.0,0.0,97621.0,0.0,0.0,57.0,96351.0,33.0,0.0,0.0,0.0,0.0,0.0
2026-09-27T10:34:53.231167+08:00,read-dashboard,26761,68.4,225488,,,,200,8.3,,200,124.9,,200,350.6,,200,463.4,,200,462.3,,1.0,0.0,40.0,5000.0,0.0,4965.0,4959.0,6.0,0.0,0.0,0.0,0.0,0.0,3.0,0.0,0.0,4.0,0.0,0.0,97621.0,0.0,0.0,57.0,96351.0,33.0,0.0,0.0,0.0,0.0,0.0
2026-09-27T10:34:58.236758+08:00,read-dashboard,26761,37.9,152256,4719,3285,1260,200,17.8,,200,238.9,,200,471.4,,200,700.5,,200,492.8,,1.0,0.0,41.0,5000.0,0.0,4965.0,4959.0,6.0,0.0,0.0,0.0,0.0,0.0,3.0,0.0,0.0,4.0,0.0,0.0,97621.0,0.0,0.0,57.0,96351.0,33.0,0.0,0.0,0.0,0.0,0.0
2026-09-27T10:35:03.247713+08:00,read-dashboard,26761,19.8,210240,,,,200,8.8,,200,36.9,,200,17.5,,200,175.9,,200,25.7,,1.0,0.0,41.0,5000.0,0.0,4965.0,4959.0,6.0,0.0,0.0,0.0,0.0,0.0,3.0,0.0,0.0,4.0,0.0,0.0,97621.0,0.0,0.0,57.0,96351.0,33.0,0.0,0.0,0.0,0.0,0.0
2026-09-27T10:35:08.257139+08:00,read-dashboard,26761,8.3,84720,,,,200,12.3,,,3010.4,HTTP Error 503: Service Unavailable,,4007.2,timed out,,4004.6,timed out,,4004.2,timed out,1.0,0.0,41.0,5000.0,0.0,4958.0,4958.0,0.0,0.0,0.0,0.0,0.0,0.0,3.0,0.0,0.0,4.0,0.0,0.0,97621.0,0.0,0.0,57.0,96351.0,33.0,0.0,0.0,0.0,0.0,0.0
2026-09-27T10:35:13.262365+08:00,read-dashboard,26761,9.1,80128,4592,3412,1260,200,3.5,,,3007.3,HTTP Error 503: Service Unavailable,,4004.4,timed out,,4018.6,timed out,,4020.1,timed out,1.0,0.0,42.0,5000.0,0.0,4958.0,4958.0,0.0,0.0,0.0,0.0,0.0,0.0,3.0,0.0,0.0,4.0,0.0,0.0,97621.0,0.0,0.0,57.0,96351.0,33.0,0.0,0.0,0.0,0.0,0.0
2026-09-27T10:35:18.267176+08:00,read-dashboard,26761,4.6,82848,,,,200,3.0,,,3005.7,HTTP Error 503: Service Unavailable,,4007.7,timed out,,4003.1,timed out,,4002.5,timed out,1.0,0.0,42.0,5000.0,0.0,4958.0,4958.0,0.0,0.0,0.0,0.0,0.0,0.0,3.0,0.0,0.0,4.0,0.0,0.0,97621.0,0.0,0.0,57.0,96351.0,33.0,0.0,0.0,0.0,0.0,0.0
2026-09-27T10:35:23.274351+08:00,read-dashboard,26761,59.2,137296,,,,200,11.1,,200,81.8,,200,55.7,,200,638.6,,200,50.1,,1.0,0.0,42.0,5000.0,0.0,4957.0,4957.0,0.0,0.0,0.0,0.0,0.0,0.0,3.0,0.0,0.0,4.0,0.0,0.0,97621.0,0.0,0.0,57.0,96351.0,33.0,0.0,0.0,0.0,0.0,0.0
2026-09-27T10:35:28.286461+08:00,read-dashboard,26761,13.7,160976,4793,3211,1246,200,12.3,,,3005.4,HTTP Error 503: Service Unavailable,,4002.7,timed out,,4002.5,timed out,,4011.3,timed out,1.0,0.0,42.0,5000.0,0.0,4957.0,4957.0,0.0,0.0,0.0,0.0,0.0,0.0,3.0,0.0,0.0,4.0,0.0,0.0,97621.0,0.0,0.0,57.0,96351.0,33.0,0.0,0.0,0.0,0.0,0.0
2026-09-27T10:35:33.292867+08:00,read-dashboard,26761,6.6,76800,,,,200,12.2,,,3011.2,HTTP Error 503: Service Unavailable,,4011.8,timed out,,4010.7,timed out,,4010.3,timed out,1.0,0.0,43.0,5000.0,0.0,4957.0,4957.0,0.0,0.0,0.0,0.0,0.0,0.0,3.0,0.0,0.0,4.0,0.0,0.0,97621.0,0.0,0.0,57.0,96351.0,33.0,0.0,0.0,0.0,0.0,0.0
2026-09-27T10:35:38.298956+08:00,read-dashboard,26761,85.0,599632,,,,200,6.9,,,3005.5,HTTP Error 503: Service Unavailable,,4003.2,timed out,,4003.5,timed out,,4003.2,timed out,1.0,0.0,43.0,5000.0,0.0,4957.0,4957.0,0.0,0.0,0.0,0.0,0.0,0.0,3.0,0.0,0.0,4.0,0.0,0.0,97621.0,0.0,0.0,57.0,96351.0,33.0,0.0,0.0,0.0,0.0,0.0
2026-09-27T10:35:43.307073+08:00,read-dashboard,26761,18.8,385056,4624,3380,1233,200,18.8,,,3005.3,HTTP Error 503: Service Unavailable,,4007.8,timed out,,4007.2,timed out,,4012.2,timed out,1.0,0.0,43.0,5000.0,0.0,4957.0,4957.0,0.0,0.0,0.0,0.0,0.0,0.0,3.0,0.0,0.0,4.0,0.0,0.0,97621.0,0.0,0.0,57.0,96351.0,33.0,0.0,0.0,0.0,0.0,0.0
2026-09-27T10:35:48.315584+08:00,read-dashboard,26761,89.6,454496,,,,200,5.1,,200,28.7,,200,17.5,,200,216.1,,200,27.4,,1.0,0.0,43.0,5000.0,0.0,4957.0,4957.0,0.0,0.0,0.0,0.0,0.0,0.0,3.0,0.0,0.0,4.0,0.0,0.0,97621.0,0.0,0.0,57.0,96351.0,33.0,0.0,0.0,0.0,0.0,0.0
2026-09-27T10:35:53.316323+08:00,alarm-ack-close,26761,90.9,486608,,,,200,3.9,,200,39.9,,200,45.0,,200,315.7,,200,51.2,,1.0,0.0,43.0,5000.0,0.0,4956.0,4956.0,0.0,0.0,0.0,0.0,0.0,0.0,3.0,0.0,0.0,4.0,0.0,0.0,97621.0,0.0,0.0,57.0,96351.0,33.0,0.0,0.0,0.0,0.0,0.0
2026-09-27T10:35:58.321105+08:00,fault-recovery-reports,26761,61.7,487440,4069,3934,1232,200,6.6,,200,20.3,,200,115.8,,200,272.6,,200,115.4,,1.0,0.0,44.0,5000.0,0.0,4956.0,4956.0,0.0,0.0,0.0,0.0,0.0,4.0,3.0,0.0,53.518895474894435,4.0,0.0,0.0,97625.0,0.0,0.0,57.0,96359.0,33.0,0.0,0.0,0.0,0.0,0.0
2026-09-27T10:36:03.326161+08:00,fault-recovery-reports,26761,50.4,489424,,,,200,3.9,,200,35.9,,200,58.7,,200,450.3,,200,79.3,,1.0,0.0,44.0,5000.0,0.0,4956.0,4956.0,0.0,0.0,0.0,0.0,0.0,15.0,3.0,0.0,97.76006337174358,4.0,0.0,0.0,98110.0,0.0,0.0,57.0,96848.0,33.0,0.0,0.0,0.0,0.0,0.0
2026-09-27T10:36:08.335527+08:00,fault-recovery-reports,26761,54.9,349232,,,,200,1.9,,200,31.0,,200,88.6,,200,249.7,,200,111.1,,1.0,87.0,45.0,5000.0,0.0,5104.0,4955.0,7.0,25.0,0.0,117.0,0.0,25.0,3.0,0.0,98.43673665134732,4.0,0.0,0.0,98608.0,142.0,0.0,57.0,97339.0,33.0,0.0,0.0,0.0,0.0,0.0
2026-09-27T10:36:13.345129+08:00,fault-recovery-reports,26761,51.4,349936,4421,3582,1224,200,9.4,,200,55.0,,200,73.2,,200,246.0,,200,74.1,,1.0,374.0,45.0,5000.0,0.0,5104.0,4955.0,7.0,25.0,0.0,117.0,0.0,31.0,3.0,0.0,98.99526788648396,4.0,0.0,0.0,99106.0,142.0,0.0,57.0,97835.0,33.0,0.0,0.0,0.0,0.0,0.0
2026-09-27T10:36:18.347467+08:00,fault-recovery-reports,26761,54.7,233936,,,,200,5.2,,200,22.1,,200,61.1,,200,223.3,,200,59.6,,1.0,585.0,45.0,5000.0,0.0,5104.0,4955.0,7.0,25.0,0.0,117.0,0.0,40.0,3.0,0.0,99.96365153691184,4.0,0.0,0.0,99614.0,142.0,0.0,57.0,98335.0,33.0,0.0,0.0,0.0,0.0,0.0
2026-09-27T10:36:23.350980+08:00,fault-recovery-reports,26761,52.1,202800,,,,200,5.6,,200,88.8,,200,186.3,,200,217.4,,200,375.2,,1.0,767.0,45.0,5000.0,0.0,4464.0,4235.0,0.0,15.0,0.0,214.0,0.0,24.0,3.0,0.0,96.45494676556066,4.0,0.0,0.0,100112.0,229.0,0.0,57.0,98819.0,33.0,0.0,0.0,0.0,0.0,0.0
2026-09-27T10:36:28.355661+08:00,fault-recovery-reports,26761,44.9,204624,4316,3688,1221,200,10.8,,200,102.5,,200,238.8,,200,427.7,,200,276.7,,1.0,919.0,45.0,5000.0,0.0,4464.0,4235.0,0.0,15.0,0.0,214.0,0.0,24.0,3.0,0.0,99.44113781029117,4.0,0.0,0.0,100618.0,229.0,0.0,57.0,99317.0,33.0,0.0,0.0,0.0,0.0,0.0
2026-09-27T10:36:33.371062+08:00,fault-recovery-reports,26761,50.9,208048,,,,200,3.9,,200,52.2,,200,77.4,,200,269.6,,200,77.6,,1.0,1092.0,45.0,5000.0,0.0,4464.0,4235.0,0.0,15.0,0.0,214.0,0.0,32.0,3.0,0.0,102.91239244517918,4.0,0.0,0.0,101138.0,229.0,0.0,57.0,99833.0,33.0,0.0,0.0,0.0,0.0,0.0
2026-09-27T10:36:38.374990+08:00,fault-recovery-reports,26761,48.6,210864,,,,200,3.8,,200,252.1,,200,153.3,,200,256.1,,200,163.7,,1.0,1251.0,45.0,5000.0,0.0,4193.0,3751.0,0.0,17.0,0.0,425.0,0.0,23.0,3.0,0.0,99.77923652124346,4.0,0.0,0.0,101649.0,438.0,0.0,57.0,100318.0,33.0,0.0,0.0,0.0,0.0,0.0
2026-09-27T10:36:43.379148+08:00,fault-recovery-reports,26761,50.1,211888,4302,3702,1217,200,6.8,,200,52.4,,200,130.6,,200,235.1,,200,131.2,,1.0,1425.0,45.0,5000.0,0.0,4193.0,3751.0,0.0,17.0,0.0,425.0,0.0,34.0,3.0,0.0,102.28770089038497,4.0,0.0,0.0,102158.0,438.0,0.0,57.0,100830.0,33.0,0.0,0.0,0.0,0.0,0.0
2026-09-27T10:36:48.386748+08:00,fault-recovery-reports,26761,50.8,208160,,,,200,5.1,,200,37.1,,200,145.2,,200,219.7,,200,161.2,,1.0,1612.0,45.0,5000.0,0.0,4193.0,3751.0,0.0,17.0,0.0,425.0,0.0,32.0,3.0,0.0,98.28194700787118,4.0,0.0,0.0,102655.0,438.0,0.0,57.0,101322.0,33.0,0.0,0.0,0.0,0.0,0.0
2026-09-27T10:36:53.387786+08:00,fault-recovery-reports,26761,92.9,211824,,,,200,1.8,,200,13.4,,200,19.2,,200,235.9,,200,48.2,,1.0,2837.0,45.0,5000.0,0.0,3881.0,3158.0,3.0,20.0,0.0,700.0,0.0,19.0,3.0,0.0,112.72484230265957,4.0,0.0,0.0,103195.0,720.0,0.0,57.0,101850.0,33.0,0.0,0.0,0.0,0.0,0.0
2026-09-27T10:36:58.401659+08:00,fault-recovery-reports,26761,36.8,206656,4528,3476,1208,200,6.4,,200,30.2,,200,15.7,,200,190.9,,200,32.5,,1.0,4954.0,45.0,5000.0,0.0,3881.0,3158.0,3.0,20.0,0.0,700.0,0.0,3.0,3.0,0.0,0.0,4.0,0.0,0.0,103691.0,720.0,0.0,57.0,102335.0,33.0,0.0,0.0,0.0,0.0,0.0
2026-09-27T10:37:03.407010+08:00,fault-recovery-drain,26761,32.1,204384,,,,200,3.4,,200,16.0,,200,17.5,,200,169.3,,200,24.5,,1.0,4954.0,45.0,5000.0,0.0,3881.0,3158.0,3.0,20.0,0.0,700.0,0.0,2.0,3.0,0.0,0.0,4.0,0.0,0.0,103691.0,720.0,0.0,57.0,102335.0,33.0,0.0,0.0,0.0,0.0,0.0
2026-09-27T10:37:08.408249+08:00,fault-recovery-drain,26761,17.4,202064,,,,200,5.1,,200,24.2,,200,15.0,,200,147.5,,200,25.3,,1.0,4954.0,45.0,5000.0,0.0,6.0,0.0,6.0,0.0,0.0,0.0,0.0,4.0,3.0,0.0,0.0,4.0,0.0,0.0,103691.0,0.0,0.0,57.0,102335.0,33.0,0.0,0.0,0.0,0.0,0.0
2026-09-27T10:37:13.413206+08:00,fault-recovery-drain,26761,24.6,201440,4227,3777,1203,200,7.1,,200,21.0,,200,20.4,,200,205.5,,200,36.6,,1.0,4954.0,45.0,5000.0,0.0,6.0,0.0,6.0,0.0,0.0,0.0,0.0,4.0,3.0,0.0,0.0,4.0,0.0,0.0,103691.0,0.0,0.0,57.0,102335.0,33.0,0.0,0.0,0.0,0.0,0.0
2026-09-27T10:37:18.420515+08:00,fault-recovery-drain,26761,18.2,186576,,,,200,8.2,,200,37.1,,200,22.7,,200,197.9,,200,24.2,,1.0,4954.0,45.0,5000.0,0.0,6.0,0.0,6.0,0.0,0.0,0.0,0.0,3.0,3.0,0.0,0.0,4.0,0.0,0.0,103691.0,0.0,0.0,57.0,102335.0,33.0,0.0,0.0,0.0,0.0,0.0
2026-09-27T10:37:23.422381+08:00,fault-recovery-drain,26761,20.0,193904,,,,200,5.6,,200,23.3,,200,11.1,,200,185.5,,200,17.8,,1.0,4954.0,45.0,5000.0,0.0,0.0,0.0,0.0,0.0,0.0,0.0,0.0,4.0,3.0,0.0,0.0,4.0,0.0,0.0,103691.0,0.0,0.0,57.0,102335.0,33.0,0.0,0.0,0.0,0.0,0.0
2026-09-27T10:37:28.432163+08:00,fault-recovery-drain,26761,22.7,193424,4162,3842,1200,200,15.7,,200,23.4,,200,20.3,,200,204.5,,200,23.6,,1.0,4954.0,45.0,5000.0,0.0,0.0,0.0,0.0,0.0,0.0,0.0,0.0,5.0,3.0,0.0,0.0,4.0,0.0,0.0,103691.0,0.0,0.0,57.0,102335.0,33.0,0.0,0.0,0.0,0.0,0.0
2026-09-27T10:37:33.436450+08:00,fault-recovery-drain,26761,19.8,191200,,,,200,12.3,,200,28.0,,200,27.4,,200,177.3,,200,20.9,,1.0,4954.0,45.0,5000.0,0.0,0.0,0.0,0.0,0.0,0.0,0.0,0.0,2.0,3.0,0.0,0.0,4.0,0.0,0.0,103691.0,0.0,0.0,57.0,102335.0,33.0,0.0,0.0,0.0,0.0,0.0
2026-09-27T10:37:38.442743+08:00,fault-recovery-drain,26761,23.2,206048,,,,200,6.2,,200,20.0,,200,23.6,,200,183.3,,200,37.1,,1.0,4954.0,45.0,5000.0,0.0,5.0,0.0,5.0,0.0,0.0,0.0,0.0,1.0,3.0,0.0,0.0,4.0,0.0,0.0,103691.0,0.0,0.0,57.0,102335.0,33.0,0.0,0.0,0.0,0.0,0.0
2026-09-27T10:37:43.450233+08:00,fault-recovery-drain,26761,21.5,194128,4317,3687,1198,200,8.8,,200,11.9,,200,18.9,,200,181.0,,200,20.6,,1.0,4954.0,45.0,5000.0,0.0,5.0,0.0,5.0,0.0,0.0,0.0,0.0,3.0,3.0,0.0,0.0,4.0,0.0,0.0,103691.0,0.0,0.0,57.0,102335.0,33.0,0.0,0.0,0.0,0.0,0.0
2026-09-27T10:37:48.456455+08:00,fault-recovery-drain,26761,36.1,195920,,,,200,6.5,,200,12.8,,200,11.6,,200,147.5,,200,20.2,,1.0,4954.0,45.0,5000.0,0.0,5.0,0.0,5.0,0.0,0.0,0.0,0.0,0.0,3.0,0.0,0.0,4.0,0.0,0.0,103691.0,0.0,0.0,57.0,102335.0,33.0,0.0,0.0,0.0,0.0,0.0
2026-09-27T10:37:53.466268+08:00,fault-recovery-drain,26761,35.3,200608,,,,200,6.4,,200,13.3,,200,16.1,,200,158.4,,200,17.5,,1.0,4954.0,45.0,5000.0,0.0,0.0,0.0,0.0,0.0,0.0,0.0,0.0,0.0,3.0,0.0,0.0,4.0,0.0,0.0,103691.0,0.0,0.0,57.0,102335.0,33.0,0.0,0.0,0.0,0.0,0.0
2026-09-27T10:37:58.475966+08:00,fault-recovery-drain,26761,8.4,203856,4172,3831,1198,200,8.1,,200,17.9,,200,14.3,,200,177.4,,200,23.9,,1.0,4954.0,45.0,5000.0,0.0,0.0,0.0,0.0,0.0,0.0,0.0,0.0,0.0,3.0,0.0,0.0,4.0,0.0,0.0,103691.0,0.0,0.0,57.0,102335.0,33.0,0.0,0.0,0.0,0.0,0.0
2026-09-27T10:38:03.476457+08:00,fault-recovery-drain,26761,5.2,201072,,,,200,8.6,,200,31.5,,200,30.3,,200,171.8,,200,30.0,,1.0,4954.0,45.0,5000.0,0.0,0.0,0.0,0.0,0.0,0.0,0.0,0.0,0.0,3.0,0.0,0.0,4.0,0.0,0.0,103691.0,0.0,0.0,57.0,102335.0,33.0,0.0,0.0,0.0,0.0,0.0
2026-09-27T10:38:08.487588+08:00,fault-recovery-drain,26761,10.3,200464,,,,200,10.5,,200,68.0,,200,37.7,,200,213.8,,200,47.8,,1.0,4954.0,45.0,5000.0,0.0,0.0,0.0,0.0,0.0,0.0,0.0,0.0,0.0,3.0,0.0,0.0,4.0,0.0,0.0,103691.0,0.0,0.0,57.0,102335.0,33.0,0.0,0.0,0.0,0.0,0.0
2026-09-27T10:38:13.498592+08:00,fault-recovery-drain,26761,6.6,196112,4139,3865,1198,200,13.6,,200,35.3,,200,34.2,,200,184.6,,200,33.8,,1.0,4954.0,45.0,5000.0,0.0,0.0,0.0,0.0,0.0,0.0,0.0,0.0,0.0,3.0,0.0,0.0,4.0,0.0,0.0,103691.0,0.0,0.0,57.0,102335.0,33.0,0.0,0.0,0.0,0.0,0.0
2026-09-27T10:38:18.499097+08:00,mqtt-tokens-100k,26761,172.1,196256,,,,200,4.3,,200,23.8,,200,14.6,,200,226.1,,200,27.2,,1.0,4954.0,45.0,5000.0,0.0,0.0,0.0,0.0,0.0,0.0,0.0,0.0,0.0,3.0,0.0,0.0,4.0,0.0,0.0,103691.0,0.0,0.0,57.0,102335.0,33.0,0.0,0.0,0.0,0.0,0.0
2026-09-27T10:38:23.500424+08:00,mqtt-tokens-100k,26761,190.3,196800,,,,200,4.2,,200,23.1,,200,21.9,,200,210.6,,200,28.4,,1.0,4954.0,45.0,5000.0,0.0,0.0,0.0,0.0,0.0,0.0,0.0,0.0,0.0,3.0,0.0,0.0,4.0,0.0,0.0,103691.0,0.0,0.0,57.0,102335.0,33.0,0.0,0.0,0.0,0.0,0.0
2026-09-27T10:38:28.505313+08:00,mqtt-tokens-100k,26761,185.7,199840,4379,3625,1197,200,7.6,,200,22.1,,200,21.5,,200,201.9,,200,27.5,,1.0,4954.0,45.0,5000.0,0.0,0.0,0.0,0.0,0.0,0.0,0.0,0.0,0.0,3.0,0.0,0.0,4.0,0.0,0.0,103691.0,0.0,0.0,57.0,102335.0,33.0,0.0,0.0,0.0,0.0,0.0
2026-09-27T10:38:33.509972+08:00,mqtt-tokens-100k,26761,179.7,199040,,,,200,4.4,,200,26.8,,200,19.6,,200,188.2,,200,25.2,,1.0,4954.0,45.0,5000.0,0.0,0.0,0.0,0.0,0.0,0.0,0.0,0.0,0.0,3.0,0.0,0.0,4.0,0.0,0.0,103691.0,0.0,0.0,57.0,102335.0,33.0,0.0,0.0,0.0,0.0,0.0
2026-09-27T10:38:38.512574+08:00,mqtt-connections,26761,41.9,186944,,,,200,1.7,,200,21.4,,200,14.4,,200,188.2,,200,32.0,,1.0,4954.0,45.0,5000.0,0.0,0.0,0.0,0.0,0.0,0.0,0.0,0.0,0.0,3.0,0.0,0.0,4.0,0.0,0.0,103691.0,0.0,0.0,57.0,102335.0,33.0,0.0,0.0,0.0,0.0,0.0
2026-09-27T10:38:43.514637+08:00,mqtt-connections,26761,4.9,188800,4801,3203,1192,200,7.1,,200,22.0,,200,21.6,,200,198.4,,200,21.0,,1.0,4954.0,45.0,5000.0,0.0,0.0,0.0,0.0,0.0,0.0,0.0,0.0,0.0,3.0,0.0,0.0,4.0,0.0,0.0,103691.0,0.0,0.0,57.0,102335.0,33.0,0.0,0.0,0.0,0.0,0.0
2026-09-27T10:38:48.525060+08:00,mqtt-connections,26761,5.2,181696,,,,200,9.4,,200,43.0,,200,36.3,,200,188.6,,200,35.8,,1.0,4954.0,45.0,5000.0,0.0,0.0,0.0,0.0,0.0,0.0,0.0,0.0,0.0,3.0,0.0,0.0,4.0,0.0,0.0,103691.0,0.0,0.0,57.0,102335.0,33.0,0.0,0.0,0.0,0.0,0.0
2026-09-27T10:38:53.529457+08:00,mqtt-connections,26761,12.3,120896,,,,200,5.2,,200,21.1,,200,19.8,,200,195.5,,200,20.7,,1.0,4954.0,45.0,5000.0,0.0,0.0,0.0,0.0,0.0,0.0,0.0,0.0,0.0,3.0,0.0,0.0,4.0,0.0,0.0,103691.0,0.0,0.0,57.0,102335.0,33.0,0.0,0.0,0.0,0.0,0.0
2026-09-27T10:38:58.546177+08:00,mqtt-connections,26761,27.6,156000,5652,2352,1191,200,8.6,,200,23.5,,200,21.5,,200,279.2,,200,31.0,,1.0,4954.0,45.0,5000.0,0.0,0.0,0.0,0.0,0.0,0.0,0.0,0.0,0.0,3.0,0.0,0.0,4.0,0.0,0.0,103691.0,0.0,0.0,57.0,102335.0,33.0,0.0,0.0,0.0,0.0,0.0
2026-09-27T10:39:03.553512+08:00,mqtt-connections,26761,29.5,178768,,,,200,2.7,,200,45.7,,200,32.0,,200,229.3,,200,54.8,,1.0,4954.0,45.0,5000.0,0.0,0.0,0.0,0.0,0.0,0.0,0.0,0.0,0.0,3.0,0.0,0.0,4.0,0.0,0.0,103691.0,0.0,0.0,57.0,102335.0,33.0,0.0,0.0,0.0,0.0,0.0
2026-09-27T10:39:08.555127+08:00,mqtt-connections,26761,5.3,137104,,,,200,5.6,,200,43.8,,200,26.2,,200,224.3,,200,44.5,,1.0,4954.0,45.0,5000.0,0.0,0.0,0.0,0.0,0.0,0.0,0.0,0.0,0.0,3.0,0.0,0.0,4.0,0.0,0.0,103691.0,0.0,0.0,57.0,102335.0,33.0,0.0,0.0,0.0,0.0,0.0
2026-09-27T10:39:13.564861+08:00,mqtt-connections,26761,4.4,93648,6424,1580,1575,200,18.4,,200,519.3,,200,213.6,,200,574.6,,200,373.2,,1.0,4954.0,45.0,5000.0,0.0,0.0,0.0,0.0,0.0,0.0,0.0,0.0,0.0,3.0,0.0,0.0,4.0,0.0,0.0,103691.0,0.0,0.0,57.0,102335.0,33.0,0.0,0.0,0.0,0.0,0.0
2026-09-27T10:39:18.567462+08:00,mqtt-connections,26761,2.7,130464,,,,,7.5,<urlopen error [Errno 49] Can't assign requested address>,,9.3,<urlopen error [Errno 49] Can't assign requested address>,,6.8,<urlopen error [Errno 49] Can't assign requested address>,,14.9,<urlopen error [Errno 49] Can't assign requested address>,,7.6,<urlopen error [Errno 49] Can't assign requested address>,,,,,,,,,,,,,,,,,,,,,,,,,,,,,,
2026-09-27T10:39:23.568642+08:00,mqtt-connections,26761,21.5,120672,,,,,5.6,<urlopen error [Errno 49] Can't assign requested address>,,4.5,<urlopen error [Errno 49] Can't assign requested address>,,4.3,<urlopen error [Errno 49] Can't assign requested address>,,4.7,<urlopen error [Errno 49] Can't assign requested address>,,3.9,<urlopen error [Errno 49] Can't assign requested address>,,,,,,,,,,,,,,,,,,,,,,,,,,,,,,
2026-09-27T10:39:28.570671+08:00,mqtt-connections,26761,14.3,181152,6163,1840,1744,200,10.7,,,9.4,<urlopen error [Errno 49] Can't assign requested address>,200,26.3,,200,260.1,,200,41.6,,1.0,4954.0,45.0,5000.0,0.0,0.0,0.0,0.0,0.0,0.0,0.0,0.0,0.0,3.0,0.0,0.0,4.0,0.0,0.0,103691.0,0.0,0.0,57.0,102335.0,33.0,0.0,0.0,0.0,0.0,0.0
2026-09-27T10:39:33.577463+08:00,mqtt-connections,26761,5.3,154752,,,,200,14.3,,,67.0,HTTP Error 503: Service Unavailable,200,42.9,,200,242.0,,200,51.0,,1.0,4954.0,45.0,5000.0,0.0,0.0,0.0,0.0,0.0,0.0,0.0,0.0,0.0,3.0,0.0,0.0,4.0,0.0,0.0,103691.0,0.0,0.0,57.0,102335.0,33.0,0.0,0.0,0.0,0.0,0.0
2026-09-27T10:39:38.581223+08:00,mqtt-connections,26761,6.6,174992,,,,200,10.3,,,8.5,<urlopen error [Errno 49] Can't assign requested address>,,8.4,<urlopen error [Errno 49] Can't assign requested address>,,8.6,<urlopen error [Errno 49] Can't assign requested address>,,8.1,<urlopen error [Errno 49] Can't assign requested address>,1.0,4954.0,45.0,5000.0,0.0,0.0,0.0,0.0,0.0,0.0,0.0,0.0,0.0,3.0,0.0,0.0,4.0,0.0,0.0,103691.0,0.0,0.0,57.0,102335.0,33.0,0.0,0.0,0.0,0.0,0.0
2026-09-27T10:39:43.582747+08:00,mqtt-connections,26761,4.9,166032,6151,1853,1775,200,10.7,,,28.0,HTTP Error 503: Service Unavailable,,9.2,<urlopen error [Errno 49] Can't assign requested address>,,8.8,<urlopen error [Errno 49] Can't assign requested address>,,8.4,<urlopen error [Errno 49] Can't assign requested address>,1.0,4954.0,45.0,5000.0,0.0,0.0,0.0,0.0,0.0,0.0,0.0,0.0,0.0,3.0,0.0,0.0,4.0,0.0,0.0,103691.0,0.0,0.0,57.0,102335.0,33.0,0.0,0.0,0.0,0.0,0.0
2026-09-27T10:39:48.590046+08:00,mqtt-connections,26761,5.8,127664,,,,200,8.7,,,26.9,HTTP Error 503: Service Unavailable,,4.8,<urlopen error [Errno 49] Can't assign requested address>,,3.7,<urlopen error [Errno 49] Can't assign requested address>,,3.8,<urlopen error [Errno 49] Can't assign requested address>,1.0,4954.0,45.0,5000.0,0.0,0.0,0.0,0.0,0.0,0.0,0.0,0.0,0.0,3.0,0.0,0.0,4.0,0.0,0.0,103691.0,0.0,0.0,57.0,102335.0,33.0,0.0,0.0,0.0,0.0,0.0
2026-09-27T10:39:53.596973+08:00,mqtt-connections-recovery,26761,32.4,182576,,,,,4.6,<urlopen error [Errno 49] Can't assign requested address>,,3.7,<urlopen error [Errno 49] Can't assign requested address>,,3.7,<urlopen error [Errno 49] Can't assign requested address>,,4.2,<urlopen error [Errno 49] Can't assign requested address>,,3.2,<urlopen error [Errno 49] Can't assign requested address>,,,,,,,,,,,,,,,,,,,,,,,,,,,,,,
2026-09-27T10:39:58.605739+08:00,mqtt-connections-recovery,26761,3.4,173328,6116,1888,1648,200,12.5,,,5.3,<urlopen error [Errno 49] Can't assign requested address>,200,20.4,,,8.2,<urlopen error [Errno 49] Can't assign requested address>,,10.3,<urlopen error [Errno 49] Can't assign requested address>,1.0,4954.0,45.0,5000.0,0.0,0.0,0.0,0.0,0.0,0.0,0.0,0.0,0.0,3.0,0.0,0.0,4.0,0.0,0.0,103691.0,0.0,0.0,57.0,102335.0,33.0,0.0,0.0,0.0,0.0,0.0
2026-09-27T10:40:03.615812+08:00,mqtt-connections-recovery,26761,6.9,192368,,,,200,9.7,,,59.2,HTTP Error 503: Service Unavailable,200,42.0,,200,265.3,,200,68.0,,1.0,4954.0,45.0,5000.0,0.0,0.0,0.0,0.0,0.0,0.0,0.0,0.0,0.0,3.0,0.0,0.0,4.0,0.0,0.0,103691.0,0.0,0.0,57.0,102335.0,33.0,0.0,0.0,0.0,0.0,0.0
2026-09-27T10:40:08.623388+08:00,mqtt-publish-ramp,26761,19.3,168928,,,,,2.9,<urlopen error [Errno 49] Can't assign requested address>,,3.3,<urlopen error [Errno 49] Can't assign requested address>,,4.1,<urlopen error [Errno 49] Can't assign requested address>,,3.5,<urlopen error [Errno 49] Can't assign requested address>,,2.9,<urlopen error [Errno 49] Can't assign requested address>,,,,,,,,,,,,,,,,,,,,,,,,,,,,,,
2026-09-27T10:40:13.632283+08:00,mqtt-publish-ramp,26761,16.4,181008,5823,2180,1602,200,8.7,,,12.5,HTTP Error 503: Service Unavailable,200,14.1,,200,224.4,,,5.9,<urlopen error [Errno 49] Can't assign requested address>,1.0,4954.0,45.0,5000.0,0.0,0.0,0.0,0.0,0.0,0.0,0.0,0.0,53.0,3.0,0.0,20.75731544100359,4.0,0.0,0.0,103691.0,0.0,0.0,57.0,102501.0,33.0,0.0,0.0,0.0,0.0,0.0
2026-09-27T10:40:18.642376+08:00,mqtt-publish-ramp,26761,21.5,175840,,,,,6.3,<urlopen error [Errno 49] Can't assign requested address>,,4.5,<urlopen error [Errno 49] Can't assign requested address>,,5.0,<urlopen error [Errno 49] Can't assign requested address>,,5.2,<urlopen error [Errno 49] Can't assign requested address>,,3.7,<urlopen error [Errno 49] Can't assign requested address>,,,,,,,,,,,,,,,,,,,,,,,,,,,,,,
2026-09-27T10:40:23.643958+08:00,mqtt-publish-ramp,26761,20.9,188736,,,,200,9.0,,,15.5,HTTP Error 503: Service Unavailable,200,12.3,,200,225.6,,200,19.3,,1.0,4954.0,45.0,5000.0,0.0,437.0,0.0,0.0,437.0,0.0,0.0,0.0,220.0,3.0,0.0,32.253714308550165,4.0,0.0,0.0,103691.0,437.0,0.0,57.0,102836.0,33.0,0.0,0.0,0.0,0.0,0.0
2026-09-27T10:40:28.644752+08:00,mqtt-publish-ramp,26761,19.9,190176,5896,2108,1592,200,1.4,,,11.4,HTTP Error 503: Service Unavailable,200,12.4,,200,224.3,,200,19.4,,1.0,4954.0,45.0,5000.0,0.0,437.0,0.0,0.0,437.0,0.0,0.0,0.0,302.0,3.0,0.0,33.20825945202448,4.0,0.0,0.0,103691.0,437.0,0.0,57.0,103002.0,33.0,0.0,0.0,0.0,0.0,0.0
2026-09-27T10:40:33.648516+08:00,mqtt-publish-ramp,26761,40.5,191504,,,,200,7.4,,,9.2,HTTP Error 503: Service Unavailable,200,7.7,,200,174.7,,200,13.4,,1.0,4954.0,45.0,5000.0,0.0,437.0,0.0,0.0,437.0,0.0,0.0,0.0,385.0,3.0,0.0,46.2629790980622,4.0,0.0,0.0,103691.0,437.0,0.0,57.0,103171.0,33.0,0.0,0.0,0.0,0.0,0.0
2026-09-27T10:40:38.649064+08:00,mqtt-publish-ramp,26761,23.5,185968,,,,200,11.6,,200,10.8,,200,28.9,,200,175.2,,200,28.6,,1.0,4954.0,45.0,5000.0,0.0,915.0,0.0,0.0,915.0,0.0,0.0,0.0,352.0,3.0,0.0,15.075555278900204,4.0,0.0,0.0,103697.0,915.0,0.0,57.0,103278.0,33.0,0.0,0.0,0.0,0.0,0.0
2026-09-27T10:40:43.654638+08:00,mqtt-publish-ramp,26761,23.7,181760,5899,2105,1745,200,10.9,,200,36.2,,200,14.5,,200,342.4,,200,40.4,,1.0,4954.0,45.0,5000.0,0.0,915.0,0.0,0.0,915.0,0.0,0.0,0.0,763.0,3.0,0.0,17.57808700907855,4.0,0.0,0.0,103918.0,915.0,0.0,57.0,103366.0,33.0,0.0,0.0,0.0,0.0,0.0
2026-09-27T10:40:48.661523+08:00,mqtt-publish-ramp,26761,26.0,187008,,,,200,5.0,,200,21.4,,200,30.4,,200,231.0,,200,30.9,,1.0,4954.0,45.0,5000.0,0.0,915.0,0.0,0.0,915.0,0.0,0.0,0.0,1191.0,3.0,0.0,13.377442400123307,4.0,0.0,0.0,104124.0,915.0,0.0,57.0,103433.0,33.0,0.0,0.0,0.0,0.0,0.0
2026-09-27T10:40:53.663067+08:00,mqtt-publish-ramp,26761,20.5,187872,,,,200,7.4,,200,14.4,,200,19.5,,200,185.4,,200,35.5,,1.0,4954.0,45.0,5000.0,0.0,981.0,0.0,0.0,596.0,0.0,385.0,0.0,1633.0,3.0,0.0,11.3429823589872,4.0,0.0,0.0,104318.0,982.0,0.0,57.0,103490.0,33.0,0.0,0.0,0.0,0.0,0.0
2026-09-27T10:40:58.673928+08:00,mqtt-publish-ramp,26761,21.5,185312,5427,2577,1863,200,9.4,,200,14.6,,200,12.9,,200,200.1,,200,27.0,,1.0,4954.0,45.0,5000.0,0.0,981.0,0.0,0.0,596.0,0.0,385.0,0.0,2055.0,3.0,0.0,15.168306581812631,4.0,0.0,0.0,104569.0,982.0,0.0,57.0,103566.0,33.0,0.0,0.0,0.0,0.0,0.0
2026-09-27T10:41:03.678114+08:00,mqtt-publish-ramp,26761,33.6,184144,,,,200,7.7,,200,19.8,,200,16.8,,200,292.2,,200,36.5,,1.0,4954.0,45.0,5000.0,0.0,981.0,0.0,0.0,596.0,0.0,385.0,0.0,2456.0,3.0,0.0,33.616274310719305,4.0,0.0,0.0,104939.0,982.0,0.0,57.0,103685.0,33.0,0.0,0.0,0.0,0.0,0.0
2026-09-27T10:41:08.681543+08:00,mqtt-publish-ramp,26761,21.7,145152,,,,200,6.8,,200,56.0,,200,23.8,,200,212.3,,200,30.6,,1.0,4954.0,45.0,5000.0,0.0,972.0,0.0,0.0,42.0,0.0,930.0,0.0,2592.0,3.0,0.0,9.305054456606857,4.0,0.0,0.0,105112.0,972.0,0.0,57.0,103752.0,33.0,0.0,0.0,0.0,0.0,0.0
2026-09-27T10:41:13.687469+08:00,mqtt-publish-ramp,26761,42.6,185168,5310,2694,1998,200,3.2,,,55.5,HTTP Error 503: Service Unavailable,200,18.3,,200,317.6,,200,52.2,,1.0,4954.0,45.0,5000.0,0.0,972.0,0.0,0.0,42.0,0.0,930.0,0.0,3108.0,3.0,0.0,16.186158002330355,4.0,0.0,0.0,105195.0,972.0,0.0,57.0,103833.0,33.0,0.0,0.0,0.0,0.0,0.0
2026-09-27T10:41:18.690876+08:00,mqtt-publish-ramp,26761,22.0,190400,,,,200,4.3,,,39.8,HTTP Error 503: Service Unavailable,200,14.5,,200,286.4,,200,33.1,,1.0,4954.0,45.0,5000.0,0.0,972.0,0.0,0.0,42.0,0.0,930.0,0.0,3093.0,3.0,0.0,29.375742980234076,4.0,0.0,0.0,105287.0,972.0,0.0,57.0,103980.0,33.0,0.0,0.0,0.0,0.0,0.0
2026-09-27T10:41:23.697087+08:00,mqtt-publish-ramp,26761,37.6,195264,,,,200,4.4,,,27.5,HTTP Error 503: Service Unavailable,200,19.0,,200,235.2,,200,29.4,,1.0,4954.0,45.0,5000.0,0.0,908.0,0.0,0.0,28.0,0.0,880.0,0.0,3065.0,3.0,0.0,27.43645489737929,4.0,0.0,0.0,105395.0,908.0,0.0,57.0,104117.0,33.0,0.0,0.0,0.0,0.0,0.0
2026-09-27T10:41:28.704150+08:00,mqtt-publish-recovery,26761,37.3,190496,5507,2497,2008,200,5.7,,,27.4,HTTP Error 503: Service Unavailable,200,23.9,,200,393.2,,200,55.1,,1.0,4954.0,45.0,5000.0,0.0,908.0,0.0,0.0,28.0,0.0,880.0,0.0,3123.0,3.0,0.0,21.55618882143598,4.0,0.0,0.0,105468.0,908.0,0.0,57.0,104235.0,33.0,0.0,0.0,0.0,0.0,0.0
2026-09-27T10:41:33.704939+08:00,mqtt-publish-recovery,26761,24.7,191280,,,,200,7.2,,,121.3,HTTP Error 503: Service Unavailable,200,53.4,,200,340.1,,200,97.7,,1.0,4954.0,45.0,5000.0,0.0,908.0,0.0,0.0,28.0,0.0,880.0,0.0,2974.0,3.0,0.0,21.593067509399756,4.0,0.0,0.0,105524.0,908.0,0.0,57.0,104355.0,33.0,0.0,0.0,0.0,0.0,0.0
2026-09-27T10:41:38.708222+08:00,mqtt-publish-recovery,26761,39.6,185024,,,,200,4.9,,,21.1,HTTP Error 503: Service Unavailable,200,19.1,,200,237.1,,200,21.2,,1.0,4954.0,45.0,5000.0,0.0,852.0,0.0,0.0,111.0,0.0,741.0,0.0,2898.0,3.0,0.0,21.89004851350185,4.0,0.0,0.0,105783.0,850.0,0.0,57.0,104448.0,33.0,0.0,0.0,0.0,0.0,0.0
2026-09-27T10:41:43.710921+08:00,mqtt-publish-recovery,26761,27.9,191776,5387,2617,2015,200,13.7,,,27.1,HTTP Error 503: Service Unavailable,200,38.6,,200,238.1,,200,50.3,,1.0,4954.0,45.0,5000.0,0.0,852.0,0.0,0.0,111.0,0.0,741.0,0.0,2773.0,3.0,0.0,20.382769511502996,4.0,0.0,0.0,105930.0,850.0,0.0,57.0,104564.0,33.0,0.0,0.0,0.0,0.0,0.0
2026-09-27T10:41:48.712520+08:00,mqtt-publish-recovery,26761,28.9,187184,,,,200,2.4,,,10.5,HTTP Error 503: Service Unavailable,200,18.1,,200,204.6,,200,18.2,,1.0,4954.0,45.0,5000.0,0.0,852.0,0.0,0.0,111.0,0.0,741.0,0.0,2636.0,3.0,0.0,25.787830726867323,4.0,0.0,0.0,106066.0,850.0,0.0,57.0,104700.0,33.0,0.0,0.0,0.0,0.0,0.0
2026-09-27T10:41:53.713327+08:00,mqtt-publish-recovery,26761,41.1,193184,,,,200,5.2,,,56.2,HTTP Error 503: Service Unavailable,200,20.3,,200,214.9,,200,34.0,,1.0,4954.0,45.0,5000.0,0.0,602.0,0.0,0.0,0.0,0.0,602.0,0.0,2507.0,3.0,0.0,28.159015708589344,4.0,0.0,0.0,106221.0,602.0,0.0,57.0,104853.0,33.0,0.0,0.0,0.0,0.0,0.0
2026-09-27T10:41:58.722313+08:00,mqtt-publish-recovery,26761,28.8,188832,5460,2543,1995,200,10.1,,,41.8,HTTP Error 503: Service Unavailable,200,31.8,,200,317.0,,200,51.4,,1.0,4954.0,45.0,5000.0,0.0,602.0,0.0,0.0,0.0,0.0,602.0,0.0,2366.0,3.0,0.0,27.070689619785895,4.0,0.0,0.0,106374.0,602.0,0.0,57.0,105005.0,33.0,0.0,0.0,0.0,0.0,0.0
2026-09-27T10:42:03.729817+08:00,mqtt-publish-recovery,26761,28.6,187376,,,,200,3.6,,,18.2,HTTP Error 503: Service Unavailable,200,18.3,,200,217.2,,200,17.0,,1.0,4954.0,45.0,5000.0,0.0,602.0,0.0,0.0,0.0,0.0,602.0,0.0,2223.0,3.0,0.0,30.917920153718953,4.0,0.0,0.0,106521.0,602.0,0.0,57.0,105150.0,33.0,0.0,0.0,0.0,0.0,0.0
2026-09-27T10:42:08.730536+08:00,mqtt-publish-recovery,26761,26.8,189792,,,,200,7.2,,,14.1,HTTP Error 503: Service Unavailable,200,18.2,,200,209.3,,200,25.4,,1.0,4954.0,45.0,5000.0,0.0,396.0,0.0,0.0,2.0,0.0,394.0,0.0,2085.0,3.0,0.0,25.102186820984965,4.0,0.0,0.0,106640.0,396.0,0.0,57.0,105270.0,33.0,0.0,0.0,0.0,0.0,0.0
2026-09-27T10:42:13.738688+08:00,mqtt-publish-recovery,26761,26.6,186496,5472,2532,1978,200,3.7,,,24.9,HTTP Error 503: Service Unavailable,200,21.1,,200,248.8,,200,40.0,,1.0,4954.0,45.0,5000.0,0.0,396.0,0.0,0.0,2.0,0.0,394.0,0.0,1945.0,3.0,0.0,34.103658261599996,4.0,0.0,0.0,106796.0,396.0,0.0,57.0,105426.0,33.0,0.0,0.0,0.0,0.0,0.0
2026-09-27T10:42:18.740459+08:00,mqtt-publish-recovery,26761,23.4,186720,,,,200,10.6,,,21.3,HTTP Error 503: Service Unavailable,200,13.7,,200,192.5,,200,23.4,,1.0,4954.0,45.0,5000.0,0.0,396.0,0.0,0.0,2.0,0.0,394.0,0.0,1799.0,3.0,0.0,20.265145490215712,4.0,0.0,0.0,106911.0,396.0,0.0,57.0,105541.0,33.0,0.0,0.0,0.0,0.0,0.0
2026-09-27T10:42:23.746057+08:00,mqtt-publish-recovery,26761,27.1,188880,,,,200,5.8,,200,32.5,,200,32.5,,200,233.2,,200,25.9,,1.0,4954.0,45.0,5000.0,0.0,168.0,0.0,0.0,0.0,0.0,168.0,0.0,1661.0,3.0,0.0,25.90087357427792,4.0,0.0,0.0,107052.0,168.0,0.0,57.0,105682.0,33.0,0.0,0.0,0.0,0.0,0.0
2026-09-27T10:42:28.747440+08:00,mqtt-publish-recovery,26761,29.5,187296,5424,2580,1965,200,9.9,,200,30.6,,200,28.5,,200,259.3,,200,38.0,,1.0,4954.0,45.0,5000.0,0.0,168.0,0.0,0.0,0.0,0.0,168.0,0.0,1532.0,3.0,0.0,33.40097745535098,4.0,0.0,0.0,107211.0,168.0,0.0,57.0,105839.0,33.0,0.0,0.0,0.0,0.0,0.0
2026-09-27T10:42:33.753750+08:00,mqtt-publish-recovery,26761,35.7,190192,,,,200,5.2,,,11.7,HTTP Error 503: Service Unavailable,200,13.4,,200,160.9,,200,12.2,,1.0,4954.0,45.0,5000.0,0.0,168.0,0.0,0.0,0.0,0.0,168.0,0.0,1355.0,3.0,0.0,29.085487290260698,4.0,0.0,0.0,107364.0,168.0,0.0,57.0,105992.0,33.0,0.0,0.0,0.0,0.0,0.0
2026-09-27T10:42:38.764502+08:00,mqtt-publish-recovery,26761,14.8,192704,,,,200,5.5,,,23.8,HTTP Error 503: Service Unavailable,200,14.9,,200,179.5,,200,17.5,,1.0,4954.0,45.0,5000.0,0.0,4.0,0.0,0.0,2.0,0.0,2.0,0.0,1260.0,3.0,0.0,22.58594384358636,4.0,0.0,0.0,107468.0,4.0,0.0,57.0,106095.0,33.0,0.0,0.0,0.0,0.0,0.0
2026-09-27T10:42:43.766743+08:00,mqtt-publish-recovery,26761,26.5,199328,5363,2641,1949,200,2.0,,200,10.0,,200,17.2,,200,223.6,,200,35.9,,1.0,4954.0,45.0,5000.0,0.0,4.0,0.0,0.0,2.0,0.0,2.0,0.0,1130.0,3.0,0.0,22.89684910717215,4.0,0.0,0.0,107588.0,4.0,0.0,57.0,106216.0,33.0,0.0,0.0,0.0,0.0,0.0
2026-09-27T10:42:48.768877+08:00,mqtt-publish-recovery,26761,10.4,191088,,,,200,8.4,,,88.5,HTTP Error 503: Service Unavailable,200,61.4,,200,243.9,,200,64.5,,1.0,4954.0,45.0,5000.0,0.0,4.0,0.0,0.0,2.0,0.0,2.0,0.0,1029.0,3.0,0.0,20.596520064851408,4.0,0.0,0.0,107687.0,4.0,0.0,57.0,106313.0,33.0,0.0,0.0,0.0,0.0,0.0
2026-09-27T10:42:53.775388+08:00,mqtt-publish-recovery,26761,28.6,193392,,,,200,3.8,,200,17.2,,200,11.5,,200,179.2,,200,17.1,,1.0,4954.0,45.0,5000.0,0.0,6.0,0.0,0.0,2.0,0.0,4.0,0.0,906.0,3.0,0.0,23.67980171909528,4.0,0.0,0.0,107822.0,8.0,0.0,57.0,106447.0,33.0,0.0,0.0,0.0,0.0,0.0
2026-09-27T10:42:58.784115+08:00,mqtt-publish-recovery,26761,23.5,184240,4961,3042,1925,200,8.7,,200,31.2,,200,35.6,,200,272.0,,200,38.2,,1.0,4954.0,45.0,5000.0,0.0,6.0,0.0,0.0,2.0,0.0,4.0,0.0,754.0,3.0,0.0,31.62628461686995,4.0,0.0,0.0,107981.0,8.0,0.0,57.0,106608.0,33.0,0.0,0.0,0.0,0.0,0.0
2026-09-27T10:43:03.784937+08:00,mqtt-publish-recovery,26761,43.7,181696,,,,200,5.4,,200,53.0,,200,32.8,,200,281.2,,200,48.9,,1.0,4954.0,45.0,5000.0,0.0,6.0,0.0,0.0,2.0,0.0,4.0,0.0,616.0,3.0,0.0,27.274317884747997,4.0,0.0,0.0,108117.0,8.0,0.0,57.0,106742.0,33.0,0.0,0.0,0.0,0.0,0.0
2026-09-27T10:43:08.791869+08:00,before-native-mqtt,26761,28.9,186448,,,,200,5.2,,200,18.0,,200,19.2,,200,225.7,,200,17.8,,1.0,4954.0,45.0,5000.0,0.0,5.0,0.0,0.0,1.0,0.0,4.0,0.0,459.0,3.0,0.0,32.37649893454633,4.0,0.0,0.0,108281.0,6.0,0.0,57.0,106904.0,33.0,0.0,0.0,0.0,0.0,0.0
2026-09-27T10:43:13.798509+08:00,before-native-mqtt,26761,29.2,176496,4323,3681,1906,200,11.0,,200,35.4,,200,28.4,,200,277.5,,200,40.9,,1.0,4954.0,45.0,5000.0,0.0,5.0,0.0,0.0,1.0,0.0,4.0,0.0,300.0,3.0,0.0,34.486305838090644,4.0,0.0,0.0,108452.0,6.0,0.0,57.0,107075.0,33.0,0.0,0.0,0.0,0.0,0.0
2026-09-27T10:43:18.803860+08:00,before-native-mqtt,26761,26.6,155424,,,,200,8.6,,200,37.5,,200,27.4,,200,264.7,,200,30.4,,1.0,4954.0,45.0,5000.0,0.0,5.0,0.0,0.0,1.0,0.0,4.0,0.0,122.0,3.0,0.0,33.814551101067686,4.0,0.0,0.0,108621.0,6.0,0.0,57.0,107242.0,33.0,0.0,0.0,0.0,0.0,0.0
2026-09-27T10:43:23.808844+08:00,before-native-mqtt,26761,16.1,155984,,,,200,6.7,,200,79.7,,200,20.7,,200,269.2,,200,26.6,,1.0,4954.0,45.0,5000.0,0.0,0.0,0.0,0.0,0.0,0.0,0.0,0.0,2.0,3.0,0.0,5.673164481477602,4.0,0.0,0.0,108679.0,0.0,0.0,57.0,107300.0,33.0,0.0,0.0,0.0,0.0,0.0
2026-09-27T10:43:28.811904+08:00,mqtt-native-tokens,26761,172.2,189248,4135,3869,1833,200,13.0,,200,59.6,,200,35.3,,200,598.8,,200,122.5,,1.0,4954.0,45.0,5000.0,0.0,0.0,0.0,0.0,0.0,0.0,0.0,0.0,1.0,3.0,0.0,0.0,4.0,0.0,0.0,108679.0,0.0,0.0,57.0,107300.0,33.0,0.0,0.0,0.0,0.0,0.0
2026-09-27T10:43:33.811470+08:00,mqtt-native-tokens,26761,162.6,190688,,,,200,4.0,,200,28.7,,200,21.7,,200,242.8,,200,36.7,,1.0,4954.0,45.0,5000.0,0.0,0.0,0.0,0.0,0.0,0.0,0.0,0.0,3.0,3.0,0.0,0.0,4.0,0.0,0.0,108679.0,0.0,0.0,57.0,107300.0,33.0,0.0,0.0,0.0,0.0,0.0
2026-09-27T10:43:38.811779+08:00,mqtt-native-tokens,26761,173.2,192688,,,,200,3.7,,200,37.6,,200,26.1,,200,232.6,,200,36.9,,1.0,4954.0,45.0,5000.0,0.0,0.0,0.0,0.0,0.0,0.0,0.0,0.0,1.0,3.0,0.0,0.0,4.0,0.0,0.0,108679.0,0.0,0.0,57.0,107300.0,33.0,0.0,0.0,0.0,0.0,0.0
2026-09-27T10:43:43.818919+08:00,mqtt-native-tokens,26761,174.4,192768,4162,3842,1825,200,11.2,,200,58.5,,200,39.6,,200,240.6,,200,64.1,,1.0,4954.0,45.0,5000.0,0.0,0.0,0.0,0.0,0.0,0.0,0.0,0.0,2.0,3.0,0.0,0.0,4.0,0.0,0.0,108679.0,0.0,0.0,57.0,107300.0,33.0,0.0,0.0,0.0,0.0,0.0
2026-09-27T10:43:48.828265+08:00,mqtt-connections-vm,26761,18.3,130560,,,,200,7.0,,200,42.3,,200,34.8,,200,222.4,,200,41.2,,1.0,4954.0,45.0,5000.0,0.0,0.0,0.0,0.0,0.0,0.0,0.0,0.0,3.0,3.0,0.0,0.0,4.0,0.0,0.0,108679.0,0.0,0.0,57.0,107300.0,33.0,0.0,0.0,0.0,0.0,0.0
2026-09-27T10:43:53.838054+08:00,mqtt-connections-vm,26761,9.8,93744,,,,200,8.8,,200,214.9,,200,44.7,,200,325.8,,200,57.2,,1.0,4954.0,45.0,5000.0,0.0,0.0,0.0,0.0,0.0,0.0,0.0,0.0,1.0,3.0,0.0,0.0,4.0,0.0,0.0,108679.0,0.0,0.0,57.0,107300.0,33.0,0.0,0.0,0.0,0.0,0.0
2026-09-27T10:43:58.845484+08:00,mqtt-connections-vm,26761,23.0,135840,6530,1474,2288,200,3.1,,200,37.5,,200,28.8,,200,263.5,,200,39.5,,1.0,4954.0,45.0,5000.0,0.0,0.0,0.0,0.0,0.0,0.0,0.0,0.0,0.0,3.0,0.0,0.0,4.0,0.0,0.0,108679.0,0.0,0.0,57.0,107300.0,33.0,0.0,0.0,0.0,0.0,0.0
2026-09-27T10:44:03.853479+08:00,mqtt-connections-vm,26761,9.1,128976,,,,200,11.3,,200,192.9,,200,117.3,,200,408.7,,200,129.4,,1.0,4954.0,45.0,5000.0,0.0,0.0,0.0,0.0,0.0,0.0,0.0,0.0,0.0,3.0,0.0,0.0,4.0,0.0,0.0,108679.0,0.0,0.0,57.0,107300.0,33.0,0.0,0.0,0.0,0.0,0.0
2026-09-27T10:44:08.863276+08:00,mqtt-connections-vm,26761,11.3,156944,,,,200,7.6,,200,146.3,,200,69.9,,200,274.6,,200,44.9,,1.0,4954.0,45.0,5000.0,0.0,0.0,0.0,0.0,0.0,0.0,0.0,0.0,0.0,3.0,0.0,0.0,4.0,0.0,0.0,108679.0,0.0,0.0,57.0,107300.0,33.0,0.0,0.0,0.0,0.0,0.0
2026-09-27T10:44:13.872454+08:00,mqtt-connections-vm,26761,9.5,158464,6643,1361,2290,200,21.8,,200,234.5,,200,241.3,,200,445.1,,200,240.2,,1.0,4954.0,45.0,5000.0,0.0,0.0,0.0,0.0,0.0,0.0,0.0,0.0,0.0,3.0,0.0,0.0,4.0,0.0,0.0,108679.0,0.0,0.0,57.0,107300.0,33.0,0.0,0.0,0.0,0.0,0.0
2026-09-27T10:44:18.876983+08:00,mqtt-connections-vm,26761,18.2,164208,,,,200,4.1,,200,24.8,,200,15.4,,200,196.8,,200,21.4,,1.0,4954.0,45.0,5000.0,0.0,0.0,0.0,0.0,0.0,0.0,0.0,0.0,3.0,3.0,0.0,0.0,4.0,0.0,0.0,108679.0,0.0,0.0,57.0,107300.0,33.0,0.0,0.0,0.0,0.0,0.0
2026-09-27T10:44:23.878689+08:00,mqtt-connections-vm,26761,20.5,179200,,,,200,9.6,,200,33.5,,200,20.5,,200,210.9,,200,34.2,,1.0,4954.0,45.0,5000.0,0.0,0.0,0.0,0.0,0.0,0.0,0.0,0.0,1.0,3.0,0.0,0.0,4.0,0.0,0.0,108679.0,0.0,0.0,57.0,107300.0,33.0,0.0,0.0,0.0,0.0,0.0
2026-09-27T10:44:28.879974+08:00,mqtt-connections-vm,26761,21.1,176288,6344,1659,2818,200,12.8,,200,39.7,,200,36.6,,200,230.1,,200,51.6,,1.0,4954.0,45.0,5000.0,0.0,0.0,0.0,0.0,0.0,0.0,0.0,0.0,1.0,3.0,0.0,0.0,4.0,0.0,0.0,108679.0,0.0,0.0,57.0,107300.0,33.0,0.0,0.0,0.0,0.0,0.0
2026-09-27T10:44:33.880583+08:00,mqtt-connections-vm,26761,20.4,173584,,,,200,7.6,,200,31.0,,200,15.6,,200,210.4,,200,32.2,,1.0,4954.0,45.0,5000.0,0.0,0.0,0.0,0.0,0.0,0.0,0.0,0.0,0.0,3.0,0.0,0.0,4.0,0.0,0.0,108679.0,0.0,0.0,57.0,107300.0,33.0,0.0,0.0,0.0,0.0,0.0
2026-09-27T10:44:38.887685+08:00,mqtt-connections-vm,26761,24.4,134656,,,,200,10.0,,200,22.3,,200,22.0,,200,173.1,,200,23.5,,1.0,4954.0,45.0,5000.0,0.0,0.0,0.0,0.0,0.0,0.0,0.0,0.0,0.0,3.0,0.0,0.0,4.0,0.0,0.0,108679.0,0.0,0.0,57.0,107300.0,33.0,0.0,0.0,0.0,0.0,0.0
2026-09-27T10:44:43.899392+08:00,mqtt-connections-vm,26761,24.8,176592,6124,1880,3060,200,8.8,,200,25.5,,200,23.2,,200,285.6,,200,31.6,,1.0,4954.0,45.0,5000.0,0.0,0.0,0.0,0.0,0.0,0.0,0.0,0.0,0.0,3.0,0.0,0.0,4.0,0.0,0.0,108679.0,0.0,0.0,57.0,107300.0,33.0,0.0,0.0,0.0,0.0,0.0
2026-09-27T10:44:48.905697+08:00,mqtt-native-recovery,26761,23.8,172496,,,,200,3.5,,200,13.0,,200,11.7,,200,171.8,,200,24.1,,1.0,4954.0,45.0,5000.0,0.0,0.0,0.0,0.0,0.0,0.0,0.0,0.0,0.0,3.0,0.0,0.0,4.0,0.0,0.0,108679.0,0.0,0.0,57.0,107300.0,33.0,0.0,0.0,0.0,0.0,0.0
2026-09-27T10:44:53.915692+08:00,mqtt-native-recovery,26761,29.0,194272,,,,200,5.9,,200,10.5,,200,16.2,,200,164.5,,200,14.3,,1.0,4954.0,45.0,5000.0,0.0,0.0,0.0,0.0,0.0,0.0,0.0,0.0,0.0,3.0,0.0,0.0,4.0,0.0,0.0,108679.0,0.0,0.0,57.0,107300.0,33.0,0.0,0.0,0.0,0.0,0.0
2026-09-27T10:44:58.924447+08:00,mqtt-valid-publish-tokens,26761,88.0,195168,4540,3464,2696,200,1.7,,200,15.0,,200,11.7,,200,261.6,,200,13.6,,1.0,4954.0,45.0,5000.0,0.0,0.0,0.0,0.0,0.0,0.0,0.0,0.0,0.0,3.0,0.0,0.0,4.0,0.0,0.0,108679.0,0.0,0.0,57.0,107300.0,33.0,0.0,0.0,0.0,0.0,0.0
2026-09-27T10:45:03.925088+08:00,mqtt-valid-publish-recovery,26761,12.1,193520,,,,200,10.6,,200,33.7,,200,31.2,,200,204.3,,200,27.6,,1.0,4954.0,45.0,5000.0,0.0,0.0,0.0,0.0,0.0,0.0,0.0,0.0,0.0,3.0,0.0,0.0,4.0,0.0,0.0,108679.0,0.0,0.0,57.0,107300.0,33.0,0.0,0.0,0.0,0.0,0.0
2026-09-27T10:45:08.933318+08:00,mqtt-valid-publish-recovery,26761,7.3,194224,,,,200,6.2,,200,36.2,,200,30.2,,200,178.4,,200,38.3,,1.0,4954.0,45.0,5000.0,0.0,0.0,0.0,0.0,0.0,0.0,0.0,0.0,0.0,3.0,0.0,0.0,4.0,0.0,0.0,108679.0,0.0,0.0,57.0,107300.0,33.0,0.0,0.0,0.0,0.0,0.0
2026-09-27T10:45:13.944993+08:00,mqtt-valid-publish-recovery,26761,11.3,195552,4622,3381,2609,200,18.6,,200,42.2,,200,37.9,,200,190.0,,200,47.2,,1.0,4954.0,45.0,5000.0,0.0,0.0,0.0,0.0,0.0,0.0,0.0,0.0,0.0,3.0,0.0,0.0,4.0,0.0,0.0,108679.0,0.0,0.0,57.0,107300.0,33.0,0.0,0.0,0.0,0.0,0.0
2026-09-27T10:45:18.948212+08:00,mqtt-valid-publish-recovery,26761,6.0,191872,,,,200,6.4,,200,12.5,,200,18.9,,200,165.2,,200,28.3,,1.0,4954.0,45.0,5000.0,0.0,0.0,0.0,0.0,0.0,0.0,0.0,0.0,0.0,3.0,0.0,0.0,4.0,0.0,0.0,108679.0,0.0,0.0,57.0,107300.0,33.0,0.0,0.0,0.0,0.0,0.0
2026-09-27T10:45:23.956045+08:00,mqtt-valid-publish-recovery,26761,32.9,192208,,,,200,4.6,,200,17.6,,200,15.1,,200,185.4,,200,26.9,,1.0,4954.0,45.0,5000.0,0.0,0.0,0.0,0.0,0.0,0.0,0.0,0.0,0.0,3.0,0.0,0.0,4.0,0.0,0.0,108679.0,0.0,0.0,57.0,107300.0,33.0,0.0,0.0,0.0,0.0,0.0
2026-09-27T10:45:28.963597+08:00,mqtt-valid-publish-recovery,26761,27.0,197568,4694,3310,2525,200,2.2,,200,12.5,,200,10.4,,200,168.0,,200,12.4,,1.0,4954.0,45.0,5000.0,0.0,0.0,0.0,0.0,0.0,0.0,0.0,0.0,0.0,3.0,0.0,0.0,4.0,0.0,0.0,108679.0,0.0,0.0,57.0,107300.0,33.0,0.0,0.0,0.0,0.0,0.0
2026-09-27T10:45:33.970914+08:00,mqtt-valid-publish-recovery,26761,6.5,203152,,,,200,8.7,,200,36.4,,200,35.1,,200,197.7,,200,41.1,,1.0,4954.0,45.0,5000.0,0.0,0.0,0.0,0.0,0.0,0.0,0.0,0.0,0.0,3.0,0.0,0.0,4.0,0.0,0.0,108679.0,0.0,0.0,57.0,107300.0,33.0,0.0,0.0,0.0,0.0,0.0
2026-09-27T10:45:38.980987+08:00,mqtt-valid-publish-recovery,26761,6.4,205088,,,,200,4.7,,200,25.6,,200,28.4,,200,183.5,,200,30.1,,1.0,4954.0,45.0,5000.0,0.0,0.0,0.0,0.0,0.0,0.0,0.0,0.0,0.0,3.0,0.0,0.0,4.0,0.0,0.0,108679.0,0.0,0.0,57.0,107300.0,33.0,0.0,0.0,0.0,0.0,0.0
2026-09-27T10:45:43.982692+08:00,mqtt-valid-publish-recovery,26761,5.2,205008,4720,3284,2486,200,2.5,,200,15.5,,200,17.0,,200,185.9,,200,30.1,,1.0,4954.0,45.0,5000.0,0.0,0.0,0.0,0.0,0.0,0.0,0.0,0.0,0.0,3.0,0.0,0.0,4.0,0.0,0.0,108679.0,0.0,0.0,57.0,107300.0,33.0,0.0,0.0,0.0,0.0,0.0
2026-09-27T10:45:48.990732+08:00,mqtt-valid-publish-recovery,26761,5.7,204432,,,,200,10.7,,200,52.7,,200,46.8,,200,205.2,,200,43.2,,1.0,4954.0,45.0,5000.0,0.0,0.0,0.0,0.0,0.0,0.0,0.0,0.0,0.0,3.0,0.0,0.0,4.0,0.0,0.0,108679.0,0.0,0.0,57.0,107300.0,33.0,0.0,0.0,0.0,0.0,0.0
2026-09-27T10:45:53.998911+08:00,mqtt-valid-publish-recovery,26761,30.8,193648,,,,200,4.9,,200,16.8,,200,12.2,,200,149.4,,200,14.3,,1.0,4954.0,45.0,5000.0,0.0,0.0,0.0,0.0,0.0,0.0,0.0,0.0,0.0,3.0,0.0,0.0,4.0,0.0,0.0,108679.0,0.0,0.0,57.0,107300.0,33.0,0.0,0.0,0.0,0.0,0.0
2026-09-27T10:45:59.008997+08:00,mqtt-valid-publish-recovery,26761,36.6,195824,4734,3270,2299,200,6.4,,200,16.1,,200,16.1,,200,146.4,,200,18.5,,1.0,4954.0,45.0,5000.0,0.0,0.0,0.0,0.0,0.0,0.0,0.0,0.0,0.0,3.0,0.0,0.0,4.0,0.0,0.0,108679.0,0.0,0.0,57.0,107300.0,33.0,0.0,0.0,0.0,0.0,0.0
2026-09-27T10:46:04.019929+08:00,mqtt-valid-publish-recovery,26761,7.0,195504,,,,200,8.3,,200,40.1,,200,39.5,,200,182.4,,200,40.5,,1.0,4954.0,45.0,5000.0,0.0,0.0,0.0,0.0,0.0,0.0,0.0,0.0,0.0,3.0,0.0,0.0,4.0,0.0,0.0,108679.0,0.0,0.0,57.0,107300.0,33.0,0.0,0.0,0.0,0.0,0.0
2026-09-27T10:46:09.029291+08:00,mqtt-valid-publish-recovery,26761,6.5,199200,,,,200,5.0,,200,27.0,,200,26.2,,200,160.6,,200,34.1,,1.0,4954.0,45.0,5000.0,0.0,0.0,0.0,0.0,0.0,0.0,0.0,0.0,0.0,3.0,0.0,0.0,4.0,0.0,0.0,108679.0,0.0,0.0,57.0,107300.0,33.0,0.0,0.0,0.0,0.0,0.0
2026-09-27T10:46:14.040534+08:00,mqtt-valid-publish-recovery,26761,6.5,195584,4765,3239,2271,200,4.0,,200,23.4,,200,21.6,,200,165.3,,200,28.1,,1.0,4954.0,45.0,5000.0,0.0,0.0,0.0,0.0,0.0,0.0,0.0,0.0,0.0,3.0,0.0,0.0,4.0,0.0,0.0,108679.0,0.0,0.0,57.0,107300.0,33.0,0.0,0.0,0.0,0.0,0.0
2026-09-27T10:46:19.046728+08:00,mqtt-valid-publish-recovery,26761,7.9,197216,,,,200,5.8,,200,16.5,,200,13.6,,200,157.5,,200,16.4,,1.0,4954.0,45.0,5000.0,0.0,0.0,0.0,0.0,0.0,0.0,0.0,0.0,0.0,3.0,0.0,0.0,4.0,0.0,0.0,108679.0,0.0,0.0,57.0,107300.0,33.0,0.0,0.0,0.0,0.0,0.0
2026-09-27T10:46:24.048147+08:00,mqtt-valid-publish-recovery,26761,37.8,202288,,,,200,4.3,,200,22.0,,200,14.2,,200,177.5,,200,14.2,,1.0,4954.0,45.0,5000.0,0.0,0.0,0.0,0.0,0.0,0.0,0.0,0.0,0.0,3.0,0.0,0.0,4.0,0.0,0.0,108679.0,0.0,0.0,57.0,107300.0,33.0,0.0,0.0,0.0,0.0,0.0
2026-09-27T10:46:29.053018+08:00,mqtt-valid-publish-recovery,26761,32.1,198256,4785,3219,2247,200,7.2,,200,12.0,,200,13.1,,200,167.5,,200,16.8,,1.0,4954.0,45.0,5000.0,0.0,0.0,0.0,0.0,0.0,0.0,0.0,0.0,0.0,3.0,0.0,0.0,4.0,0.0,0.0,108679.0,0.0,0.0,57.0,107300.0,33.0,0.0,0.0,0.0,0.0,0.0
2026-09-27T10:46:34.059106+08:00,mqtt-valid-publish-recovery,26761,9.7,208912,,,,200,14.1,,200,30.5,,200,30.0,,200,176.9,,200,31.5,,1.0,4954.0,45.0,5000.0,0.0,0.0,0.0,0.0,0.0,0.0,0.0,0.0,0.0,3.0,0.0,0.0,4.0,0.0,0.0,108679.0,0.0,0.0,57.0,107300.0,33.0,0.0,0.0,0.0,0.0,0.0
2026-09-27T10:46:39.063281+08:00,mqtt-valid-publish-recovery,26761,7.3,208192,,,,200,4.1,,200,8.5,,200,9.5,,200,156.9,,200,17.2,,1.0,4954.0,45.0,5000.0,0.0,0.0,0.0,0.0,0.0,0.0,0.0,0.0,0.0,3.0,0.0,0.0,4.0,0.0,0.0,108679.0,0.0,0.0,57.0,107300.0,33.0,0.0,0.0,0.0,0.0,0.0
2026-09-27T10:46:44.064063+08:00,mqtt-valid-publish-recovery,26761,6.6,206512,4780,3224,2240,200,11.1,,200,34.9,,200,22.2,,200,185.6,,200,39.5,,1.0,4954.0,45.0,5000.0,0.0,0.0,0.0,0.0,0.0,0.0,0.0,0.0,0.0,3.0,0.0,0.0,4.0,0.0,0.0,108679.0,0.0,0.0,57.0,107300.0,33.0,0.0,0.0,0.0,0.0,0.0
2026-09-27T10:46:49.069319+08:00,mqtt-valid-publish-recovery,26761,7.9,195424,,,,200,6.2,,200,25.9,,200,32.6,,200,165.0,,200,25.9,,1.0,4954.0,45.0,5000.0,0.0,0.0,0.0,0.0,0.0,0.0,0.0,0.0,0.0,3.0,0.0,0.0,4.0,0.0,0.0,108679.0,0.0,0.0,57.0,107300.0,33.0,0.0,0.0,0.0,0.0,0.0
2026-09-27T10:46:54.076779+08:00,mqtt-valid-publish-recovery,26761,34.4,196416,,,,200,4.4,,200,11.0,,200,10.1,,200,139.7,,200,15.9,,1.0,4954.0,45.0,5000.0,0.0,0.0,0.0,0.0,0.0,0.0,0.0,0.0,0.0,3.0,0.0,0.0,4.0,0.0,0.0,108679.0,0.0,0.0,57.0,107300.0,33.0,0.0,0.0,0.0,0.0,0.0
2026-09-27T10:46:59.085595+08:00,mqtt-valid-publish-recovery,26761,35.3,198752,4607,3396,2113,200,13.7,,200,14.2,,200,13.7,,200,226.4,,200,14.4,,1.0,4954.0,45.0,5000.0,0.0,0.0,0.0,0.0,0.0,0.0,0.0,0.0,0.0,3.0,0.0,0.0,4.0,0.0,0.0,108679.0,0.0,0.0,57.0,107300.0,33.0,0.0,0.0,0.0,0.0,0.0
2026-09-27T10:47:04.096833+08:00,mqtt-valid-publish-recovery,26761,27.9,197584,,,,200,6.7,,200,31.4,,200,31.0,,200,179.9,,200,40.0,,1.0,4954.0,45.0,5000.0,0.0,0.0,0.0,0.0,0.0,0.0,0.0,0.0,0.0,3.0,0.0,0.0,4.0,0.0,0.0,108679.0,0.0,0.0,57.0,107300.0,33.0,0.0,0.0,0.0,0.0,0.0
2026-09-27T10:47:09.112594+08:00,mqtt-valid-publish-recovery,26761,5.3,198080,,,,200,9.3,,200,24.9,,200,22.8,,200,167.5,,200,25.2,,1.0,4954.0,45.0,5000.0,0.0,0.0,0.0,0.0,0.0,0.0,0.0,0.0,0.0,3.0,0.0,0.0,4.0,0.0,0.0,108679.0,0.0,0.0,57.0,107300.0,33.0,0.0,0.0,0.0,0.0,0.0
2026-09-27T10:47:14.119094+08:00,mqtt-valid-publish-recovery,26761,10.5,198240,4549,3454,2109,200,17.4,,200,36.8,,200,33.8,,200,184.7,,200,34.6,,1.0,4954.0,45.0,5000.0,0.0,0.0,0.0,0.0,0.0,0.0,0.0,0.0,0.0,3.0,0.0,0.0,4.0,0.0,0.0,108679.0,0.0,0.0,57.0,107300.0,33.0,0.0,0.0,0.0,0.0,0.0
2026-09-27T10:47:19.129085+08:00,mqtt-valid-publish-recovery,26761,6.3,199360,,,,200,4.9,,200,18.3,,200,13.2,,200,143.6,,200,22.2,,1.0,4954.0,45.0,5000.0,0.0,0.0,0.0,0.0,0.0,0.0,0.0,0.0,0.0,3.0,0.0,0.0,4.0,0.0,0.0,108679.0,0.0,0.0,57.0,107300.0,33.0,0.0,0.0,0.0,0.0,0.0
2026-09-27T10:47:24.137052+08:00,mqtt-valid-publish-recovery,26761,26.7,201520,,,,200,2.7,,200,10.0,,200,8.4,,200,144.6,,200,11.3,,1.0,4954.0,45.0,5000.0,0.0,0.0,0.0,0.0,0.0,0.0,0.0,0.0,0.0,3.0,0.0,0.0,4.0,0.0,0.0,108679.0,0.0,0.0,57.0,107300.0,33.0,0.0,0.0,0.0,0.0,0.0
2026-09-27T10:47:29.144347+08:00,mqtt-valid-publish-recovery,26761,37.6,204144,4512,3491,2099,200,10.4,,200,19.7,,200,12.8,,200,193.0,,200,22.7,,1.0,4954.0,45.0,5000.0,0.0,0.0,0.0,0.0,0.0,0.0,0.0,0.0,0.0,3.0,0.0,0.0,4.0,0.0,0.0,108679.0,0.0,0.0,57.0,107300.0,33.0,0.0,0.0,0.0,0.0,0.0
2026-09-27T10:47:34.146115+08:00,mqtt-valid-publish-recovery,26761,6.1,199408,,,,200,3.8,,200,33.5,,200,30.1,,200,189.9,,200,30.7,,1.0,4954.0,45.0,5000.0,0.0,0.0,0.0,0.0,0.0,0.0,0.0,0.0,0.0,3.0,0.0,0.0,4.0,0.0,0.0,108679.0,0.0,0.0,57.0,107300.0,33.0,0.0,0.0,0.0,0.0,0.0
2026-09-27T10:47:39.154419+08:00,mqtt-valid-publish-recovery,26761,7.3,199344,,,,200,7.6,,200,39.4,,200,26.9,,200,180.0,,200,29.7,,1.0,4954.0,45.0,5000.0,0.0,0.0,0.0,0.0,0.0,0.0,0.0,0.0,0.0,3.0,0.0,0.0,4.0,0.0,0.0,108679.0,0.0,0.0,57.0,107300.0,33.0,0.0,0.0,0.0,0.0,0.0
2026-09-27T10:47:44.165593+08:00,mqtt-valid-publish-recovery,26761,25.4,200288,4560,3444,2084,200,10.1,,200,38.8,,200,35.3,,200,181.8,,200,37.4,,1.0,4954.0,45.0,5000.0,0.0,0.0,0.0,0.0,0.0,0.0,0.0,0.0,0.0,3.0,0.0,0.0,4.0,0.0,0.0,108679.0,0.0,0.0,57.0,107300.0,33.0,0.0,0.0,0.0,0.0,0.0
2026-09-27T10:47:49.176418+08:00,mqtt-valid-publish-recovery,26761,7.3,195600,,,,200,9.9,,200,25.2,,200,24.7,,200,180.3,,200,30.6,,1.0,4954.0,45.0,5000.0,0.0,0.0,0.0,0.0,0.0,0.0,0.0,0.0,0.0,3.0,0.0,0.0,4.0,0.0,0.0,108679.0,0.0,0.0,57.0,107300.0,33.0,0.0,0.0,0.0,0.0,0.0
2026-09-27T10:47:54.181690+08:00,mqtt-valid-publish-recovery,26761,33.1,207872,,,,200,6.5,,200,21.9,,200,18.3,,200,161.0,,200,18.3,,1.0,4954.0,45.0,5000.0,0.0,0.0,0.0,0.0,0.0,0.0,0.0,0.0,0.0,3.0,0.0,0.0,4.0,0.0,0.0,108679.0,0.0,0.0,57.0,107300.0,33.0,0.0,0.0,0.0,0.0,0.0
2026-09-27T10:47:59.191644+08:00,mqtt-valid-publish-recovery,26761,29.0,207360,4558,3445,2074,200,13.9,,200,23.4,,200,14.8,,200,161.0,,200,19.8,,1.0,4954.0,45.0,5000.0,0.0,0.0,0.0,0.0,0.0,0.0,0.0,0.0,0.0,3.0,0.0,0.0,4.0,0.0,0.0,108679.0,0.0,0.0,57.0,107300.0,33.0,0.0,0.0,0.0,0.0,0.0
2026-09-27T10:48:04.202161+08:00,mqtt-valid-publish-recovery,26761,6.2,212944,,,,200,7.7,,200,25.1,,200,19.3,,200,174.9,,200,20.6,,1.0,4954.0,45.0,5000.0,0.0,0.0,0.0,0.0,0.0,0.0,0.0,0.0,0.0,3.0,0.0,0.0,4.0,0.0,0.0,108679.0,0.0,0.0,57.0,107300.0,33.0,0.0,0.0,0.0,0.0,0.0
2026-09-27T10:48:09.210725+08:00,mqtt-valid-publish-recovery,26761,21.5,207488,,,,200,5.8,,200,11.0,,200,14.9,,200,146.2,,200,9.9,,1.0,4954.0,45.0,5000.0,0.0,0.0,0.0,0.0,0.0,0.0,0.0,0.0,0.0,3.0,0.0,0.0,4.0,0.0,0.0,108679.0,0.0,0.0,57.0,107300.0,33.0,0.0,0.0,0.0,0.0,0.0
2026-09-27T10:48:14.222212+08:00,mqtt-valid-publish-recovery,26761,7.3,199696,4537,3467,2073,200,3.6,,200,30.9,,200,35.7,,200,178.9,,200,37.8,,1.0,4954.0,45.0,5000.0,0.0,0.0,0.0,0.0,0.0,0.0,0.0,0.0,0.0,3.0,0.0,0.0,4.0,0.0,0.0,108679.0,0.0,0.0,57.0,107300.0,33.0,0.0,0.0,0.0,0.0,0.0
2026-09-27T10:48:19.232102+08:00,mqtt-valid-publish-recovery,26761,8.3,193408,,,,200,8.3,,200,17.7,,200,17.5,,200,151.9,,200,20.3,,1.0,4954.0,45.0,5000.0,0.0,0.0,0.0,0.0,0.0,0.0,0.0,0.0,0.0,3.0,0.0,0.0,4.0,0.0,0.0,108679.0,0.0,0.0,57.0,107300.0,33.0,0.0,0.0,0.0,0.0,0.0
2026-09-27T10:48:24.239786+08:00,mqtt-valid-publish-recovery,26761,37.6,196688,,,,200,4.6,,200,7.3,,200,8.9,,200,144.6,,200,11.9,,1.0,4954.0,45.0,5000.0,0.0,0.0,0.0,0.0,0.0,0.0,0.0,0.0,0.0,3.0,0.0,0.0,4.0,0.0,0.0,108679.0,0.0,0.0,57.0,107300.0,33.0,0.0,0.0,0.0,0.0,0.0
2026-09-27T10:48:29.245102+08:00,mqtt-valid-publish-recovery,26761,36.4,197184,4552,3452,2057,200,6.4,,200,12.2,,200,13.4,,200,167.0,,200,19.1,,1.0,4954.0,45.0,5000.0,0.0,0.0,0.0,0.0,0.0,0.0,0.0,0.0,0.0,3.0,0.0,0.0,4.0,0.0,0.0,108679.0,0.0,0.0,57.0,107300.0,33.0,0.0,0.0,0.0,0.0,0.0
2026-09-27T10:48:34.257159+08:00,mqtt-valid-publish-recovery,26761,12.3,198000,,,,200,10.1,,200,37.1,,200,35.5,,200,192.0,,200,41.3,,1.0,4954.0,45.0,5000.0,0.0,0.0,0.0,0.0,0.0,0.0,0.0,0.0,0.0,3.0,0.0,0.0,4.0,0.0,0.0,108679.0,0.0,0.0,57.0,107300.0,33.0,0.0,0.0,0.0,0.0,0.0
2026-09-27T10:48:39.263567+08:00,mqtt-valid-publish-recovery,26761,3.6,192496,,,,200,7.3,,200,39.6,,200,27.2,,200,170.4,,200,33.7,,1.0,4954.0,45.0,5000.0,0.0,0.0,0.0,0.0,0.0,0.0,0.0,0.0,0.0,3.0,0.0,0.0,4.0,0.0,0.0,108679.0,0.0,0.0,57.0,107300.0,33.0,0.0,0.0,0.0,0.0,0.0
2026-09-27T10:48:44.271779+08:00,mqtt-valid-publish-recovery,26761,5.3,194208,3996,4007,2042,200,5.2,,200,20.1,,200,11.7,,200,160.4,,200,15.0,,1.0,4954.0,45.0,5000.0,0.0,0.0,0.0,0.0,0.0,0.0,0.0,0.0,0.0,3.0,0.0,0.0,4.0,0.0,0.0,108679.0,0.0,0.0,57.0,107300.0,33.0,0.0,0.0,0.0,0.0,0.0
2026-09-27T10:48:49.282178+08:00,mqtt-valid-publish-recovery,26761,21.9,196608,,,,200,3.6,,200,17.4,,200,16.8,,200,151.9,,200,18.4,,1.0,4954.0,45.0,5000.0,0.0,0.0,0.0,0.0,0.0,0.0,0.0,0.0,0.0,3.0,0.0,0.0,4.0,0.0,0.0,108679.0,0.0,0.0,57.0,107300.0,33.0,0.0,0.0,0.0,0.0,0.0
2026-09-27T10:48:54.282500+08:00,mqtt-valid-publish-recovery,26761,30.2,198160,,,,200,5.2,,200,17.2,,200,10.8,,200,142.0,,200,17.0,,1.0,4954.0,45.0,5000.0,0.0,0.0,0.0,0.0,0.0,0.0,0.0,0.0,0.0,3.0,0.0,0.0,4.0,0.0,0.0,108679.0,0.0,0.0,57.0,107300.0,33.0,0.0,0.0,0.0,0.0,0.0
2026-09-27T10:48:59.287094+08:00,mqtt-valid-publish-recovery,26761,36.2,201072,3989,4014,2032,200,9.1,,200,11.0,,200,12.3,,200,144.0,,200,20.6,,1.0,4954.0,45.0,5000.0,0.0,0.0,0.0,0.0,0.0,0.0,0.0,0.0,0.0,3.0,0.0,0.0,4.0,0.0,0.0,108679.0,0.0,0.0,57.0,107300.0,33.0,0.0,0.0,0.0,0.0,0.0
2026-09-27T10:49:04.291246+08:00,mqtt-valid-publish-recovery,26761,15.8,199600,,,,200,10.5,,200,23.1,,200,23.2,,200,183.9,,200,24.3,,1.0,4954.0,45.0,5000.0,0.0,0.0,0.0,0.0,0.0,0.0,0.0,0.0,0.0,3.0,0.0,0.0,4.0,0.0,0.0,108679.0,0.0,0.0,57.0,107300.0,33.0,0.0,0.0,0.0,0.0,0.0
2026-09-27T10:49:09.301404+08:00,mqtt-valid-publish-recovery,26761,3.9,199616,,,,200,5.7,,200,20.9,,200,19.6,,200,156.1,,200,21.1,,1.0,4954.0,45.0,5000.0,0.0,0.0,0.0,0.0,0.0,0.0,0.0,0.0,0.0,3.0,0.0,0.0,4.0,0.0,0.0,108679.0,0.0,0.0,57.0,107300.0,33.0,0.0,0.0,0.0,0.0,0.0
2026-09-27T10:49:14.313168+08:00,mqtt-final-pub-tokens,26761,17.3,198768,3935,4069,2011,200,6.0,,200,235.1,,200,27.5,,200,272.2,,200,39.5,,1.0,4954.0,45.0,5000.0,0.0,0.0,0.0,0.0,0.0,0.0,0.0,0.0,0.0,3.0,0.0,0.0,4.0,0.0,0.0,108679.0,0.0,0.0,57.0,107300.0,33.0,0.0,0.0,0.0,0.0,0.0
2026-09-27T10:49:19.314179+08:00,mqtt-final-publish-ramp,26761,30.3,185712,,,,200,2.1,,200,17.0,,200,13.7,,200,299.3,,200,29.3,,1.0,4954.0,45.0,5000.0,0.0,0.0,0.0,0.0,0.0,0.0,0.0,0.0,15.0,3.0,0.0,34.64951620612997,4.0,0.0,0.0,108850.0,0.0,0.0,57.0,107473.0,33.0,0.0,0.0,0.0,0.0,0.0
2026-09-27T10:49:24.323129+08:00,mqtt-final-publish-ramp,26761,35.4,197744,,,,200,4.2,,200,30.6,,200,21.4,,200,300.1,,200,33.0,,1.0,4954.0,45.0,5000.0,0.0,19.0,0.0,0.0,6.0,0.0,13.0,0.0,27.0,3.0,0.0,49.08992117311674,4.0,0.0,0.0,109104.0,17.0,0.0,57.0,107719.0,33.0,0.0,0.0,0.0,0.0,0.0
2026-09-27T10:49:29.330761+08:00,mqtt-final-publish-ramp,26761,36.4,192976,4336,3668,1949,200,4.7,,200,39.2,,200,14.6,,200,448.7,,200,43.0,,1.0,4954.0,45.0,5000.0,0.0,19.0,0.0,0.0,6.0,0.0,13.0,0.0,25.0,3.0,0.0,48.30427541740533,4.0,0.0,0.0,109346.0,17.0,0.0,57.0,107961.0,33.0,0.0,0.0,0.0,0.0,0.0
2026-09-27T10:49:34.334969+08:00,mqtt-final-publish-ramp,26761,39.5,190144,,,,200,4.5,,200,18.6,,200,15.6,,200,193.8,,200,26.5,,1.0,4954.0,45.0,5000.0,0.0,19.0,0.0,0.0,6.0,0.0,13.0,0.0,62.0,3.0,0.0,67.40170353878813,4.0,0.0,0.0,109605.0,17.0,0.0,57.0,108223.0,33.0,0.0,0.0,0.0,0.0,0.0
2026-09-27T10:49:39.344734+08:00,mqtt-final-publish-ramp,26761,35.8,193536,,,,200,4.6,,200,19.9,,200,18.1,,200,232.3,,200,27.5,,1.0,4954.0,45.0,5000.0,0.0,19.0,0.0,0.0,9.0,0.0,10.0,0.0,25.0,3.0,0.0,50.303952560670695,4.0,0.0,0.0,109861.0,22.0,0.0,57.0,108475.0,33.0,0.0,0.0,0.0,0.0,0.0
2026-09-27T10:49:44.346289+08:00,mqtt-final-publish-ramp,26761,39.9,193824,4368,3636,1933,200,5.7,,200,36.5,,200,31.2,,200,283.3,,200,33.3,,1.0,4954.0,45.0,5000.0,0.0,19.0,0.0,0.0,9.0,0.0,10.0,0.0,1.0,3.0,0.0,54.72641240319411,4.0,0.0,0.0,109961.0,22.0,0.0,57.0,108588.0,33.0,0.0,0.0,0.0,0.0,0.0
2026-09-27T10:49:49.356625+08:00,mqtt-final-publish-ramp,26761,44.9,190832,,,,200,2.4,,200,49.3,,200,39.3,,200,275.9,,200,36.4,,1.0,4954.0,45.0,5000.0,0.0,19.0,0.0,0.0,9.0,0.0,10.0,0.0,207.0,3.0,0.0,69.30514437698962,4.0,0.0,0.0,110307.0,22.0,0.0,57.0,108919.0,33.0,0.0,0.0,0.0,0.0,0.0
2026-09-27T10:49:54.366197+08:00,mqtt-final-publish-ramp,26761,26.1,192448,,,,200,6.9,,200,25.1,,200,43.5,,200,239.3,,200,46.4,,1.0,4954.0,45.0,5000.0,0.0,70.0,0.0,0.0,17.0,0.0,53.0,0.0,496.0,3.0,0.0,58.628705975469124,4.0,0.0,0.0,110603.0,65.0,0.0,57.0,109213.0,33.0,0.0,0.0,0.0,0.0,0.0
2026-09-27T10:49:59.373348+08:00,mqtt-final-publish-ramp,26761,25.1,186832,4428,3576,1914,200,14.1,,200,106.5,,200,51.7,,200,430.9,,200,98.6,,1.0,4954.0,45.0,5000.0,0.0,70.0,0.0,0.0,17.0,0.0,53.0,0.0,628.0,3.0,0.0,85.38556201870136,4.0,0.0,0.0,111043.0,65.0,0.0,57.0,109640.0,33.0,0.0,0.0,0.0,0.0,0.0
2026-09-27T10:50:04.376442+08:00,mqtt-final-publish-ramp,26761,24.8,186880,,,,200,4.0,,200,77.2,,200,77.3,,200,296.1,,200,200.8,,1.0,4954.0,45.0,5000.0,0.0,70.0,0.0,0.0,17.0,0.0,53.0,0.0,777.0,3.0,0.0,42.52144176921089,4.0,0.0,0.0,111405.0,65.0,0.0,57.0,110001.0,33.0,0.0,0.0,0.0,0.0,0.0
2026-09-27T10:50:09.384083+08:00,mqtt-final-publish-ramp,26761,63.3,187024,,,,200,4.5,,200,68.4,,200,17.1,,200,248.7,,200,33.4,,1.0,4954.0,45.0,5000.0,0.0,96.0,0.0,0.0,8.0,0.0,88.0,0.0,988.0,3.0,0.0,146.21172127203187,4.0,0.0,0.0,111697.0,99.0,0.0,57.0,110279.0,33.0,0.0,0.0,0.0,0.0,0.0
2026-09-27T10:50:14.395105+08:00,mqtt-final-publish-ramp,26761,25.1,190192,4402,3602,1895,200,7.7,,200,37.3,,200,169.6,,200,302.5,,200,169.7,,1.0,4954.0,45.0,5000.0,0.0,96.0,0.0,0.0,8.0,0.0,88.0,0.0,636.0,3.0,0.0,14.197015441529455,4.0,0.0,0.0,112061.0,99.0,0.0,57.0,110646.0,33.0,0.0,0.0,0.0,0.0,0.0
2026-09-27T10:50:20.471740+08:00,mqtt-final-publish-ramp,26761,47.0,188160,,,,200,14.1,,200,893.5,,200,767.5,,200,729.2,,200,764.6,,1.0,4954.0,45.0,5000.0,0.0,96.0,0.0,0.0,8.0,0.0,88.0,0.0,1371.0,3.0,0.0,7.3942098631365365,4.0,0.0,0.0,112179.0,99.0,0.0,57.0,110740.0,33.0,0.0,0.0,0.0,0.0,0.0
2026-09-27T10:50:25.480857+08:00,mqtt-final-publish-ramp,26761,31.0,185408,,,,200,5.2,,200,176.3,,200,181.0,,200,384.8,,200,277.6,,1.0,4954.0,45.0,5000.0,0.0,132.0,0.0,0.0,21.0,0.0,111.0,0.0,2348.0,3.0,0.0,16.999688337913824,4.0,0.0,0.0,112266.0,132.0,0.0,57.0,110825.0,33.0,0.0,0.0,0.0,0.0,0.0
2026-09-27T10:50:30.482200+08:00,mqtt-final-publish-ramp,26761,33.7,178016,4365,3638,1885,200,5.1,,200,315.5,,200,522.0,,200,513.3,,200,616.0,,1.0,4954.0,45.0,5000.0,0.0,132.0,0.0,0.0,21.0,0.0,111.0,0.0,2348.0,3.0,0.0,11.40369917070957,4.0,0.0,0.0,112328.0,132.0,0.0,57.0,110882.0,33.0,0.0,0.0,0.0,0.0,0.0
2026-09-27T10:50:35.484740+08:00,mqtt-final-publish-ramp,26761,30.7,176752,,,,200,2.3,,200,253.9,,200,1522.5,,200,230.4,,200,1521.8,,1.0,4954.0,45.0,5000.0,0.0,132.0,0.0,0.0,21.0,0.0,111.0,0.0,3224.0,3.0,0.0,14.771466528822026,4.0,0.0,0.0,112443.0,132.0,0.0,57.0,110986.0,33.0,0.0,0.0,0.0,0.0,0.0
2026-09-27T10:50:40.486867+08:00,mqtt-final-publish-ramp,26761,26.1,171344,,,,200,15.1,,200,380.4,,200,469.2,,200,567.8,,200,449.7,,1.0,4954.0,45.0,5000.0,0.0,125.0,0.0,0.0,17.0,0.0,108.0,0.0,4739.0,3.0,0.0,5.159360834801506,4.0,0.0,0.0,112500.0,125.0,0.0,57.0,111043.0,33.0,0.0,0.0,0.0,0.0,0.0
2026-09-27T10:50:45.488649+08:00,mqtt-final-publish-ramp,26761,34.9,165296,4353,3651,1879,200,1.9,,200,263.6,,200,635.9,,200,482.3,,200,649.8,,1.0,4954.0,45.0,5000.0,0.0,125.0,0.0,0.0,17.0,0.0,108.0,0.0,5496.0,3.0,0.0,7.813152531272812,4.0,0.0,0.0,112539.0,125.0,0.0,57.0,111082.0,33.0,0.0,0.0,0.0,0.0,0.0
2026-09-27T10:50:50.489196+08:00,mqtt-final-publish-ramp,26761,25.3,174784,,,,200,8.7,,200,1083.1,,200,1075.8,,200,1255.5,,200,1339.5,,1.0,4954.0,45.0,5000.0,0.0,125.0,0.0,0.0,17.0,0.0,108.0,0.0,5496.0,3.0,0.0,2.6819686387349693,4.0,0.0,0.0,112609.0,125.0,0.0,57.0,111129.0,33.0,0.0,0.0,0.0,0.0,0.0
2026-09-27T10:50:55.495688+08:00,mqtt-final-publish-ramp,26761,34.6,170320,,,,200,5.3,,200,609.5,,200,522.8,,200,689.9,,200,532.2,,1.0,4954.0,45.0,5000.0,0.0,80.0,0.0,0.0,17.0,0.0,63.0,0.0,6356.0,3.0,0.0,16.99416052434077,4.0,0.0,0.0,112691.0,80.0,0.0,57.0,111214.0,33.0,0.0,0.0,0.0,0.0,0.0
2026-09-27T10:51:00.497947+08:00,mqtt-final-publish-ramp,26761,31.6,202048,4424,3580,1873,200,1.8,,200,231.3,,200,202.8,,200,349.6,,200,19.2,,1.0,4954.0,45.0,5000.0,0.0,80.0,0.0,0.0,17.0,0.0,63.0,0.0,7286.0,3.0,0.0,20.996216481789983,4.0,0.0,0.0,112801.0,80.0,0.0,57.0,111319.0,33.0,0.0,0.0,0.0,0.0,0.0
2026-09-27T10:51:05.511170+08:00,mqtt-final-publish-ramp,26761,15.3,169184,,,,200,19.3,,,3020.7,HTTP Error 503: Service Unavailable,200,3917.7,,,4009.7,timed out,200,3921.5,,1.0,4954.0,45.0,5000.0,0.0,80.0,0.0,0.0,17.0,0.0,63.0,0.0,8419.0,3.0,0.0,0.0,4.0,0.0,0.0,112860.0,80.0,0.0,57.0,111370.0,33.0,0.0,0.0,0.0,0.0,0.0
2026-09-27T10:51:10.518086+08:00,mqtt-final-publish-ramp,26761,20.0,182592,,,,200,9.3,,,82.9,HTTP Error 503: Service Unavailable,200,164.6,,200,419.4,,200,81.6,,1.0,4954.0,45.0,5000.0,0.0,109.0,0.0,0.0,18.0,0.0,91.0,0.0,9291.0,3.0,0.0,6.390388003417353,4.0,0.0,0.0,112873.0,80.0,0.0,57.0,111391.0,33.0,0.0,0.0,0.0,0.0,0.0
2026-09-27T10:51:15.525919+08:00,mqtt-final-publish-ramp,26761,0.0,153360,4287,3716,1859,,4005.0,timed out,,4004.2,timed out,,4009.6,timed out,,4004.7,timed out,,4009.4,timed out,,,,,,,,,,,,,,,,,,,,,,,,,,,,,,
2026-09-27T10:51:20.528063+08:00,mqtt-final-publish-ramp,26761,0.0,110128,,,,,4007.1,timed out,,4006.5,timed out,,4006.5,timed out,,4004.5,timed out,,4005.7,timed out,,,,,,,,,,,,,,,,,,,,,,,,,,,,,,
2026-09-27T10:51:25.532996+08:00,mqtt-final-publish-ramp,26761,0.0,95968,,,,,4004.1,timed out,,4002.3,timed out,,4004.1,timed out,,4003.7,timed out,,4003.3,timed out,,,,,,,,,,,,,,,,,,,,,,,,,,,,,,
2026-09-27T10:51:30.535389+08:00,mqtt-final-publish-ramp,26761,0.0,90688,4227,3776,1851,,4009.2,timed out,,4009.1,timed out,,4009.0,timed out,,4008.3,timed out,,4009.0,timed out,,,,,,,,,,,,,,,,,,,,,,,,,,,,,,
2026-09-27T10:51:35.545149+08:00,mqtt-final-publish-ramp,26761,0.0,69008,,,,,4008.7,timed out,,4008.4,timed out,,4008.4,timed out,,4008.0,timed out,,4007.2,timed out,,,,,,,,,,,,,,,,,,,,,,,,,,,,,,
2026-09-27T10:51:40.550666+08:00,mqtt-final-publish-ramp,26761,0.0,57728,,,,,4004.6,timed out,,4004.5,timed out,,4005.9,timed out,,4003.5,timed out,,4004.8,timed out,,,,,,,,,,,,,,,,,,,,,,,,,,,,,,
2026-09-27T10:51:45.558893+08:00,mqtt-final-publish-ramp,26761,0.0,50064,4230,3774,1844,,4005.1,timed out,,4005.8,timed out,,4005.6,timed out,,4005.6,timed out,,4005.2,timed out,,,,,,,,,,,,,,,,,,,,,,,,,,,,,,
2026-09-27T10:51:50.568787+08:00,mqtt-final-publish-ramp,26761,0.0,34400,,,,,4003.8,timed out,,4004.1,timed out,,4003.6,timed out,,4003.1,timed out,,4003.4,timed out,,,,,,,,,,,,,,,,,,,,,,,,,,,,,,
2026-09-27T10:51:55.576834+08:00,mqtt-final-publish-ramp,26761,0.0,34400,,,,,4004.4,timed out,,4003.9,timed out,,4003.8,timed out,,4003.6,timed out,,4002.9,timed out,,,,,,,,,,,,,,,,,,,,,,,,,,,,,,
2026-09-27T10:52:00.578254+08:00,mqtt-final-publish-ramp,26761,0.0,30640,4228,3775,1843,,4.9,<urlopen error [Errno 54] Connection reset by peer>,,0.9,<urlopen error [Errno 54] Connection reset by peer>,,4.7,<urlopen error [Errno 54] Connection reset by peer>,,4.9,<urlopen error [Errno 54] Connection reset by peer>,,4.4,<urlopen error [Errno 54] Connection reset by peer>,,,,,,,,,,,,,,,,,,,,,,,,,,,,,,
2026-09-27T10:52:05.585085+08:00,mqtt-final-publish-ramp,26761,0.0,26576,,,,,1.8,<urlopen error [Errno 54] Connection reset by peer>,,2.8,<urlopen error [Errno 54] Connection reset by peer>,,2.5,<urlopen error [Errno 54] Connection reset by peer>,,2.2,<urlopen error [Errno 54] Connection reset by peer>,,2.0,<urlopen error [Errno 54] Connection reset by peer>,,,,,,,,,,,,,,,,,,,,,,,,,,,,,,
2026-09-27T10:52:10.592828+08:00,mqtt-final-publish-ramp,26761,0.0,26144,,,,,3.0,<urlopen error [Errno 54] Connection reset by peer>,,1.8,<urlopen error [Errno 54] Connection reset by peer>,,3.6,<urlopen error [Errno 54] Connection reset by peer>,,0.4,<urlopen error [Errno 54] Connection reset by peer>,,2.6,<urlopen error [Errno 54] Connection reset by peer>,,,,,,,,,,,,,,,,,,,,,,,,,,,,,,
2026-09-27T10:52:15.594195+08:00,mqtt-final-publish-ramp,26761,0.0,24816,4263,3741,1841,,1.9,<urlopen error [Errno 54] Connection reset by peer>,,4.2,<urlopen error [Errno 54] Connection reset by peer>,,2.9,<urlopen error [Errno 54] Connection reset by peer>,,5.9,<urlopen error [Errno 54] Connection reset by peer>,,3.2,<urlopen error [Errno 54] Connection reset by peer>,,,,,,,,,,,,,,,,,,,,,,,,,,,,,,
2026-09-27T10:52:20.595432+08:00,mqtt-final-publish-ramp,26761,0.0,24608,,,,,3.0,<urlopen error [Errno 54] Connection reset by peer>,,2.5,<urlopen error [Errno 54] Connection reset by peer>,,2.5,<urlopen error [Errno 54] Connection reset by peer>,,1.9,<urlopen error [Errno 54] Connection reset by peer>,,2.4,<urlopen error [Errno 54] Connection reset by peer>,,,,,,,,,,,,,,,,,,,,,,,,,,,,,,
2026-09-27T10:52:25.604474+08:00,mqtt-final-publish-ramp,26761,0.0,24576,,,,,4.7,<urlopen error [Errno 54] Connection reset by peer>,,1.1,<urlopen error [Errno 54] Connection reset by peer>,,3.7,<urlopen error [Errno 54] Connection reset by peer>,,3.1,<urlopen error [Errno 54] Connection reset by peer>,,2.4,<urlopen error [Errno 54] Connection reset by peer>,,,,,,,,,,,,,,,,,,,,,,,,,,,,,,
2026-09-27T10:52:30.605790+08:00,mqtt-final-publish-ramp,26761,0.0,24576,4250,3754,1838,,14.5,<urlopen error [Errno 54] Connection reset by peer>,,2.1,<urlopen error [Errno 22] Invalid argument>,,4.9,<urlopen error [Errno 54] Connection reset by peer>,,12.8,<urlopen error [Errno 54] Connection reset by peer>,,11.1,<urlopen error [Errno 54] Connection reset by peer>,,,,,,,,,,,,,,,,,,,,,,,,,,,,,,
2026-09-27T10:52:35.616898+08:00,mqtt-final-publish-ramp,26761,0.0,24576,,,,,4.0,<urlopen error [Errno 54] Connection reset by peer>,,6.2,<urlopen error [Errno 54] Connection reset by peer>,,1.5,<urlopen error [Errno 54] Connection reset by peer>,,5.8,<urlopen error [Errno 54] Connection reset by peer>,,6.0,<urlopen error [Errno 22] Invalid argument>,,,,,,,,,,,,,,,,,,,,,,,,,,,,,,
2026-09-27T10:52:40.619751+08:00,mqtt-final-publish-recovery,26761,0.0,24576,,,,,2.8,<urlopen error [Errno 54] Connection reset by peer>,,1.5,<urlopen error [Errno 22] Invalid argument>,,5.4,<urlopen error [Errno 54] Connection reset by peer>,,5.1,<urlopen error [Errno 54] Connection reset by peer>,,4.8,<urlopen error [Errno 54] Connection reset by peer>,,,,,,,,,,,,,,,,,,,,,,,,,,,,,,
2026-09-27T10:52:45.633928+08:00,mqtt-final-publish-recovery,26761,0.0,24576,4207,3797,1835,,2.7,<urlopen error [Errno 54] Connection reset by peer>,,2.4,<urlopen error [Errno 54] Connection reset by peer>,,1.8,<urlopen error [Errno 54] Connection reset by peer>,,12.7,<urlopen error [Errno 54] Connection reset by peer>,,12.2,<urlopen error [Errno 54] Connection reset by peer>,,,,,,,,,,,,,,,,,,,,,,,,,,,,,,
2026-09-27T10:52:50.636322+08:00,mqtt-final-publish-recovery,26761,0.0,24576,,,,,7.1,<urlopen error [Errno 54] Connection reset by peer>,,2.0,<urlopen error [Errno 54] Connection reset by peer>,,1.4,<urlopen error [Errno 54] Connection reset by peer>,,6.2,<urlopen error [Errno 54] Connection reset by peer>,,5.7,<urlopen error [Errno 54] Connection reset by peer>,,,,,,,,,,,,,,,,,,,,,,,,,,,,,,
2026-09-27T10:52:55.644285+08:00,mqtt-final-publish-recovery,26761,0.0,24576,,,,,1.2,<urlopen error [Errno 54] Connection reset by peer>,,3.6,<urlopen error [Errno 54] Connection reset by peer>,,3.8,[Errno 54] Connection reset by peer,,2.8,<urlopen error [Errno 54] Connection reset by peer>,,3.4,[Errno 54] Connection reset by peer,,,,,,,,,,,,,,,,,,,,,,,,,,,,,,
2026-09-27T10:53:00.651850+08:00,mqtt-final-publish-recovery,26761,0.0,24432,4227,3777,1834,,7.3,<urlopen error [Errno 54] Connection reset by peer>,,4.0,<urlopen error [Errno 54] Connection reset by peer>,,4.3,<urlopen error [Errno 22] Invalid argument>,,4.5,<urlopen error [Errno 54] Connection reset by peer>,,6.1,<urlopen error [Errno 54] Connection reset by peer>,,,,,,,,,,,,,,,,,,,,,,,,,,,,,,
2026-09-27T10:53:05.658579+08:00,mqtt-final-publish-recovery,26761,0.0,20576,,,,,6.9,<urlopen error [Errno 54] Connection reset by peer>,,1.6,<urlopen error [Errno 22] Invalid argument>,,5.6,<urlopen error [Errno 54] Connection reset by peer>,,5.6,<urlopen error [Errno 54] Connection reset by peer>,,5.1,<urlopen error [Errno 54] Connection reset by peer>,,,,,,,,,,,,,,,,,,,,,,,,,,,,,,
2026-09-27T10:53:10.663709+08:00,mqtt-final-publish-recovery,26761,0.0,8928,,,,,4.7,<urlopen error [Errno 54] Connection reset by peer>,,4.3,<urlopen error [Errno 54] Connection reset by peer>,,4.1,<urlopen error [Errno 54] Connection reset by peer>,,3.8,<urlopen error [Errno 54] Connection reset by peer>,,3.7,<urlopen error [Errno 54] Connection reset by peer>,,,,,,,,,,,,,,,,,,,,,,,,,,,,,,
2026-09-27T10:53:15.664399+08:00,mqtt-final-publish-recovery,26761,0.0,8928,4174,3830,1833,,17.1,<urlopen error [Errno 54] Connection reset by peer>,,11.4,<urlopen error [Errno 54] Connection reset by peer>,,15.7,<urlopen error [Errno 54] Connection reset by peer>,,11.5,<urlopen error [Errno 54] Connection reset by peer>,,15.2,<urlopen error [Errno 54] Connection reset by peer>,,,,,,,,,,,,,,,,,,,,,,,,,,,,,,
2026-09-27T10:53:20.669422+08:00,mqtt-final-publish-recovery,26761,0.0,7872,,,,,3.5,<urlopen error [Errno 22] Invalid argument>,,3.0,<urlopen error [Errno 54] Connection reset by peer>,,0.7,<urlopen error [Errno 54] Connection reset by peer>,,2.9,<urlopen error [Errno 54] Connection reset by peer>,,2.3,<urlopen error [Errno 54] Connection reset by peer>,,,,,,,,,,,,,,,,,,,,,,,,,,,,,,
2026-09-27T10:53:25.672948+08:00,mqtt-final-publish-recovery,26761,0.0,8448,,,,,3.1,<urlopen error [Errno 54] Connection reset by peer>,,2.2,<urlopen error [Errno 32] Broken pipe>,,1.7,<urlopen error [Errno 54] Connection reset by peer>,,1.5,<urlopen error [Errno 54] Connection reset by peer>,,4.2,<urlopen error [Errno 54] Connection reset by peer>,,,,,,,,,,,,,,,,,,,,,,,,,,,,,,
2026-09-27T10:53:30.678834+08:00,mqtt-final-publish-recovery,26761,0.0,8448,4199,3805,1832,,5.4,<urlopen error [Errno 54] Connection reset by peer>,,7.2,<urlopen error [Errno 54] Connection reset by peer>,,4.8,<urlopen error [Errno 54] Connection reset by peer>,,7.1,<urlopen error [Errno 54] Connection reset by peer>,,4.6,<urlopen error [Errno 54] Connection reset by peer>,,,,,,,,,,,,,,,,,,,,,,,,,,,,,,
2026-09-27T10:53:35.683305+08:00,mqtt-final-publish-recovery,26761,0.0,7952,,,,,1.7,<urlopen error [Errno 54] Connection reset by peer>,,1.1,<urlopen error [Errno 54] Connection reset by peer>,,3.6,<urlopen error [Errno 54] Connection reset by peer>,,4.0,<urlopen error [Errno 54] Connection reset by peer>,,0.7,<urlopen error [Errno 54] Connection reset by peer>,,,,,,,,,,,,,,,,,,,,,,,,,,,,,,
2026-09-27T10:53:40.689350+08:00,mqtt-final-publish-recovery,26761,0.0,7952,,,,,1.0,<urlopen error [Errno 54] Connection reset by peer>,,0.3,<urlopen error [Errno 54] Connection reset by peer>,,0.6,<urlopen error [Errno 54] Connection reset by peer>,,2.8,<urlopen error [Errno 54] Connection reset by peer>,,2.4,<urlopen error [Errno 54] Connection reset by peer>,,,,,,,,,,,,,,,,,,,,,,,,,,,,,,
2026-09-27T10:53:45.694929+08:00,mqtt-final-publish-recovery,26761,0.0,7952,4183,3821,1816,,9.8,<urlopen error [Errno 54] Connection reset by peer>,,10.5,<urlopen error [Errno 54] Connection reset by peer>,,5.7,<urlopen error [Errno 54] Connection reset by peer>,,5.2,<urlopen error [Errno 54] Connection reset by peer>,,10.0,<urlopen error [Errno 54] Connection reset by peer>,,,,,,,,,,,,,,,,,,,,,,,,,,,,,,
2026-09-27T10:53:50.697658+08:00,mqtt-final-publish-recovery,26761,0.0,7952,,,,,1.3,<urlopen error [Errno 54] Connection reset by peer>,,0.7,<urlopen error [Errno 54] Connection reset by peer>,,0.6,<urlopen error [Errno 54] Connection reset by peer>,,0.5,<urlopen error [Errno 54] Connection reset by peer>,,0.5,<urlopen error [Errno 54] Connection reset by peer>,,,,,,,,,,,,,,,,,,,,,,,,,,,,,,
2026-09-27T10:53:55.702943+08:00,mqtt-final-publish-recovery,26761,0.0,7952,,,,,6.0,<urlopen error [Errno 54] Connection reset by peer>,,4.9,<urlopen error [Errno 54] Connection reset by peer>,,5.0,<urlopen error [Errno 54] Connection reset by peer>,,1.3,<urlopen error [Errno 54] Connection reset by peer>,,4.4,<urlopen error [Errno 54] Connection reset by peer>,,,,,,,,,,,,,,,,,,,,,,,,,,,,,,
2026-09-27T10:54:00.706719+08:00,mqtt-panic-restart,26761,0.0,7952,4181,3822,1816,,4.9,<urlopen error [Errno 54] Connection reset by peer>,,0.9,<urlopen error [Errno 54] Connection reset by peer>,,7.6,<urlopen error [Errno 54] Connection reset by peer>,,7.3,<urlopen error [Errno 54] Connection reset by peer>,,0.2,<urlopen error [Errno 54] Connection reset by peer>,,,,,,,,,,,,,,,,,,,,,,,,,,,,,,
2026-09-27T10:54:05.711124+08:00,mqtt-panic-restart,,,,,,,,1.3,<urlopen error [Errno 61] Connection refused>,,0.6,<urlopen error [Errno 61] Connection refused>,,0.6,<urlopen error [Errno 61] Connection refused>,,0.6,<urlopen error [Errno 61] Connection refused>,,0.4,<urlopen error [Errno 61] Connection refused>,,,,,,,,,,,,,,,,,,,,,,,,,,,,,,
2026-09-27T10:54:10.711688+08:00,mqtt-panic-restart,,,,,,,,5.9,<urlopen error [Errno 61] Connection refused>,,5.3,<urlopen error [Errno 61] Connection refused>,,0.4,<urlopen error [Errno 61] Connection refused>,,4.9,<urlopen error [Errno 61] Connection refused>,,4.3,<urlopen error [Errno 61] Connection refused>,,,,,,,,,,,,,,,,,,,,,,,,,,,,,,
2026-09-27T10:54:15.715206+08:00,mqtt-panic-restart,,,,4181,3823,1764,200,17.5,,,745.1,HTTP Error 503: Service Unavailable,200,80.3,,200,770.3,,200,134.4,,0.0,0.0,0.0,0.0,,0.0,,,,,,,,,0.0,0.0,4.0,0.0,0.0,43.0,,,0.0,0.0,0.0,0.0,0.0,0.0,0.0,0.0
2026-09-27T10:54:20.717790+08:00,mqtt-final-http-recovery,,,,,,,200,8.5,,200,285.3,,200,100.6,,200,482.7,,200,100.1,,0.0,0.0,0.0,0.0,,0.0,,,,,,0.0,8819.0,4.0,0.0,178.7296440449672,4.0,0.0,0.0,924.0,,0.0,1.0,849.0,0.0,0.0,0.0,0.0,0.0,0.0
2026-09-27T10:54:25.719645+08:00,mqtt-final-http-recovery,,,,,,,200,6.6,,200,19.3,,200,31.7,,200,379.0,,200,48.8,,0.0,0.0,0.0,0.0,,0.0,,,,,,0.0,7585.0,4.0,0.0,262.7793271823524,4.0,0.0,0.0,2231.0,,0.0,1.0,2162.0,0.0,0.0,0.0,0.0,0.0,0.0
2026-09-27T10:54:30.723843+08:00,mqtt-final-http-recovery,,,,4374,3630,1746,200,2.5,,200,125.6,,200,124.1,,200,359.9,,200,112.3,,0.0,0.0,0.0,0.0,0.0,1727.0,0.0,0.0,22.0,0.0,1705.0,0.0,6467.0,4.0,0.0,220.20354355890416,4.0,0.0,0.0,3346.0,1754.0,0.0,1.0,3264.0,0.0,0.0,0.0,0.0,0.0,0.0
2026-09-27T10:54:35.725192+08:00,mqtt-final-http-recovery,,,,,,,200,2.8,,200,50.1,,200,56.6,,200,467.5,,200,57.3,,0.0,0.0,0.0,0.0,0.0,1727.0,0.0,0.0,22.0,0.0,1705.0,0.0,5578.0,4.0,0.0,193.34470198251404,4.0,0.0,0.0,4252.0,1754.0,0.0,1.0,4168.0,0.0,0.0,0.0,0.0,0.0,0.0
2026-09-27T10:54:39.684674+08:00,mqtt-final-http-recovery,41907,72.2,123968,4539,3465,1742,200,36.1,,200,150.8,,200,169.0,,200,703.3,,200,128.0,,0.0,0.0,0.0,0.0,0.0,1727.0,0.0,0.0,22.0,0.0,1705.0,0.0,5578.0,4.0,0.0,201.00094042299972,4.0,0.0,0.0,5076.0,1754.0,0.0,1.0,4970.0,0.0,0.0,0.0,0.0,0.0,0.0
2026-09-27T10:54:44.685139+08:00,mqtt-final-http-recovery,41907,47.5,120096,,,,200,10.5,,200,96.3,,200,123.9,,200,881.1,,200,552.3,,0.0,0.0,0.0,0.0,0.0,1727.0,0.0,0.0,22.0,0.0,1705.0,0.0,4578.0,4.0,0.0,169.43481662587448,4.0,0.0,0.0,5914.0,1754.0,0.0,1.0,5813.0,0.0,0.0,0.0,0.0,0.0,0.0
2026-09-27T10:54:49.689329+08:00,mqtt-final-http-recovery,41907,55.7,119904,,,,200,12.3,,200,96.8,,200,133.8,,200,415.4,,200,318.1,,0.0,0.0,0.0,0.0,0.0,1328.0,0.0,0.0,8.0,0.0,1320.0,0.0,3734.0,4.0,0.0,160.76701183444587,4.0,0.0,0.0,6695.0,1307.0,0.0,1.0,6597.0,0.0,0.0,0.0,0.0,0.0,0.0
2026-09-27T10:54:54.696652+08:00,mqtt-final-http-recovery,41907,68.6,121216,4446,3557,1734,200,22.3,,200,64.7,,200,55.2,,200,517.4,,200,85.3,,0.0,0.0,0.0,0.0,0.0,1328.0,0.0,0.0,8.0,0.0,1320.0,0.0,2916.0,4.0,0.0,172.11095541574275,4.0,0.0,0.0,7567.0,1307.0,0.0,1.0,7459.0,0.0,0.0,0.0,0.0,0.0,0.0
2026-09-27T10:54:59.694886+08:00,before-network-tcp,41907,59.5,120288,,,,200,4.8,,200,100.9,,200,76.2,,200,571.5,,200,119.7,,0.0,0.0,0.0,0.0,0.0,1328.0,0.0,0.0,8.0,0.0,1320.0,0.0,2026.0,4.0,0.0,168.82088524625618,4.0,0.0,0.0,8422.0,1307.0,0.0,1.0,8302.0,0.0,0.0,0.0,0.0,0.0,0.0
2026-09-27T10:55:04.698989+08:00,before-network-tcp,41907,59.2,119968,,,,200,10.8,,200,47.1,,200,34.9,,200,334.9,,200,66.1,,0.0,0.0,0.0,0.0,0.0,48.0,0.0,0.0,15.0,0.0,33.0,0.0,1121.0,4.0,0.0,133.5745653597828,4.0,0.0,0.0,9178.0,34.0,0.0,1.0,9045.0,0.0,0.0,0.0,0.0,0.0,0.0
2026-09-27T10:55:09.699396+08:00,tcp-ramp,41907,42.3,114016,4316,3688,1729,200,11.3,,200,28.7,,200,21.2,,200,376.1,,200,43.4,,0.0,0.0,0.0,0.0,0.0,48.0,0.0,0.0,15.0,0.0,33.0,0.0,313.0,4.0,0.0,41.2825640062036,4.0,0.0,0.0,9527.0,34.0,0.0,1.0,9388.0,0.0,0.0,0.0,0.0,0.0,0.0
2026-09-27T10:55:14.700145+08:00,tcp-ramp,41907,25.3,102224,,,,200,4.5,,200,25.8,,200,22.3,,200,236.0,,200,23.3,,0.0,0.0,0.0,0.0,0.0,48.0,0.0,0.0,15.0,0.0,33.0,0.0,0.0,4.0,0.0,19.383799183466373,4.0,0.0,0.0,9624.0,34.0,0.0,1.0,9485.0,0.0,0.0,0.0,0.0,0.0,0.0
2026-09-27T10:55:19.703969+08:00,tcp-ramp,41907,30.0,96112,,,,200,4.9,,200,41.7,,200,34.4,,200,271.6,,200,64.7,,0.0,0.0,0.0,0.0,0.0,2.0,0.0,0.0,1.0,0.0,1.0,0.0,0.0,4.0,0.0,9.914719250560536,4.0,0.0,0.0,9705.0,3.0,0.0,1.0,9565.0,0.0,0.0,0.0,0.0,0.0,0.0
2026-09-27T10:55:24.707469+08:00,tcp-ramp,41907,46.5,104608,4203,3801,1767,200,22.3,,200,251.9,,200,37.8,,200,438.7,,200,86.6,,0.0,0.0,0.0,0.0,0.0,2.0,0.0,0.0,1.0,0.0,1.0,0.0,0.0,4.0,0.0,18.77900397686004,4.0,0.0,0.0,9799.0,3.0,0.0,1.0,9659.0,0.0,0.0,0.0,0.0,0.0,0.0
2026-09-27T10:55:29.711780+08:00,tcp-ramp,41907,4.3,79552,,,,200,3.4,,200,21.0,,200,21.9,,200,273.0,,200,36.9,,0.0,0.0,0.0,0.0,0.0,2.0,0.0,0.0,1.0,0.0,1.0,0.0,0.0,4.0,0.0,0.0,4.0,0.0,0.0,9850.0,3.0,0.0,1.0,9709.0,0.0,0.0,0.0,0.0,0.0,0.0
2026-09-27T10:55:34.714547+08:00,tcp-ramp,41907,79.5,106064,,,,200,7.7,,200,52.8,,200,41.6,,200,442.8,,200,75.0,,0.0,0.0,0.0,0.0,0.0,0.0,0.0,0.0,0.0,0.0,0.0,0.0,0.0,4.0,0.0,85.90381339760835,4.0,0.0,0.0,10154.0,0.0,0.0,1.0,10013.0,0.0,0.0,0.0,0.0,0.0,0.0
2026-09-27T10:55:39.718724+08:00,tcp-ramp,41907,97.4,108160,4194,3810,1765,200,11.0,,200,63.4,,200,48.2,,200,349.9,,200,50.1,,0.0,0.0,0.0,0.0,0.0,0.0,0.0,0.0,0.0,0.0,0.0,0.0,0.0,4.0,0.0,121.405634653675,4.0,0.0,0.0,10769.0,0.0,0.0,1.0,10621.0,0.0,0.0,0.0,0.0,0.0,0.0
2026-09-27T10:55:44.722703+08:00,tcp-ramp,41907,104.6,108592,,,,200,1.6,,200,22.5,,200,15.3,,200,213.9,,200,24.1,,0.0,0.0,0.0,0.0,0.0,0.0,0.0,0.0,0.0,0.0,0.0,0.0,0.0,4.0,0.0,137.77211870790177,4.0,0.0,0.0,11465.0,0.0,0.0,1.0,11309.0,0.0,0.0,0.0,0.0,0.0,0.0
2026-09-27T10:55:49.723615+08:00,tcp-ramp,41907,110.2,111920,,,,200,1.8,,200,19.4,,200,14.1,,200,286.6,,200,23.7,,0.0,0.0,0.0,0.0,0.0,11.0,0.0,0.0,8.0,0.0,3.0,0.0,0.0,4.0,0.0,128.4021759828007,4.0,0.0,0.0,12154.0,24.0,0.0,1.0,11998.0,0.0,0.0,0.0,0.0,0.0,0.0
2026-09-27T10:55:54.727103+08:00,tcp-ramp,41907,107.0,112496,4314,3690,1749,200,1.8,,200,34.9,,200,32.4,,200,277.7,,200,39.3,,0.0,0.0,0.0,0.0,0.0,11.0,0.0,0.0,8.0,0.0,3.0,0.0,0.0,4.0,0.0,148.7560954785133,4.0,0.0,0.0,12408.0,24.0,0.0,1.0,12279.0,0.0,0.0,0.0,0.0,0.0,0.0
2026-09-27T10:55:59.731292+08:00,tcp-ramp,41907,146.6,132608,,,,200,4.4,,200,42.6,,200,27.1,,200,430.8,,200,58.0,,0.0,0.0,0.0,0.0,0.0,11.0,0.0,0.0,8.0,0.0,3.0,0.0,0.0,4.0,0.0,180.43188709999174,4.0,0.0,0.0,13326.0,24.0,0.0,1.0,13182.0,0.0,0.0,0.0,0.0,0.0,0.0
2026-09-27T10:56:04.738555+08:00,tcp-ramp,41907,114.0,118688,,,,200,4.8,,200,43.4,,200,26.1,,200,442.6,,200,41.9,,0.0,0.0,0.0,0.0,0.0,145.0,0.0,0.0,39.0,0.0,106.0,0.0,0.0,4.0,0.0,190.40868047084226,4.0,0.0,0.0,14253.0,122.0,0.0,1.0,14107.0,0.0,0.0,0.0,0.0,0.0,0.0
2026-09-27T10:56:09.739313+08:00,tcp-ramp,41907,103.8,120208,4466,3538,1739,200,13.5,,200,107.9,,200,43.8,,200,583.5,,200,45.4,,0.0,0.0,0.0,0.0,0.0,145.0,0.0,0.0,39.0,0.0,106.0,0.0,0.0,4.0,0.0,156.8692272550265,4.0,0.0,0.0,15064.0,122.0,0.0,1.0,14892.0,0.0,0.0,0.0,0.0,0.0,0.0
2026-09-27T10:56:14.743622+08:00,tcp-ramp,41907,30.2,119120,,,,200,7.6,,200,28.7,,200,23.7,,200,207.8,,200,26.0,,0.0,0.0,0.0,0.0,0.0,145.0,0.0,0.0,39.0,0.0,106.0,0.0,0.0,4.0,0.0,0.0,4.0,0.0,0.0,15648.0,122.0,0.0,1.0,15473.0,0.0,0.0,0.0,0.0,0.0,0.0
2026-09-27T10:56:19.747500+08:00,tcp-ramp,41907,92.6,132720,,,,200,6.8,,200,290.2,,200,95.0,,200,768.8,,200,308.0,,0.0,0.0,0.0,0.0,0.0,0.0,0.0,0.0,0.0,0.0,0.0,0.0,0.0,4.0,0.0,164.74429931680686,4.0,0.0,0.0,15869.0,0.0,0.0,1.0,15709.0,0.0,0.0,0.0,0.0,0.0,0.0
2026-09-27T10:56:24.753601+08:00,tcp-ramp,41907,107.1,134320,4499,3504,1734,200,8.4,,200,32.3,,200,16.7,,200,318.3,,200,162.4,,0.0,0.0,0.0,0.0,0.0,0.0,0.0,0.0,0.0,0.0,0.0,0.0,1.0,4.0,0.0,137.30472082160387,4.0,0.0,0.0,16573.0,0.0,0.0,1.0,16396.0,0.0,0.0,0.0,0.0,0.0,0.0
2026-09-27T10:56:29.761049+08:00,tcp-ramp,41907,107.9,135648,,,,200,20.0,,200,51.1,,200,70.2,,200,495.5,,200,67.6,,0.0,0.0,0.0,0.0,0.0,0.0,0.0,0.0,0.0,0.0,0.0,0.0,0.0,4.0,0.0,197.8259075545391,4.0,0.0,0.0,17551.0,0.0,0.0,1.0,17388.0,0.0,0.0,0.0,0.0,0.0,0.0
2026-09-27T10:56:34.763231+08:00,tcp-ramp,41907,125.1,140624,,,,200,5.4,,200,70.7,,200,21.7,,200,529.1,,200,54.4,,0.0,0.0,0.0,0.0,0.0,303.0,0.0,0.0,73.0,0.0,230.0,0.0,1.0,4.0,0.0,265.38942762201873,4.0,0.0,0.0,18562.0,282.0,0.0,1.0,18378.0,0.0,0.0,0.0,0.0,0.0,0.0
2026-09-27T10:56:39.767439+08:00,tcp-ramp,41907,47.4,137728,4494,3510,1728,200,8.7,,200,46.1,,200,30.4,,200,345.5,,200,57.0,,0.0,0.0,0.0,0.0,0.0,303.0,0.0,0.0,73.0,0.0,230.0,0.0,0.0,4.0,0.0,0.0,4.0,0.0,0.0,18948.0,282.0,0.0,1.0,18745.0,0.0,0.0,0.0,0.0,0.0,0.0
2026-09-27T10:56:44.772752+08:00,tcp-ramp,41907,36.7,179408,,,,200,5.3,,200,19.2,,200,16.6,,200,208.4,,200,23.1,,0.0,0.0,0.0,0.0,0.0,303.0,0.0,0.0,73.0,0.0,230.0,0.0,0.0,4.0,0.0,67.53797781202196,4.0,0.0,0.0,19241.0,282.0,0.0,1.0,19040.0,0.0,0.0,0.0,0.0,0.0,0.0
2026-09-27T10:56:49.775367+08:00,tcp-ramp,41907,83.3,187920,,,,200,8.3,,200,45.6,,200,39.8,,200,311.5,,200,48.4,,0.0,0.0,0.0,0.0,0.0,7.0,0.0,0.0,2.0,0.0,5.0,0.0,3.0,4.0,0.0,175.6528954980369,4.0,0.0,0.0,19641.0,10.0,0.0,1.0,19453.0,0.0,0.0,0.0,0.0,0.0,0.0
2026-09-27T10:56:54.779083+08:00,tcp-ramp,41907,107.6,205392,4265,3738,1727,200,4.5,,200,483.4,,200,47.1,,200,616.2,,200,36.9,,0.0,0.0,0.0,0.0,0.0,7.0,0.0,0.0,2.0,0.0,5.0,0.0,7.0,4.0,0.0,192.2197715129373,4.0,0.0,0.0,20600.0,10.0,0.0,1.0,20415.0,0.0,0.0,0.0,0.0,0.0,0.0
2026-09-27T10:56:59.784906+08:00,tcp-ramp,41907,121.4,209328,,,,200,2.6,,200,1280.5,,200,21.9,,200,436.5,,200,41.3,,0.0,0.0,0.0,0.0,0.0,7.0,0.0,0.0,2.0,0.0,5.0,0.0,0.0,4.0,0.0,189.47507752769036,4.0,0.0,0.0,21578.0,10.0,0.0,1.0,21363.0,0.0,0.0,0.0,0.0,0.0,0.0
2026-09-27T10:57:04.784411+08:00,tcp-ramp,41907,116.7,215872,,,,200,7.0,,200,290.6,,200,1761.1,,200,706.0,,200,1912.8,,0.0,0.0,0.0,0.0,0.0,624.0,0.0,0.0,12.0,0.0,612.0,0.0,3.0,4.0,0.0,0.0,4.0,0.0,0.0,22044.0,605.0,0.0,1.0,21789.0,0.0,0.0,0.0,0.0,0.0,0.0
2026-09-27T10:57:09.785575+08:00,tcp-ramp,41907,57.4,220240,4301,3702,1726,200,91.2,,200,322.4,,200,180.3,,200,609.0,,200,359.3,,0.0,0.0,0.0,0.0,0.0,624.0,0.0,0.0,12.0,0.0,612.0,0.0,0.0,4.0,0.0,13.817764981362327,4.0,0.0,0.0,22110.0,605.0,5822.0,1.0,21859.0,0.0,0.0,0.0,0.0,0.0,0.0
2026-09-27T10:57:14.785447+08:00,tcp-ramp,41907,68.3,228992,,,,200,17.9,,200,883.6,,200,187.1,,200,659.8,,200,969.4,,0.0,0.0,0.0,0.0,0.0,624.0,0.0,0.0,12.0,0.0,612.0,0.0,1.0,4.0,0.0,27.272219706416067,4.0,0.0,0.0,22247.0,605.0,62408.0,1.0,21994.0,0.0,0.0,0.0,0.0,0.0,0.0
2026-09-27T10:57:19.788397+08:00,tcp-ramp,41907,69.7,238272,,,,200,106.5,,200,366.1,,200,164.1,,200,1139.2,,200,390.1,,0.0,0.0,0.0,0.0,0.0,121.0,0.0,0.0,10.0,0.0,111.0,0.0,1.0,4.0,0.0,10.850965352274445,4.0,0.0,0.0,22323.0,129.0,135667.0,1.0,22056.0,0.0,0.0,0.0,0.0,0.0,0.0
2026-09-27T10:57:24.789443+08:00,tcp-ramp,41907,38.0,167824,4463,3541,1723,200,13.3,,200,53.2,,200,51.9,,200,614.7,,200,58.1,,0.0,0.0,0.0,0.0,0.0,121.0,0.0,0.0,10.0,0.0,111.0,0.0,1.0,4.0,0.0,8.294940922551687,4.0,0.0,0.0,22360.0,129.0,195916.0,1.0,22097.0,0.0,0.0,0.0,0.0,0.0,0.0
2026-09-27T10:57:29.792693+08:00,tcp-ramp,41907,50.3,246560,,,,200,3.6,,200,27.9,,200,13.3,,200,247.9,,200,36.8,,0.0,0.0,0.0,0.0,0.0,121.0,0.0,0.0,10.0,0.0,111.0,0.0,2.0,4.0,0.0,52.83306997255374,4.0,0.0,0.0,22641.0,129.0,252764.0,1.0,22361.0,0.0,0.0,0.0,0.0,0.0,0.0
2026-09-27T10:57:34.797346+08:00,tcp-recovery,41907,60.0,244160,,,,200,9.6,,200,34.0,,200,29.1,,200,311.0,,200,39.6,,0.0,0.0,0.0,0.0,0.0,12.0,0.0,0.0,4.0,0.0,8.0,0.0,7.0,4.0,0.0,57.4400504927358,4.0,0.0,0.0,22921.0,12.0,252764.0,1.0,22635.0,0.0,0.0,0.0,0.0,0.0,0.0
2026-09-27T10:57:39.799365+08:00,tcp-recovery,41907,72.1,262176,4386,3617,1722,200,8.4,,200,63.1,,200,26.8,,200,413.9,,200,65.9,,0.0,0.0,0.0,0.0,0.0,12.0,0.0,0.0,4.0,0.0,8.0,0.0,4.0,4.0,0.0,45.825918790992716,4.0,0.0,0.0,23335.0,12.0,252764.0,1.0,23045.0,0.0,0.0,0.0,0.0,0.0,0.0
2026-09-27T10:57:44.801747+08:00,tcp-recovery,41907,24.6,252672,,,,200,1.6,,200,18.1,,200,12.1,,200,246.1,,200,30.4,,0.0,0.0,0.0,0.0,0.0,12.0,0.0,0.0,4.0,0.0,8.0,0.0,5.0,4.0,0.0,0.0,4.0,0.0,0.0,23389.0,12.0,252764.0,1.0,23093.0,0.0,0.0,0.0,0.0,0.0,0.0
2026-09-27T10:57:49.805150+08:00,after-network-tcp,41907,24.2,227200,,,,200,4.3,,200,16.5,,200,25.6,,200,222.5,,200,40.6,,0.0,0.0,0.0,0.0,0.0,0.0,0.0,0.0,0.0,0.0,0.0,0.0,3.0,4.0,0.0,0.0,4.0,0.0,0.0,23389.0,0.0,252764.0,1.0,23093.0,0.0,0.0,0.0,0.0,0.0,0.0
2026-09-27T10:57:54.813989+08:00,after-network-tcp,41907,22.0,236192,4229,3775,1722,200,16.5,,200,29.2,,200,26.5,,200,213.7,,200,30.9,,0.0,0.0,0.0,0.0,0.0,0.0,0.0,0.0,0.0,0.0,0.0,0.0,4.0,4.0,0.0,0.0,4.0,0.0,0.0,23389.0,0.0,252764.0,1.0,23093.0,0.0,0.0,0.0,0.0,0.0,0.0
2026-09-27T10:57:59.811487+08:00,after-network-tcp,41907,23.8,226336,,,,200,3.9,,200,26.6,,200,21.7,,200,180.7,,200,22.1,,0.0,0.0,0.0,0.0,0.0,0.0,0.0,0.0,0.0,0.0,0.0,0.0,3.0,4.0,0.0,0.0,4.0,0.0,0.0,23389.0,0.0,252764.0,1.0,23093.0,0.0,0.0,0.0,0.0,0.0,0.0
2026-09-27T10:58:04.814820+08:00,before-network-udp,41907,21.3,217392,,,,200,4.0,,200,17.3,,200,14.6,,200,153.2,,200,17.1,,0.0,0.0,0.0,0.0,0.0,0.0,0.0,0.0,0.0,0.0,0.0,0.0,3.0,4.0,0.0,0.0,4.0,0.0,0.0,23389.0,0.0,252764.0,1.0,23093.0,0.0,0.0,0.0,0.0,0.0,0.0
2026-09-27T10:58:09.824219+08:00,before-network-udp,41907,24.4,211904,4276,3728,1722,200,2.2,,200,19.3,,200,19.5,,200,182.6,,200,18.8,,0.0,0.0,0.0,0.0,0.0,0.0,0.0,0.0,0.0,0.0,0.0,0.0,5.0,4.0,0.0,0.0,4.0,0.0,0.0,23389.0,0.0,252764.0,1.0,23093.0,0.0,0.0,0.0,0.0,0.0,0.0
2026-09-27T10:58:14.825300+08:00,before-network-udp,41907,26.3,212288,,,,200,4.3,,200,18.1,,200,17.6,,200,225.6,,200,22.3,,0.0,0.0,0.0,0.0,0.0,0.0,0.0,0.0,0.0,0.0,0.0,0.0,5.0,4.0,0.0,0.0,4.0,0.0,0.0,23389.0,0.0,252764.0,1.0,23093.0,0.0,0.0,0.0,0.0,0.0,0.0
2026-09-27T10:58:19.831978+08:00,udp-ramp,41907,20.5,204256,,,,200,6.2,,200,13.2,,200,15.6,,200,185.9,,200,24.8,,0.0,0.0,0.0,0.0,0.0,0.0,0.0,0.0,0.0,0.0,0.0,0.0,4.0,4.0,0.0,3.016219715487595,4.0,0.0,0.0,23390.0,0.0,252764.0,1.0,23094.0,0.0,0.0,0.0,0.0,0.0,0.0
2026-09-27T10:58:24.831744+08:00,udp-ramp,41907,26.3,183120,4304,3700,1721,200,16.2,,200,125.3,,200,123.2,,200,336.3,,200,129.1,,0.0,0.0,0.0,0.0,0.0,0.0,0.0,0.0,0.0,0.0,0.0,0.0,2.0,4.0,0.0,1.4002689451754393,4.0,0.0,0.0,23396.0,0.0,252764.0,1.0,23101.0,0.0,0.0,0.0,0.0,0.0,0.0
2026-09-27T10:58:29.837369+08:00,udp-ramp,41907,28.0,143216,,,,200,12.1,,200,210.6,,200,37.5,,200,530.1,,200,66.2,,0.0,0.0,0.0,0.0,0.0,0.0,0.0,0.0,0.0,0.0,0.0,0.0,1.0,4.0,0.0,12.172755445149294,4.0,0.0,0.0,23459.0,0.0,252764.0,1.0,23162.0,0.0,0.0,0.0,0.0,0.0,0.0
2026-09-27T10:58:34.839831+08:00,udp-ramp,41907,26.7,141712,,,,200,3.8,,200,20.6,,200,18.2,,200,243.1,,200,21.8,,0.0,0.0,0.0,0.0,0.0,3.0,0.0,0.0,1.0,0.0,2.0,0.0,0.0,4.0,0.0,16.590862227109945,4.0,0.0,0.0,23525.0,4.0,252764.0,1.0,23229.0,0.0,0.0,0.0,0.0,0.0,0.0
2026-09-27T10:58:39.849431+08:00,udp-ramp,41907,35.8,144352,4348,3656,1720,200,15.8,,200,35.6,,200,32.2,,200,224.0,,200,34.6,,0.0,0.0,0.0,0.0,0.0,3.0,0.0,0.0,1.0,0.0,2.0,0.0,2.0,4.0,0.0,0.0,4.0,0.0,0.0,23596.0,4.0,252764.0,1.0,23298.0,0.0,0.0,0.0,0.0,0.0,0.0
2026-09-27T10:58:44.851354+08:00,udp-ramp,41907,55.4,144944,,,,200,3.8,,200,14.5,,200,18.8,,200,224.0,,200,19.2,,0.0,0.0,0.0,0.0,0.0,3.0,0.0,0.0,1.0,0.0,2.0,0.0,2.0,4.0,0.0,63.134569311568924,4.0,0.0,0.0,23739.0,4.0,252764.0,1.0,23443.0,0.0,0.0,0.0,0.0,0.0,0.0
2026-09-27T10:58:49.853114+08:00,udp-ramp,41907,69.4,146432,,,,200,10.2,,200,37.2,,200,25.1,,200,186.3,,200,25.3,,0.0,0.0,0.0,0.0,0.0,2.0,0.0,0.0,0.0,0.0,2.0,0.0,1.0,4.0,0.0,70.04970421127123,4.0,0.0,0.0,24025.0,14.0,252764.0,1.0,23727.0,0.0,0.0,0.0,0.0,0.0,0.0
2026-09-27T10:58:54.860054+08:00,udp-ramp,41907,75.0,144848,4375,3629,1719,200,2.0,,200,41.4,,200,36.6,,200,259.8,,200,40.3,,0.0,0.0,0.0,0.0,0.0,2.0,0.0,0.0,0.0,0.0,2.0,0.0,0.0,4.0,0.0,70.51408445486358,4.0,0.0,0.0,24378.0,14.0,252764.0,1.0,24080.0,0.0,0.0,0.0,0.0,0.0,0.0
2026-09-27T10:58:59.860466+08:00,udp-ramp,41907,60.0,141792,,,,200,6.5,,200,37.0,,200,33.1,,200,310.7,,200,52.4,,0.0,0.0,0.0,0.0,0.0,2.0,0.0,0.0,0.0,0.0,2.0,0.0,0.0,4.0,0.0,61.174467820359006,4.0,0.0,0.0,24684.0,14.0,252764.0,1.0,24386.0,0.0,0.0,0.0,0.0,0.0,0.0
2026-09-27T10:59:04.861461+08:00,udp-ramp,41907,38.7,154224,,,,200,5.4,,200,29.8,,200,18.1,,200,194.4,,200,18.3,,0.0,0.0,0.0,0.0,0.0,8.0,0.0,0.0,4.0,0.0,4.0,0.0,0.0,4.0,0.0,0.0,4.0,0.0,0.0,24866.0,3.0,252764.0,1.0,24567.0,0.0,0.0,0.0,0.0,0.0,0.0
2026-09-27T10:59:09.867518+08:00,udp-ramp,41907,50.9,139008,4413,3591,1716,200,4.4,,200,21.3,,200,24.0,,200,279.5,,200,25.9,,0.0,0.0,0.0,0.0,0.0,8.0,0.0,0.0,4.0,0.0,4.0,0.0,0.0,4.0,0.0,61.2353322814992,4.0,0.0,0.0,25123.0,3.0,252764.0,1.0,24824.0,0.0,0.0,0.0,0.0,0.0,0.0
2026-09-27T10:59:14.871208+08:00,udp-ramp,41907,52.4,136928,,,,200,14.1,,200,59.6,,200,44.2,,200,434.4,,200,92.5,,0.0,0.0,0.0,0.0,0.0,8.0,0.0,0.0,4.0,0.0,4.0,0.0,0.0,4.0,0.0,53.36435394567314,4.0,0.0,0.0,25390.0,3.0,252764.0,1.0,25091.0,0.0,0.0,0.0,0.0,0.0,0.0
2026-09-27T10:59:19.873152+08:00,udp-ramp,41907,47.3,142528,,,,200,2.6,,200,66.2,,200,21.2,,200,400.9,,200,24.0,,0.0,0.0,0.0,0.0,0.0,2.0,0.0,0.0,0.0,0.0,2.0,0.0,0.0,4.0,0.0,44.501542078276216,4.0,0.0,0.0,25680.0,6.0,252764.0,1.0,25381.0,0.0,0.0,0.0,0.0,0.0,0.0
2026-09-27T10:59:24.874512+08:00,udp-ramp,41907,62.0,142096,4457,3547,1715,200,20.9,,200,39.1,,200,25.5,,200,338.9,,200,38.3,,0.0,0.0,0.0,0.0,0.0,2.0,0.0,0.0,0.0,0.0,2.0,0.0,0.0,4.0,0.0,62.775693778684726,4.0,0.0,0.0,26002.0,6.0,252764.0,1.0,25695.0,0.0,0.0,0.0,0.0,0.0,0.0
2026-09-27T10:59:29.877378+08:00,udp-ramp,41907,61.3,136720,,,,200,10.2,,200,49.5,,200,46.9,,200,394.3,,200,91.7,,0.0,0.0,0.0,0.0,0.0,2.0,0.0,0.0,0.0,0.0,2.0,0.0,0.0,4.0,0.0,51.24001661359,4.0,0.0,0.0,26125.0,6.0,252764.0,1.0,25813.0,0.0,0.0,0.0,0.0,0.0,0.0
2026-09-27T10:59:34.881352+08:00,udp-ramp,41907,45.2,130784,,,,200,6.7,,200,37.8,,200,26.8,,200,261.7,,200,25.8,,0.0,0.0,0.0,0.0,0.0,2.0,0.0,0.0,0.0,0.0,2.0,0.0,0.0,4.0,0.0,45.14253400743957,4.0,0.0,0.0,26298.0,9.0,252764.0,1.0,25992.0,0.0,0.0,0.0,0.0,0.0,0.0
2026-09-27T10:59:39.889911+08:00,udp-ramp,41907,41.4,139936,4460,3544,1714,200,11.2,,200,28.0,,200,18.9,,200,303.6,,200,25.5,,0.0,0.0,0.0,0.0,0.0,2.0,0.0,0.0,0.0,0.0,2.0,0.0,0.0,4.0,0.0,53.296588192897296,4.0,0.0,0.0,26571.0,9.0,252764.0,1.0,26259.0,0.0,0.0,0.0,0.0,0.0,0.0
2026-09-27T10:59:44.896514+08:00,udp-ramp,41907,45.6,138928,,,,200,2.5,,200,22.1,,200,27.8,,200,288.2,,200,36.9,,0.0,0.0,0.0,0.0,0.0,2.0,0.0,0.0,0.0,0.0,2.0,0.0,0.0,4.0,0.0,52.74014564118102,4.0,0.0,0.0,26835.0,9.0,252764.0,1.0,26523.0,0.0,0.0,0.0,0.0,0.0,0.0
2026-09-27T10:59:49.908380+08:00,udp-ramp,41907,68.8,137648,,,,200,12.9,,200,21.0,,200,19.4,,200,315.3,,200,27.9,,0.0,0.0,0.0,0.0,0.0,3.0,0.0,0.0,0.0,0.0,3.0,0.0,0.0,4.0,0.0,63.50895464927491,4.0,0.0,0.0,27102.0,2.0,252764.0,1.0,26791.0,0.0,0.0,0.0,0.0,0.0,0.0
2026-09-27T10:59:54.907970+08:00,udp-ramp,41907,43.7,137344,4389,3615,1715,200,13.2,,200,25.9,,200,23.8,,200,379.1,,200,31.3,,0.0,0.0,0.0,0.0,0.0,3.0,0.0,0.0,0.0,0.0,3.0,0.0,0.0,4.0,0.0,86.54210196526613,4.0,0.0,0.0,27191.0,2.0,252764.0,1.0,26880.0,0.0,0.0,0.0,0.0,0.0,0.0
2026-09-27T10:59:59.915847+08:00,udp-ramp,41907,31.0,130320,,,,200,6.8,,200,144.9,,200,26.0,,200,385.2,,200,29.2,,0.0,0.0,0.0,0.0,0.0,3.0,0.0,0.0,0.0,0.0,3.0,0.0,0.0,4.0,0.0,35.353087336931075,4.0,0.0,0.0,27370.0,2.0,252764.0,1.0,27057.0,0.0,0.0,0.0,0.0,0.0,0.0
2026-09-27T11:00:04.918430+08:00,udp-ramp,41907,29.9,135504,,,,200,3.9,,200,20.5,,200,14.4,,200,253.8,,200,23.6,,0.0,0.0,0.0,0.0,0.0,7.0,0.0,0.0,1.0,0.0,6.0,0.0,1.0,4.0,0.0,27.13891882359882,4.0,0.0,0.0,27491.0,3.0,252764.0,1.0,27180.0,0.0,0.0,0.0,0.0,0.0,0.0
2026-09-27T11:00:09.919303+08:00,udp-ramp,41907,24.0,139696,4287,3717,1712,200,14.4,,200,14.7,,200,14.7,,200,258.1,,200,22.0,,0.0,0.0,0.0,0.0,0.0,7.0,0.0,0.0,1.0,0.0,6.0,0.0,2.0,4.0,0.0,29.991907433576735,4.0,0.0,0.0,27642.0,3.0,252764.0,1.0,27330.0,0.0,0.0,0.0,0.0,0.0,0.0
2026-09-27T11:00:14.922678+08:00,udp-ramp,41907,41.7,144368,,,,200,5.4,,200,36.4,,200,27.2,,200,294.4,,200,38.0,,0.0,0.0,0.0,0.0,0.0,7.0,0.0,0.0,1.0,0.0,6.0,0.0,3.0,4.0,0.0,29.75877641095476,4.0,0.0,0.0,27791.0,3.0,252764.0,1.0,27479.0,0.0,0.0,0.0,0.0,0.0,0.0
2026-09-27T11:00:19.933612+08:00,udp-ramp,41907,66.0,143776,,,,200,3.4,,200,17.0,,200,10.6,,200,238.0,,200,24.6,,0.0,0.0,0.0,0.0,0.0,2.0,0.0,0.0,0.0,0.0,2.0,0.0,0.0,4.0,0.0,45.87339270913601,4.0,0.0,0.0,27955.0,17.0,252764.0,1.0,27642.0,0.0,0.0,0.0,0.0,0.0,0.0
2026-09-27T11:00:24.934519+08:00,udp-recovery,41907,38.9,132432,4512,3492,1710,200,2.4,,200,38.0,,200,38.3,,200,523.1,,200,42.8,,0.0,0.0,0.0,0.0,0.0,2.0,0.0,0.0,0.0,0.0,2.0,0.0,0.0,4.0,0.0,34.53438292992684,4.0,0.0,0.0,28136.0,17.0,252764.0,1.0,27824.0,0.0,0.0,0.0,0.0,0.0,0.0
2026-09-27T11:00:29.938978+08:00,udp-recovery,41907,37.4,139584,,,,200,2.5,,200,29.3,,200,24.5,,200,305.4,,200,25.1,,0.0,0.0,0.0,0.0,0.0,2.0,0.0,0.0,0.0,0.0,2.0,0.0,0.0,4.0,0.0,30.07157666749975,4.0,0.0,0.0,28270.0,17.0,252764.0,1.0,27958.0,0.0,0.0,0.0,0.0,0.0,0.0
2026-09-27T11:00:34.946672+08:00,udp-recovery,41907,27.6,131536,,,,200,3.9,,200,23.6,,200,17.1,,200,245.8,,200,27.4,,0.0,0.0,0.0,0.0,0.0,2.0,0.0,0.0,0.0,0.0,2.0,0.0,0.0,4.0,0.0,60.4820290704655,4.0,0.0,0.0,28476.0,2.0,252764.0,1.0,28169.0,0.0,0.0,0.0,0.0,0.0,0.0
2026-09-27T11:00:39.957375+08:00,after-network-udp,41907,6.2,139152,4395,3609,1710,200,10.5,,200,37.1,,200,30.9,,200,252.5,,200,36.2,,0.0,0.0,0.0,0.0,0.0,2.0,0.0,0.0,0.0,0.0,2.0,0.0,0.0,4.0,0.0,0.0,4.0,0.0,0.0,28509.0,2.0,252764.0,1.0,28196.0,0.0,0.0,0.0,0.0,0.0,0.0
2026-09-27T11:00:44.966827+08:00,after-network-udp,41907,15.0,137776,,,,200,5.0,,200,19.4,,200,17.5,,200,205.4,,200,18.7,,0.0,0.0,0.0,0.0,0.0,0.0,0.0,0.0,0.0,0.0,0.0,0.0,0.0,4.0,0.0,0.0,4.0,0.0,0.0,28509.0,2.0,252764.0,1.0,28196.0,0.0,0.0,0.0,0.0,0.0,0.0
2026-09-27T11:00:49.968255+08:00,after-network-udp,41907,20.5,144512,,,,200,4.1,,200,20.6,,200,18.2,,200,182.4,,200,20.2,,0.0,0.0,0.0,0.0,0.0,0.0,0.0,0.0,0.0,0.0,0.0,0.0,0.0,4.0,0.0,0.0,4.0,0.0,0.0,28509.0,0.0,252764.0,1.0,28196.0,0.0,0.0,0.0,0.0,0.0,0.0
2026-09-27T11:00:54.977585+08:00,before-rule_storm-None,41907,20.2,145584,4275,3729,1709,200,7.8,,200,18.7,,200,21.2,,200,229.7,,200,22.2,,0.0,0.0,0.0,0.0,0.0,0.0,0.0,0.0,0.0,0.0,0.0,0.0,0.0,4.0,0.0,0.0,4.0,0.0,0.0,28509.0,0.0,252764.0,1.0,28196.0,0.0,0.0,0.0,0.0,0.0,0.0
2026-09-27T11:00:59.984781+08:00,before-rule_storm-None,41907,23.7,143216,,,,200,5.7,,200,15.1,,200,13.9,,200,212.4,,200,16.1,,0.0,0.0,0.0,0.0,0.0,0.0,0.0,0.0,0.0,0.0,0.0,0.0,0.0,4.0,0.0,0.0,4.0,0.0,0.0,28509.0,0.0,252764.0,1.0,28196.0,0.0,0.0,0.0,0.0,0.0,0.0
2026-09-27T11:01:04.988963+08:00,before-rule_storm-None,41907,5.9,136416,,,,200,9.4,,200,55.4,,200,18.0,,200,191.6,,200,19.0,,0.0,0.0,0.0,0.0,0.0,0.0,0.0,0.0,0.0,0.0,0.0,0.0,0.0,4.0,0.0,0.0,4.0,0.0,0.0,28509.0,0.0,252764.0,1.0,28196.0,0.0,0.0,0.0,0.0,0.0,0.0
2026-09-27T11:01:10.085957+08:00,rule-alarm-ramp,41907,20.6,131104,4321,3683,1704,200,43.1,,200,194.8,,200,140.9,,200,588.1,,200,241.7,,0.0,0.0,0.0,4.0,0.0,0.0,0.0,0.0,0.0,0.0,0.0,0.0,0.0,4.0,0.0,23.398715829690545,4.0,0.0,0.0,28579.0,0.0,252764.0,1.0,28269.0,0.0,0.0,0.0,0.0,0.0,0.0
2026-09-27T11:01:15.093165+08:00,rule-alarm-ramp,41907,29.8,148768,,,,200,4.5,,200,58.6,,200,19.5,,200,237.3,,200,19.1,,0.0,0.0,0.0,15.0,0.0,17.0,15.0,0.0,0.0,0.0,2.0,0.0,1.0,4.0,0.0,25.35273974487856,4.0,0.0,0.0,28710.0,4.0,252764.0,1.0,28396.0,0.0,0.0,0.0,0.0,0.0,0.0
2026-09-27T11:01:20.104316+08:00,rule-alarm-ramp,41907,34.1,143200,,,,200,2.2,,200,30.8,,200,17.1,,200,245.4,,200,36.4,,0.0,0.0,0.0,31.0,0.0,17.0,15.0,0.0,0.0,0.0,2.0,0.0,5.0,4.0,0.0,25.281583979938585,4.0,0.0,0.0,28835.0,4.0,252764.0,1.0,28521.0,0.0,0.0,0.0,0.0,0.0,0.0
2026-09-27T11:01:25.112228+08:00,rule-alarm-ramp,41907,49.5,140000,4575,3429,1698,200,5.0,,200,185.8,,200,70.4,,200,479.3,,200,209.3,,0.0,0.0,1.0,45.0,0.0,17.0,15.0,0.0,0.0,0.0,2.0,0.0,4.0,4.0,0.0,24.75973942570683,4.0,0.0,0.0,28960.0,4.0,252764.0,1.0,28645.0,0.0,0.0,0.0,0.0,0.0,0.0
2026-09-27T11:01:30.116849+08:00,rule-alarm-ramp,41907,36.9,125584,,,,200,9.9,,200,105.2,,200,74.0,,200,338.9,,200,80.4,,0.0,0.0,1.0,56.0,0.0,57.0,54.0,0.0,0.0,0.0,3.0,0.0,1.0,4.0,0.0,24.769493480655633,4.0,0.0,0.0,29085.0,4.0,252764.0,1.0,28769.0,0.0,0.0,0.0,0.0,0.0,0.0
2026-09-27T11:01:35.122982+08:00,rule-alarm-ramp,41907,35.1,137296,,,,200,7.1,,200,28.8,,200,25.1,,200,232.2,,200,27.3,,0.0,0.0,2.0,71.0,0.0,57.0,54.0,0.0,0.0,0.0,3.0,0.0,3.0,4.0,0.0,25.73782791022271,4.0,0.0,0.0,29208.0,4.0,252764.0,1.0,28893.0,0.0,0.0,0.0,0.0,0.0,0.0
2026-09-27T11:01:40.123598+08:00,rule-alarm-ramp,41907,25.1,137232,4587,3417,1697,200,4.9,,200,54.7,,200,58.4,,200,375.3,,200,54.4,,0.0,0.0,2.0,74.0,0.0,57.0,54.0,0.0,0.0,0.0,3.0,0.0,1.0,4.0,0.0,63.00956170098812,4.0,0.0,0.0,29261.0,4.0,252764.0,1.0,28946.0,0.0,0.0,0.0,0.0,0.0,0.0
2026-09-27T11:01:45.138047+08:00,rule-alarm-ramp,41907,98.3,148992,,,,200,6.1,,200,70.3,,200,96.5,,200,336.4,,200,102.5,,0.0,0.0,3.0,115.0,0.0,238.0,111.0,0.0,14.0,0.0,113.0,0.0,29.0,4.0,0.0,92.70977283490244,4.0,0.0,0.0,29712.0,129.0,252764.0,1.0,29411.0,0.0,0.0,0.0,0.0,0.0,0.0
2026-09-27T11:01:50.145009+08:00,rule-alarm-ramp,41907,46.5,153552,,,,200,6.4,,200,265.3,,200,194.9,,200,663.3,,200,194.2,,0.0,0.0,3.0,153.0,0.0,238.0,111.0,0.0,14.0,0.0,113.0,0.0,41.0,4.0,0.0,68.66089632671809,4.0,0.0,0.0,30193.0,129.0,252764.0,1.0,29890.0,0.0,0.0,0.0,0.0,0.0,0.0
2026-09-27T11:01:55.146237+08:00,rule-alarm-ramp,41907,97.6,155104,4703,3301,1695,200,12.7,,200,157.1,,200,284.6,,200,662.5,,200,285.1,,0.0,0.0,4.0,188.0,0.0,238.0,111.0,0.0,14.0,0.0,113.0,0.0,35.0,4.0,0.0,101.20214127538597,4.0,0.0,0.0,30727.0,129.0,252764.0,1.0,30396.0,0.0,0.0,0.0,0.0,0.0,0.0
2026-09-27T11:02:00.148983+08:00,rule-alarm-ramp,41907,46.3,151168,,,,200,1.9,,200,109.8,,200,204.1,,200,675.1,,200,209.1,,0.0,0.0,4.0,217.0,0.0,238.0,111.0,0.0,14.0,0.0,113.0,0.0,43.0,4.0,0.0,96.59212130907804,4.0,0.0,0.0,31228.0,129.0,252764.0,1.0,30879.0,0.0,0.0,0.0,0.0,0.0,0.0
2026-09-27T11:02:05.159289+08:00,rule-alarm-ramp,41907,74.2,153712,,,,200,11.1,,200,155.8,,200,192.1,,200,441.6,,200,157.3,,0.0,0.0,5.0,263.0,0.0,909.0,214.0,0.0,23.0,0.0,672.0,0.0,45.0,4.0,0.0,124.48289255337191,4.0,0.0,0.0,31728.0,663.0,252764.0,1.0,31377.0,0.0,0.0,0.0,0.0,0.0,0.0
2026-09-27T11:02:10.165252+08:00,rule-alarm-ramp,41907,106.4,154320,4696,3308,1692,200,16.7,,200,165.0,,200,340.6,,200,582.4,,200,172.6,,0.0,0.0,5.0,300.0,0.0,909.0,214.0,0.0,23.0,0.0,672.0,0.0,43.0,4.0,0.0,99.19764424556237,4.0,0.0,0.0,32236.0,663.0,252764.0,1.0,31874.0,0.0,0.0,0.0,0.0,0.0,0.0
2026-09-27T11:02:15.169494+08:00,rule-alarm-ramp,41907,108.7,150768,,,,200,11.2,,200,101.1,,200,211.5,,200,467.5,,200,255.5,,0.0,0.0,6.0,343.0,0.0,1036.0,335.0,0.0,24.0,0.0,677.0,0.0,87.0,4.0,0.0,92.82349204878214,4.0,0.0,0.0,32377.0,705.0,252764.0,1.0,32019.0,0.0,0.0,0.0,0.0,0.0,0.0
2026-09-27T11:02:20.175747+08:00,rule-alarm-ramp,41907,68.7,174192,,,,200,18.6,,200,224.1,,200,341.5,,200,522.7,,200,388.6,,0.0,0.0,6.0,364.0,0.0,1036.0,335.0,0.0,24.0,0.0,677.0,0.0,42.0,4.0,0.0,183.89107205797103,4.0,0.0,0.0,33234.0,705.0,252764.0,1.0,32921.0,0.0,0.0,0.0,0.0,0.0,0.0
2026-09-27T11:02:25.182899+08:00,rule-alarm-ramp,41907,66.0,176256,4636,3367,1712,200,2.6,,200,161.5,,200,763.4,,200,790.8,,200,901.4,,0.0,0.0,6.0,388.0,0.0,1036.0,335.0,0.0,24.0,0.0,677.0,0.0,38.0,4.0,0.0,202.9072608011917,4.0,0.0,0.0,34236.0,705.0,252764.0,1.0,33934.0,0.0,0.0,0.0,0.0,0.0,0.0
2026-09-27T11:02:30.185917+08:00,rule-alarm-ramp,41907,73.1,180768,,,,200,5.7,,200,360.3,,200,603.9,,200,769.6,,200,623.3,,0.0,0.0,7.0,406.0,0.0,3424.0,399.0,1.0,309.0,0.0,2715.0,0.0,47.0,4.0,0.0,193.4478902988957,4.0,0.0,0.0,35142.0,705.0,252764.0,1.0,34902.0,0.0,0.0,0.0,0.0,0.0,0.0
2026-09-27T11:02:35.198664+08:00,rule-alarm-ramp,41907,63.0,174400,,,,200,5.7,,200,348.5,,200,729.8,,200,617.1,,200,727.4,,0.0,0.0,7.0,422.0,0.0,3424.0,399.0,1.0,309.0,0.0,2715.0,0.0,35.0,4.0,0.0,95.30296749832407,4.0,0.0,0.0,35881.0,3077.0,252764.0,1.0,35635.0,0.0,0.0,0.0,0.0,0.0,0.0
2026-09-27T11:02:40.203562+08:00,rule-alarm-ramp,41907,60.2,189744,4741,3262,1708,200,39.3,,200,467.9,,200,530.8,,200,710.2,,200,691.7,,0.0,0.0,8.0,437.0,0.0,3424.0,399.0,1.0,309.0,0.0,2715.0,0.0,29.0,4.0,0.0,235.1434349980736,4.0,0.0,0.0,36809.0,3077.0,252764.0,1.0,36812.0,0.0,0.0,0.0,0.0,0.0,0.0
2026-09-27T11:02:45.203601+08:00,rule-alarm-ramp,41907,43.9,162464,,,,200,9.9,,200,143.6,,200,314.1,,200,741.4,,200,358.8,,0.0,0.0,8.0,449.0,0.0,6043.0,441.0,0.0,779.0,0.0,4823.0,0.0,16.0,4.0,0.0,187.69026494066662,4.0,0.0,0.0,37681.0,3077.0,252764.0,1.0,37750.0,0.0,0.0,0.0,0.0,0.0,0.0
2026-09-27T11:02:50.208391+08:00,rule-alarm-ramp,41907,44.5,145504,,,,200,10.8,,200,53.0,,200,70.2,,200,328.2,,200,54.2,,0.0,0.0,8.0,488.0,0.0,6043.0,441.0,0.0,779.0,0.0,4823.0,0.0,36.0,4.0,0.0,0.0,4.0,0.0,0.0,38334.0,5641.0,252764.0,1.0,37827.0,0.0,0.0,0.0,0.0,0.0,0.0
2026-09-27T11:02:55.212338+08:00,rule-alarm-ramp,41907,92.3,189424,4561,3442,1708,200,13.7,,200,768.3,,200,1034.3,,200,1126.8,,200,1278.1,,0.0,1.0,9.0,515.0,0.0,6043.0,441.0,0.0,779.0,0.0,4823.0,0.0,15.0,4.0,0.0,249.19842576239782,4.0,0.0,0.0,39080.0,5641.0,252764.0,1.0,38971.0,0.0,0.0,0.0,0.0,0.0,0.0
2026-09-27T11:03:00.227395+08:00,rule-alarm-ramp,41907,74.6,177184,,,,200,11.1,,200,219.4,,200,549.4,,200,856.2,,200,490.2,,0.0,1.0,9.0,521.0,0.0,6043.0,441.0,0.0,779.0,0.0,4823.0,0.0,3.0,4.0,0.0,192.79828461269207,4.0,0.0,0.0,39565.0,7020.0,252764.0,1.0,39938.0,0.0,0.0,0.0,0.0,0.0,0.0
2026-09-27T11:03:05.237459+08:00,rule-alarm-ramp,41907,52.5,194256,,,,200,8.9,,200,803.7,,200,1381.8,,200,1638.5,,200,1792.2,,0.0,1.0,9.0,537.0,0.0,7490.0,511.0,0.0,901.0,0.0,6078.0,0.0,6.0,4.0,0.0,181.75397821237698,4.0,0.0,0.0,40293.0,7020.0,252764.0,1.0,41071.0,0.0,0.0,0.0,0.0,0.0,0.0
2026-09-27T11:03:10.244732+08:00,rule-alarm-ramp,41907,54.0,223680,4720,3284,1711,200,14.9,,200,383.0,,200,932.9,,200,981.4,,200,1076.8,,0.0,2.0,10.0,545.0,0.0,7490.0,511.0,0.0,901.0,0.0,6078.0,0.0,7.0,4.0,0.0,212.05421802646225,4.0,0.0,0.0,40952.0,7020.0,252764.0,3.0,42132.0,0.0,0.0,0.0,0.0,0.0,0.0
2026-09-27T11:03:15.247015+08:00,rule-alarm-ramp,41907,107.0,217264,,,,200,6.7,,200,271.7,,200,576.3,,200,775.8,,200,605.8,,0.0,2.0,10.0,558.0,0.0,7490.0,511.0,0.0,901.0,0.0,6078.0,0.0,9.0,4.0,0.0,263.6440387864226,4.0,0.0,0.0,41703.0,7020.0,252764.0,4.0,43452.0,2.0,0.0,0.0,0.0,0.0,0.0
2026-09-27T11:03:20.252886+08:00,rule-alarm-ramp,41907,73.8,204224,,,,200,6.7,,200,245.3,,200,630.3,,200,788.3,,200,657.4,,0.0,2.0,10.0,566.0,0.0,10814.0,546.0,0.0,2561.0,0.0,7707.0,0.0,4.0,4.0,0.0,287.84169807580395,4.0,0.0,0.0,42460.0,10286.0,252764.0,5.0,44761.0,2.0,0.0,0.0,0.0,0.0,0.0
2026-09-27T11:03:25.260570+08:00,rule-alarm-ramp,41907,69.9,207312,4749,3255,1709,200,7.0,,200,294.0,,200,623.5,,200,1264.4,,200,644.4,,0.0,12.0,11.0,582.0,0.0,10814.0,546.0,0.0,2561.0,0.0,7707.0,0.0,14.0,4.0,0.0,188.48062899819402,4.0,0.0,0.0,43516.0,10286.0,252764.0,5.0,45705.0,2.0,0.0,0.0,0.0,0.0,0.0
2026-09-27T11:03:30.265510+08:00,rule-alarm-ramp,41907,88.9,166528,,,,200,7.1,,200,59.0,,200,46.6,,200,508.0,,200,69.7,,0.0,12.0,11.0,635.0,0.0,12649.0,609.0,0.0,1342.0,0.0,10698.0,0.0,10.0,4.0,0.0,0.0,4.0,0.0,0.0,45618.0,12064.0,252764.0,5.0,45790.0,2.0,0.0,0.0,0.0,0.0,0.0
2026-09-27T11:03:35.269278+08:00,rule-alarm-drain,41907,55.7,144992,,,,200,5.5,,200,75.3,,200,49.8,,200,357.5,,200,61.6,,0.0,13.0,12.0,703.0,0.0,12649.0,609.0,0.0,1342.0,0.0,10698.0,0.0,10.0,4.0,0.0,0.0,4.0,0.0,0.0,46392.0,12064.0,252764.0,5.0,45790.0,2.0,0.0,0.0,0.0,0.0,0.0
2026-09-27T11:03:40.277285+08:00,rule-alarm-drain,41907,54.4,147376,4656,3348,1711,200,14.3,,200,63.3,,200,48.3,,200,846.7,,200,75.8,,0.0,13.0,12.0,798.0,0.0,12649.0,609.0,0.0,1342.0,0.0,10698.0,0.0,10.0,4.0,0.0,0.0,4.0,0.0,0.0,46392.0,12064.0,252764.0,5.0,45790.0,2.0,0.0,0.0,0.0,0.0,0.0
2026-09-27T11:03:45.303855+08:00,rule-alarm-drain,41907,34.2,118208,,,,200,26.7,,200,432.8,,200,299.2,,200,850.1,,200,421.6,,0.0,14.0,13.0,856.0,0.0,12649.0,609.0,0.0,1342.0,0.0,10698.0,0.0,2.0,4.0,0.0,0.0,4.0,0.0,0.0,46392.0,8846.0,252764.0,5.0,45790.0,2.0,0.0,0.0,0.0,0.0,0.0
2026-09-27T11:03:50.294115+08:00,rule-alarm-drain,41907,54.3,145408,,,,200,7.9,,200,53.6,,200,45.2,,200,734.5,,200,80.9,,0.0,14.0,13.0,932.0,0.0,9661.0,831.0,0.0,0.0,0.0,8830.0,0.0,12.0,4.0,0.0,0.0,4.0,0.0,0.0,46392.0,8846.0,252764.0,5.0,45790.0,2.0,0.0,0.0,0.0,0.0,0.0
2026-09-27T11:03:55.303843+08:00,rule-alarm-drain,41907,29.3,132832,4875,3129,1706,200,11.6,,200,61.9,,200,40.7,,200,414.4,,200,198.8,,0.0,66.0,14.0,1004.0,0.0,9661.0,831.0,0.0,0.0,0.0,8830.0,0.0,4.0,4.0,0.0,0.0,4.0,0.0,0.0,46392.0,8846.0,252764.0,5.0,45790.0,2.0,0.0,0.0,0.0,0.0,0.0
2026-09-27T11:04:00.328062+08:00,rule-alarm-drain,41907,62.7,135600,,,,200,61.6,,200,187.5,,200,145.3,,200,620.8,,200,167.6,,0.0,66.0,14.0,1095.0,0.0,7268.0,1008.0,0.0,0.0,0.0,6260.0,0.0,4.0,4.0,0.0,0.0,4.0,0.0,0.0,46392.0,6226.0,252764.0,5.0,45790.0,2.0,0.0,0.0,0.0,0.0,0.0
2026-09-27T11:04:05.320529+08:00,rule-alarm-drain,41907,44.0,135264,,,,200,6.5,,200,50.7,,200,31.8,,200,378.1,,200,90.9,,0.0,73.0,15.0,1175.0,0.0,7268.0,1008.0,0.0,0.0,0.0,6260.0,0.0,5.0,4.0,0.0,0.0,4.0,0.0,0.0,46392.0,6226.0,252764.0,5.0,45790.0,2.0,0.0,0.0,0.0,0.0,0.0
2026-09-27T11:04:10.324022+08:00,rule-alarm-drain,41907,43.8,135520,4739,3265,1705,200,12.7,,200,255.0,,200,41.3,,200,500.5,,200,46.6,,0.0,105.0,16.0,1272.0,0.0,7268.0,1008.0,0.0,0.0,0.0,6260.0,0.0,9.0,4.0,0.0,0.0,4.0,0.0,0.0,46392.0,6226.0,252764.0,5.0,45790.0,2.0,0.0,0.0,0.0,0.0,0.0
2026-09-27T11:04:15.327172+08:00,rule-alarm-drain,41907,62.1,139408,,,,200,2.6,,200,28.7,,200,19.1,,200,283.1,,200,37.5,,0.0,105.0,16.0,1347.0,0.0,4681.0,1217.0,0.0,0.0,0.0,3464.0,0.0,11.0,4.0,0.0,0.0,4.0,0.0,0.0,46392.0,3412.0,252764.0,5.0,45790.0,2.0,0.0,0.0,0.0,0.0,0.0
2026-09-27T11:04:20.353053+08:00,rule-alarm-drain,41907,57.6,119232,,,,200,24.3,,200,94.3,,200,56.5,,200,650.0,,200,138.9,,0.0,181.0,17.0,1431.0,0.0,4681.0,1217.0,0.0,0.0,0.0,3464.0,0.0,6.0,4.0,0.0,0.0,4.0,0.0,0.0,46392.0,3412.0,252764.0,5.0,45790.0,2.0,0.0,0.0,0.0,0.0,0.0
2026-09-27T11:04:25.353191+08:00,rule-alarm-drain,41907,44.1,118944,4671,3333,1704,200,13.6,,200,128.3,,200,90.9,,200,1173.8,,200,115.8,,0.0,181.0,17.0,1510.0,0.0,4681.0,1217.0,0.0,0.0,0.0,3464.0,0.0,6.0,4.0,0.0,0.0,4.0,0.0,0.0,46392.0,3412.0,252764.0,5.0,45790.0,2.0,0.0,0.0,0.0,0.0,0.0
2026-09-27T11:04:30.357321+08:00,rule-alarm-drain,41907,30.1,131408,,,,200,10.8,,200,432.0,,200,440.2,,200,932.7,,200,143.8,,0.0,181.0,17.0,1547.0,0.0,2535.0,1347.0,1.0,0.0,0.0,1187.0,0.0,4.0,4.0,0.0,0.0,4.0,0.0,0.0,46392.0,1174.0,252764.0,5.0,45790.0,2.0,0.0,0.0,0.0,0.0,0.0
2026-09-27T11:04:35.365599+08:00,rule-alarm-drain,41907,47.8,111904,,,,200,11.5,,200,175.9,,200,173.7,,200,938.3,,200,176.8,,0.0,327.0,18.0,1614.0,0.0,2535.0,1347.0,1.0,0.0,0.0,1187.0,0.0,8.0,4.0,0.0,0.0,4.0,0.0,0.0,46392.0,1174.0,252764.0,5.0,45790.0,2.0,0.0,0.0,0.0,0.0,0.0
2026-09-27T11:04:40.374515+08:00,rule-alarm-drain,41907,18.1,102272,4614,3390,1704,200,25.7,,200,56.6,,200,57.1,,200,419.5,,200,60.9,,0.0,327.0,18.0,1621.0,0.0,2535.0,1347.0,1.0,0.0,0.0,1187.0,0.0,2.0,4.0,0.0,0.0,4.0,0.0,0.0,46392.0,1174.0,252764.0,5.0,45790.0,2.0,0.0,0.0,0.0,0.0,0.0
2026-09-27T11:04:45.374768+08:00,rule-alarm-drain,41907,58.8,144416,,,,200,6.1,,200,17.8,,200,19.3,,200,217.5,,200,17.2,,0.0,385.0,19.0,1621.0,0.0,1217.0,1217.0,0.0,0.0,0.0,0.0,0.0,1.0,4.0,0.0,0.0,4.0,0.0,0.0,46392.0,0.0,252764.0,5.0,45790.0,2.0,0.0,0.0,0.0,0.0,0.0
2026-09-27T11:04:50.382028+08:00,rule-recovery-reports,41907,37.7,154640,,,,200,2.0,,200,35.3,,200,55.9,,200,423.9,,200,86.9,,0.0,385.0,19.0,1621.0,0.0,1217.0,1217.0,0.0,0.0,0.0,0.0,0.0,2.0,4.0,0.0,90.27948995338238,4.0,0.0,0.0,46744.0,0.0,252764.0,5.0,46153.0,2.0,0.0,0.0,0.0,0.0,0.0
2026-09-27T11:04:55.392144+08:00,rule-recovery-reports,41907,53.1,154656,4720,3284,1704,200,22.2,,200,56.8,,200,43.7,,200,566.0,,200,65.9,,0.0,491.0,20.0,1621.0,0.0,1217.0,1217.0,0.0,0.0,0.0,0.0,0.0,3.0,4.0,0.0,102.48788765044546,4.0,0.0,0.0,47271.0,0.0,252764.0,5.0,46667.0,2.0,0.0,0.0,0.0,0.0,0.0
2026-09-27T11:05:00.393221+08:00,rule-recovery-reports,41907,51.5,150288,,,,200,5.4,,200,36.0,,200,44.1,,200,377.5,,200,37.3,,0.0,537.0,21.0,1621.0,0.0,1097.0,1063.0,0.0,9.0,0.0,25.0,0.0,3.0,4.0,0.0,99.2738581024822,4.0,0.0,0.0,47770.0,31.0,252764.0,5.0,47163.0,2.0,0.0,0.0,0.0,0.0,0.0
2026-09-27T11:05:05.402612+08:00,rule-recovery-reports,41907,44.8,145344,,,,200,7.7,,200,71.7,,200,56.9,,200,417.7,,200,87.7,,0.0,537.0,21.0,1621.0,0.0,1097.0,1063.0,0.0,9.0,0.0,25.0,0.0,1.0,4.0,0.0,98.97338848815997,4.0,0.0,0.0,48264.0,31.0,252764.0,5.0,47657.0,2.0,0.0,0.0,0.0,0.0,0.0
2026-09-27T11:05:10.407764+08:00,rule-recovery-reports,41907,45.3,138448,4695,3309,1708,200,11.1,,200,46.0,,200,27.5,,200,533.4,,200,31.5,,0.0,656.0,22.0,1621.0,0.0,1097.0,1063.0,0.0,9.0,0.0,25.0,0.0,3.0,4.0,0.0,99.88117053241577,4.0,0.0,0.0,48766.0,31.0,252764.0,5.0,48157.0,2.0,0.0,0.0,0.0,0.0,0.0
2026-09-27T11:05:15.414185+08:00,rule-recovery-reports,41907,37.2,131872,,,,200,8.2,,200,212.1,,200,47.6,,200,641.4,,200,356.9,,0.0,656.0,22.0,1621.0,0.0,969.0,943.0,0.0,7.0,0.0,19.0,0.0,5.0,4.0,0.0,93.68930453145363,4.0,0.0,0.0,49227.0,26.0,252764.0,5.0,48626.0,2.0,0.0,0.0,0.0,0.0,0.0
2026-09-27T11:05:20.421671+08:00,rule-recovery-reports,41907,61.7,150800,,,,200,3.1,,200,73.6,,200,40.0,,200,354.4,,200,33.9,,0.0,693.0,23.0,1621.0,0.0,969.0,943.0,0.0,7.0,0.0,19.0,0.0,3.0,4.0,0.0,104.9322192442521,4.0,0.0,0.0,49774.0,26.0,252764.0,5.0,49154.0,2.0,0.0,0.0,0.0,0.0,0.0
2026-09-27T11:05:25.430385+08:00,rule-recovery-reports,41907,51.3,143360,4673,3330,1724,200,8.8,,200,70.6,,200,60.4,,200,620.4,,200,95.4,,0.0,693.0,23.0,1621.0,0.0,969.0,943.0,0.0,7.0,0.0,19.0,0.0,7.0,4.0,0.0,97.80474179192677,4.0,0.0,0.0,50262.0,26.0,252764.0,5.0,49644.0,2.0,0.0,0.0,0.0,0.0,0.0
2026-09-27T11:05:30.438470+08:00,rule-recovery-reports,41907,64.3,150272,,,,200,9.8,,200,31.7,,200,77.0,,200,399.0,,200,76.9,,0.0,694.0,24.0,1621.0,0.0,1035.0,903.0,0.0,16.0,0.0,116.0,0.0,7.0,4.0,0.0,97.64944572509174,4.0,0.0,0.0,50755.0,120.0,252764.0,5.0,50133.0,2.0,0.0,0.0,0.0,0.0,0.0
2026-09-27T11:05:35.448731+08:00,rule-recovery-reports,41907,53.7,150816,,,,200,3.2,,200,38.3,,200,22.8,,200,287.5,,200,44.1,,0.0,694.0,24.0,1621.0,0.0,1035.0,903.0,0.0,16.0,0.0,116.0,0.0,7.0,4.0,0.0,98.26773904486507,4.0,0.0,0.0,51287.0,120.0,252764.0,5.0,50647.0,2.0,0.0,0.0,0.0,0.0,0.0
2026-09-27T11:05:40.457938+08:00,rule-recovery-reports,41907,53.5,142672,4814,3190,1732,200,3.0,,200,55.0,,200,64.1,,200,617.1,,200,71.7,,0.0,1305.0,25.0,1621.0,0.0,1035.0,903.0,0.0,16.0,0.0,116.0,0.0,2.0,4.0,0.0,95.44176233014473,4.0,0.0,0.0,51771.0,120.0,252764.0,5.0,51125.0,2.0,0.0,0.0,0.0,0.0,0.0
2026-09-27T11:05:45.465571+08:00,rule-recovery-reports,41907,54.1,143808,,,,200,10.5,,200,62.4,,200,29.6,,200,549.3,,200,78.3,,0.0,1596.0,25.0,1621.0,0.0,12.0,0.0,0.0,3.0,0.0,9.0,0.0,2.0,4.0,0.0,102.68694081559173,4.0,0.0,0.0,52288.0,13.0,252764.0,5.0,51639.0,2.0,0.0,0.0,0.0,0.0,0.0
2026-09-27T11:05:50.472815+08:00,rule-recovery-drain,41907,16.8,133760,,,,200,6.0,,200,35.8,,200,24.1,,200,203.9,,200,34.9,,0.0,1596.0,25.0,1621.0,0.0,12.0,0.0,0.0,3.0,0.0,9.0,0.0,0.0,4.0,0.0,0.0,4.0,0.0,0.0,52406.0,13.0,252764.0,5.0,51754.0,2.0,0.0,0.0,0.0,0.0,0.0
2026-09-27T11:05:55.487604+08:00,rule-recovery-drain,41907,10.2,143184,4515,3489,1720,200,15.2,,200,53.0,,200,47.9,,200,297.0,,200,58.0,,0.0,1596.0,25.0,1621.0,0.0,12.0,0.0,0.0,3.0,0.0,9.0,0.0,0.0,4.0,0.0,0.0,4.0,0.0,0.0,52406.0,13.0,252764.0,5.0,51754.0,2.0,0.0,0.0,0.0,0.0,0.0
2026-09-27T11:06:00.486451+08:00,rule-recovery-drain,41907,6.7,132224,,,,200,3.9,,200,25.3,,200,21.2,,200,186.9,,200,20.3,,0.0,1596.0,25.0,1621.0,0.0,0.0,0.0,0.0,0.0,0.0,0.0,0.0,0.0,4.0,0.0,0.0,4.0,0.0,0.0,52406.0,0.0,252764.0,5.0,51754.0,2.0,0.0,0.0,0.0,0.0,0.0
2026-09-27T11:06:05.489196+08:00,after-rule_storm-None,41907,7.0,135680,,,,200,4.3,,200,17.1,,200,17.4,,200,180.8,,200,20.8,,0.0,1596.0,25.0,1621.0,0.0,0.0,0.0,0.0,0.0,0.0,0.0,0.0,0.0,4.0,0.0,0.0,4.0,0.0,0.0,52406.0,0.0,252764.0,5.0,51754.0,2.0,0.0,0.0,0.0,0.0,0.0
2026-09-27T11:06:10.497824+08:00,after-rule_storm-None,41907,34.5,135008,4511,3493,1718,200,4.1,,200,17.2,,200,17.3,,200,257.1,,200,32.8,,0.0,1596.0,25.0,1621.0,0.0,0.0,0.0,0.0,0.0,0.0,0.0,0.0,0.0,4.0,0.0,0.0,4.0,0.0,0.0,52406.0,0.0,252764.0,5.0,51754.0,2.0,0.0,0.0,0.0,0.0,0.0
2026-09-27T11:06:15.506919+08:00,after-rule_storm-None,41907,25.6,136848,,,,200,3.4,,200,14.3,,200,17.4,,200,166.9,,200,18.8,,0.0,1596.0,25.0,1621.0,0.0,0.0,0.0,0.0,0.0,0.0,0.0,0.0,0.0,4.0,0.0,0.0,4.0,0.0,0.0,52406.0,0.0,252764.0,5.0,51754.0,2.0,0.0,0.0,0.0,0.0,0.0
2026-09-27T11:06:20.517271+08:00,before-remaining_reads-None,41907,22.6,139696,,,,200,6.2,,200,18.7,,200,18.3,,200,192.5,,200,31.0,,0.0,1596.0,25.0,1621.0,0.0,0.0,0.0,0.0,0.0,0.0,0.0,0.0,3.0,4.0,0.0,0.0,4.0,0.0,0.0,52406.0,0.0,252764.0,5.0,51754.0,2.0,0.0,0.0,0.0,0.0,0.0
2026-09-27T11:06:25.526780+08:00,before-remaining_reads-None,41907,19.4,137168,4514,3489,1718,200,9.3,,200,30.8,,200,26.7,,200,228.7,,200,31.1,,0.0,1596.0,25.0,1621.0,0.0,0.0,0.0,0.0,0.0,0.0,0.0,0.0,3.0,4.0,0.0,0.0,4.0,0.0,0.0,52406.0,0.0,252764.0,5.0,51754.0,2.0,0.0,0.0,0.0,0.0,0.0
2026-09-27T11:06:30.532916+08:00,launch-remaining_reads.py-None,41907,9.3,139072,,,,200,3.6,,200,23.3,,200,20.4,,200,190.1,,200,21.1,,0.0,1596.0,25.0,1621.0,0.0,0.0,0.0,0.0,0.0,0.0,0.0,0.0,0.0,4.0,0.0,0.0,4.0,0.0,0.0,52406.0,0.0,252764.0,5.0,51754.0,2.0,0.0,0.0,0.0,0.0,0.0
2026-09-27T11:06:35.544039+08:00,before-read-devices,41907,18.6,138128,,,,200,6.7,,200,38.3,,200,32.2,,200,211.4,,200,39.7,,0.0,1596.0,25.0,1621.0,0.0,0.0,0.0,0.0,0.0,0.0,0.0,0.0,0.0,4.0,0.0,0.0,4.0,0.0,0.0,52406.0,0.0,252764.0,5.0,51754.0,2.0,0.0,0.0,0.0,0.0,0.0
2026-09-27T11:06:40.552204+08:00,before-read-devices,41907,6.8,152448,4515,3489,1717,200,13.1,,200,31.8,,200,36.5,,200,239.3,,200,49.3,,0.0,1596.0,25.0,1621.0,0.0,0.0,0.0,0.0,0.0,0.0,0.0,0.0,0.0,4.0,0.0,0.0,4.0,0.0,0.0,52406.0,0.0,252764.0,5.0,51754.0,2.0,0.0,0.0,0.0,0.0,0.0
2026-09-27T11:06:45.557033+08:00,read-devices,41907,32.7,138656,,,,200,3.0,,200,15.7,,200,17.1,,200,193.8,,200,21.0,,0.0,1596.0,25.0,1621.0,0.0,0.0,0.0,0.0,0.0,0.0,0.0,0.0,0.0,4.0,0.0,0.0,4.0,0.0,0.0,52406.0,0.0,252764.0,5.0,51754.0,2.0,0.0,0.0,0.0,0.0,0.0
2026-09-27T11:06:50.567223+08:00,read-devices,41907,31.3,139200,,,,200,3.8,,200,17.1,,200,17.3,,200,203.4,,200,18.6,,0.0,1596.0,25.0,1621.0,0.0,0.0,0.0,0.0,0.0,0.0,0.0,0.0,0.0,4.0,0.0,0.0,4.0,0.0,0.0,52406.0,0.0,252764.0,5.0,51754.0,2.0,0.0,0.0,0.0,0.0,0.0
2026-09-27T11:06:55.567571+08:00,read-devices,41907,85.3,140480,4491,3513,1717,200,5.1,,200,40.0,,200,29.2,,200,352.6,,200,49.9,,0.0,1596.0,25.0,1621.0,0.0,0.0,0.0,0.0,0.0,0.0,0.0,0.0,0.0,4.0,0.0,0.0,4.0,0.0,0.0,52406.0,0.0,252764.0,5.0,51754.0,2.0,0.0,0.0,0.0,0.0,0.0
2026-09-27T11:07:00.571967+08:00,read-devices,41907,75.2,144192,,,,200,9.5,,200,33.2,,200,21.5,,200,295.4,,200,36.6,,0.0,1596.0,25.0,1621.0,0.0,0.0,0.0,0.0,0.0,0.0,0.0,0.0,0.0,4.0,0.0,0.0,4.0,0.0,0.0,52406.0,0.0,252764.0,5.0,51754.0,2.0,0.0,0.0,0.0,0.0,0.0
2026-09-27T11:07:05.583991+08:00,read-devices,41907,6.3,142864,,,,200,5.4,,200,29.2,,200,24.2,,200,208.3,,200,25.1,,0.0,1596.0,25.0,1621.0,0.0,0.0,0.0,0.0,0.0,0.0,0.0,0.0,0.0,4.0,0.0,0.0,4.0,0.0,0.0,52406.0,0.0,252764.0,5.0,51754.0,2.0,0.0,0.0,0.0,0.0,0.0
2026-09-27T11:07:10.591069+08:00,read-devices,41907,80.0,142496,4458,3546,1715,200,3.7,,200,51.5,,200,100.2,,200,1584.2,,200,189.0,,0.0,1596.0,25.0,1621.0,0.0,0.0,0.0,0.0,0.0,0.0,0.0,0.0,0.0,4.0,0.0,0.0,4.0,0.0,0.0,52406.0,0.0,252764.0,5.0,51754.0,2.0,0.0,0.0,0.0,0.0,0.0
2026-09-27T11:07:15.600570+08:00,read-devices,41907,88.5,145312,,,,200,3.1,,200,58.3,,200,73.4,,200,923.6,,200,60.9,,0.0,1596.0,25.0,1621.0,0.0,0.0,0.0,0.0,0.0,0.0,0.0,0.0,0.0,4.0,0.0,0.0,4.0,0.0,0.0,52406.0,0.0,252764.0,5.0,51754.0,2.0,0.0,0.0,0.0,0.0,0.0
2026-09-27T11:07:20.599599+08:00,read-devices,41907,43.1,140544,,,,200,3.3,,200,82.0,,200,209.2,,200,768.9,,200,224.9,,0.0,1596.0,25.0,1621.0,0.0,0.0,0.0,0.0,0.0,0.0,0.0,0.0,0.0,4.0,0.0,0.0,4.0,0.0,0.0,52406.0,0.0,252764.0,5.0,51754.0,2.0,0.0,0.0,0.0,0.0,0.0
2026-09-27T11:07:25.605388+08:00,read-devices,41907,86.0,159008,4512,3492,1715,200,13.6,,200,199.4,,200,361.5,,200,1501.3,,200,703.5,,0.0,1596.0,25.0,1621.0,0.0,0.0,0.0,0.0,0.0,0.0,0.0,0.0,0.0,4.0,0.0,0.0,4.0,0.0,0.0,52406.0,0.0,252764.0,5.0,51754.0,2.0,0.0,0.0,0.0,0.0,0.0
2026-09-27T11:07:30.606092+08:00,read-devices,41907,74.0,159488,,,,200,3.6,,200,22.0,,200,11.2,,200,210.4,,200,14.0,,0.0,1596.0,25.0,1621.0,0.0,0.0,0.0,0.0,0.0,0.0,0.0,0.0,0.0,4.0,0.0,0.0,4.0,0.0,0.0,52406.0,0.0,252764.0,5.0,51754.0,2.0,0.0,0.0,0.0,0.0,0.0
2026-09-27T11:07:35.614671+08:00,read-devices,41907,77.6,194768,,,,200,1.5,,200,426.6,,200,918.5,,200,1501.4,,200,941.0,,0.0,1596.0,25.0,1621.0,0.0,0.0,0.0,0.0,0.0,0.0,0.0,0.0,0.0,4.0,0.0,0.0,4.0,0.0,0.0,52406.0,0.0,252764.0,5.0,51754.0,2.0,0.0,0.0,0.0,0.0,0.0
2026-09-27T11:07:40.617495+08:00,read-devices,41907,106.2,218656,4462,3542,1725,200,18.4,,200,426.1,,200,957.0,,200,1728.7,,200,956.7,,0.0,1596.0,25.0,1621.0,0.0,0.0,0.0,0.0,0.0,0.0,0.0,0.0,0.0,4.0,0.0,0.0,4.0,0.0,0.0,52406.0,0.0,252764.0,5.0,51754.0,2.0,0.0,0.0,0.0,0.0,0.0
2026-09-27T11:07:45.623730+08:00,read-devices,41907,22.9,232208,,,,200,1.9,,200,14.5,,200,12.6,,200,220.6,,200,19.2,,0.0,1596.0,25.0,1621.0,0.0,0.0,0.0,0.0,0.0,0.0,0.0,0.0,0.0,4.0,0.0,0.0,4.0,0.0,0.0,52406.0,0.0,252764.0,5.0,51754.0,2.0,0.0,0.0,0.0,0.0,0.0
2026-09-27T11:07:50.626990+08:00,before-read-registry,41907,21.1,220480,,,,200,3.8,,200,22.4,,200,18.1,,200,207.5,,200,26.7,,0.0,1596.0,25.0,1621.0,0.0,0.0,0.0,0.0,0.0,0.0,0.0,0.0,0.0,4.0,0.0,0.0,4.0,0.0,0.0,52406.0,0.0,252764.0,5.0,51754.0,2.0,0.0,0.0,0.0,0.0,0.0
2026-09-27T11:07:55.637831+08:00,before-read-registry,41907,5.1,206320,4520,3484,1724,200,11.9,,200,25.4,,200,24.6,,200,216.1,,200,38.6,,0.0,1596.0,25.0,1621.0,0.0,0.0,0.0,0.0,0.0,0.0,0.0,0.0,0.0,4.0,0.0,0.0,4.0,0.0,0.0,52406.0,0.0,252764.0,5.0,51754.0,2.0,0.0,0.0,0.0,0.0,0.0
2026-09-27T11:08:00.642103+08:00,read-registry,41907,19.6,207312,,,,200,7.2,,200,28.9,,200,28.9,,200,192.6,,200,42.1,,0.0,1596.0,25.0,1621.0,0.0,0.0,0.0,0.0,0.0,0.0,0.0,0.0,0.0,4.0,0.0,0.0,4.0,0.0,0.0,52406.0,0.0,252764.0,5.0,51754.0,2.0,0.0,0.0,0.0,0.0,0.0
2026-09-27T11:08:05.643719+08:00,read-registry,41907,17.0,194432,,,,200,4.3,,200,19.0,,200,15.5,,200,186.2,,200,20.6,,0.0,1596.0,25.0,1621.0,0.0,0.0,0.0,0.0,0.0,0.0,0.0,0.0,0.0,4.0,0.0,0.0,4.0,0.0,0.0,52406.0,0.0,252764.0,5.0,51754.0,2.0,0.0,0.0,0.0,0.0,0.0
2026-09-27T11:08:10.654047+08:00,read-registry,41907,4.0,155392,4471,3533,1729,200,21.0,,200,64.2,,200,49.2,,200,252.6,,200,53.8,,0.0,1596.0,25.0,1621.0,0.0,0.0,0.0,0.0,0.0,0.0,0.0,0.0,0.0,4.0,0.0,0.0,4.0,0.0,0.0,52406.0,0.0,252764.0,5.0,51754.0,2.0,0.0,0.0,0.0,0.0,0.0
2026-09-27T11:08:15.656477+08:00,read-registry,41907,59.8,152512,,,,200,6.7,,200,54.1,,200,41.6,,200,706.5,,200,54.8,,0.0,1596.0,25.0,1621.0,0.0,0.0,0.0,0.0,0.0,0.0,0.0,0.0,0.0,4.0,0.0,0.0,4.0,0.0,0.0,52406.0,0.0,252764.0,5.0,51754.0,2.0,0.0,0.0,0.0,0.0,0.0
2026-09-27T11:08:20.661417+08:00,read-registry,41907,39.1,152192,,,,200,6.0,,200,36.8,,200,37.1,,200,469.7,,200,82.2,,0.0,1596.0,25.0,1621.0,0.0,0.0,0.0,0.0,0.0,0.0,0.0,0.0,0.0,4.0,0.0,0.0,4.0,0.0,0.0,52406.0,0.0,252764.0,5.0,51754.0,2.0,0.0,0.0,0.0,0.0,0.0
2026-09-27T11:08:25.666159+08:00,read-registry,41907,42.7,145392,4512,3491,1730,200,15.0,,200,58.4,,200,109.1,,200,1809.6,,200,304.8,,0.0,1596.0,25.0,1621.0,0.0,0.0,0.0,0.0,0.0,0.0,0.0,0.0,0.0,4.0,0.0,0.0,4.0,0.0,0.0,52406.0,0.0,252764.0,5.0,51754.0,2.0,0.0,0.0,0.0,0.0,0.0
2026-09-27T11:08:30.676741+08:00,read-registry,41907,45.5,147984,,,,200,6.9,,200,43.7,,200,114.7,,200,2867.4,,200,264.6,,0.0,1596.0,25.0,1621.0,0.0,0.0,0.0,0.0,0.0,0.0,0.0,0.0,0.0,4.0,0.0,0.0,4.0,0.0,0.0,52406.0,0.0,252764.0,5.0,51754.0,2.0,0.0,0.0,0.0,0.0,0.0
2026-09-27T11:08:35.682280+08:00,read-registry,41907,5.9,150736,,,,200,1.8,,200,19.0,,200,17.2,,200,194.3,,200,21.5,,0.0,1596.0,25.0,1621.0,0.0,0.0,0.0,0.0,0.0,0.0,0.0,0.0,0.0,4.0,0.0,0.0,4.0,0.0,0.0,52406.0,0.0,252764.0,5.0,51754.0,2.0,0.0,0.0,0.0,0.0,0.0
2026-09-27T11:08:40.692698+08:00,read-registry,41907,58.6,151440,4539,3465,1728,200,13.0,,200,315.0,,200,1473.6,,200,2822.8,,200,1537.0,,0.0,1596.0,25.0,1621.0,0.0,0.0,0.0,0.0,0.0,0.0,0.0,0.0,0.0,4.0,0.0,0.0,4.0,0.0,0.0,52406.0,0.0,252764.0,5.0,51754.0,2.0,0.0,0.0,0.0,0.0,0.0
2026-09-27T11:08:45.698271+08:00,read-registry,41907,50.1,164560,,,,200,5.4,,200,258.4,,200,645.0,,200,2215.7,,200,773.6,,0.0,1596.0,25.0,1621.0,0.0,0.0,0.0,0.0,0.0,0.0,0.0,0.0,0.0,4.0,0.0,0.0,4.0,0.0,0.0,52406.0,0.0,252764.0,5.0,51754.0,2.0,0.0,0.0,0.0,0.0,0.0
2026-09-27T11:08:50.700381+08:00,read-registry,41907,20.9,157328,,,,200,10.2,,200,27.8,,200,21.8,,200,214.5,,200,28.6,,0.0,1596.0,25.0,1621.0,0.0,0.0,0.0,0.0,0.0,0.0,0.0,0.0,0.0,4.0,0.0,0.0,4.0,0.0,0.0,52406.0,0.0,252764.0,5.0,51754.0,2.0,0.0,0.0,0.0,0.0,0.0
2026-09-27T11:08:55.711454+08:00,read-registry,41907,29.6,170032,4528,3475,1727,200,1.7,,200,2513.1,,200,2937.9,,200,2953.9,,200,2976.1,,0.0,1596.0,25.0,1621.0,0.0,0.0,0.0,0.0,0.0,0.0,0.0,0.0,0.0,4.0,0.0,0.0,4.0,0.0,0.0,52406.0,0.0,252764.0,5.0,51754.0,2.0,0.0,0.0,0.0,0.0,0.0
2026-09-27T11:09:00.715420+08:00,read-registry,41907,23.8,222176,,,,200,10.2,,,3009.0,HTTP Error 503: Service Unavailable,,4003.3,timed out,,4008.3,timed out,,4008.1,timed out,0.0,1596.0,25.0,1621.0,0.0,0.0,0.0,0.0,0.0,0.0,0.0,0.0,0.0,4.0,0.0,0.0,4.0,0.0,0.0,52406.0,0.0,252764.0,5.0,51754.0,2.0,0.0,0.0,0.0,0.0,0.0
2026-09-27T11:09:05.724088+08:00,read-registry,41907,22.5,201696,,,,200,7.8,,200,1036.9,,200,1728.1,,200,1798.8,,200,1747.0,,0.0,1596.0,25.0,1621.0,0.0,0.0,0.0,0.0,0.0,0.0,0.0,0.0,0.0,4.0,0.0,0.0,4.0,0.0,0.0,52406.0,0.0,252764.0,5.0,51754.0,2.0,0.0,0.0,0.0,0.0,0.0
2026-09-27T11:09:10.726909+08:00,before-read-raw-list,41907,11.3,228528,4524,3480,1725,200,7.7,,200,27.8,,200,25.9,,200,214.6,,200,24.0,,0.0,1596.0,25.0,1621.0,0.0,0.0,0.0,0.0,0.0,0.0,0.0,0.0,0.0,4.0,0.0,0.0,4.0,0.0,0.0,52406.0,0.0,252764.0,5.0,51754.0,2.0,0.0,0.0,0.0,0.0,0.0
2026-09-27T11:09:15.736473+08:00,before-read-raw-list,41907,23.5,217712,,,,200,4.6,,200,25.4,,200,18.1,,200,230.3,,200,29.3,,0.0,1596.0,25.0,1621.0,0.0,0.0,0.0,0.0,0.0,0.0,0.0,0.0,0.0,4.0,0.0,0.0,4.0,0.0,0.0,52406.0,0.0,252764.0,5.0,51754.0,2.0,0.0,0.0,0.0,0.0,0.0
2026-09-27T11:09:20.739062+08:00,before-read-raw-list,41907,21.2,187008,,,,200,11.9,,200,27.8,,200,22.8,,200,207.5,,200,34.2,,0.0,1596.0,25.0,1621.0,0.0,0.0,0.0,0.0,0.0,0.0,0.0,0.0,0.0,4.0,0.0,0.0,4.0,0.0,0.0,52406.0,0.0,252764.0,5.0,51754.0,2.0,0.0,0.0,0.0,0.0,0.0
2026-09-27T11:09:25.748730+08:00,read-raw-list,41907,35.2,156064,4545,3458,1724,200,6.9,,200,42.7,,200,28.4,,200,294.9,,200,53.0,,0.0,1596.0,25.0,1621.0,0.0,0.0,0.0,0.0,0.0,0.0,0.0,0.0,0.0,4.0,0.0,0.0,4.0,0.0,0.0,52406.0,0.0,252764.0,5.0,51754.0,2.0,0.0,0.0,0.0,0.0,0.0
2026-09-27T11:09:30.750618+08:00,read-raw-list,41907,10.1,150240,,,,200,2.4,,200,27.1,,200,17.6,,200,219.1,,200,26.1,,0.0,1596.0,25.0,1621.0,0.0,0.0,0.0,0.0,0.0,0.0,0.0,0.0,0.0,4.0,0.0,0.0,4.0,0.0,0.0,52406.0,0.0,252764.0,5.0,51754.0,2.0,0.0,0.0,0.0,0.0,0.0
2026-09-27T11:09:35.756151+08:00,read-raw-list,41907,25.6,148688,,,,200,8.7,,200,55.5,,200,69.0,,200,663.5,,200,76.1,,0.0,1596.0,25.0,1621.0,0.0,0.0,0.0,0.0,0.0,0.0,0.0,0.0,0.0,4.0,0.0,0.0,4.0,0.0,0.0,52406.0,0.0,252764.0,5.0,51754.0,2.0,0.0,0.0,0.0,0.0,0.0
2026-09-27T11:09:40.765141+08:00,read-raw-list,41907,22.2,147136,4563,3441,1723,200,14.7,,200,73.9,,200,64.5,,200,913.9,,200,119.3,,0.0,1596.0,25.0,1621.0,0.0,0.0,0.0,0.0,0.0,0.0,0.0,0.0,0.0,4.0,0.0,0.0,4.0,0.0,0.0,52406.0,0.0,252764.0,5.0,51754.0,2.0,0.0,0.0,0.0,0.0,0.0
2026-09-27T11:09:45.774479+08:00,read-raw-list,41907,20.9,152224,,,,200,1.7,,200,26.1,,200,22.1,,200,233.9,,200,26.0,,0.0,1596.0,25.0,1621.0,0.0,0.0,0.0,0.0,0.0,0.0,0.0,0.0,0.0,4.0,0.0,0.0,4.0,0.0,0.0,52406.0,0.0,252764.0,5.0,51754.0,2.0,0.0,0.0,0.0,0.0,0.0
2026-09-27T11:09:50.784286+08:00,read-raw-list,41907,27.3,141024,,,,200,7.5,,200,67.8,,200,306.8,,200,2866.8,,200,458.4,,0.0,1596.0,25.0,1621.0,0.0,0.0,0.0,0.0,0.0,0.0,0.0,0.0,0.0,4.0,0.0,0.0,4.0,0.0,0.0,52406.0,0.0,252764.0,5.0,51754.0,2.0,0.0,0.0,0.0,0.0,0.0
2026-09-27T11:09:55.792782+08:00,read-raw-list,41907,28.2,139056,4577,3427,1721,200,6.8,,200,81.9,,200,186.9,,200,2389.7,,200,337.4,,0.0,1596.0,25.0,1621.0,0.0,0.0,0.0,0.0,0.0,0.0,0.0,0.0,0.0,4.0,0.0,0.0,4.0,0.0,0.0,52406.0,0.0,252764.0,5.0,51754.0,2.0,0.0,0.0,0.0,0.0,0.0
2026-09-27T11:10:00.800127+08:00,read-raw-list,41907,20.3,138704,,,,200,3.4,,200,15.9,,200,14.6,,200,161.5,,200,18.0,,0.0,1596.0,25.0,1621.0,0.0,0.0,0.0,0.0,0.0,0.0,0.0,0.0,0.0,4.0,0.0,0.0,4.0,0.0,0.0,52406.0,0.0,252764.0,5.0,51754.0,2.0,0.0,0.0,0.0,0.0,0.0
2026-09-27T11:10:05.808916+08:00,read-raw-list,41907,48.9,166016,,,,200,2.9,,200,2078.7,,,4002.4,timed out,,4002.2,timed out,,4001.9,timed out,0.0,1596.0,25.0,1621.0,0.0,0.0,0.0,0.0,0.0,0.0,0.0,0.0,0.0,4.0,0.0,0.0,4.0,0.0,0.0,52406.0,0.0,252764.0,5.0,51754.0,2.0,0.0,0.0,0.0,0.0,0.0
2026-09-27T11:10:10.813147+08:00,read-raw-list,41907,57.8,176304,4531,3473,1721,200,6.0,,200,1757.8,,200,2633.8,,200,2927.8,,200,2671.0,,0.0,1596.0,25.0,1621.0,0.0,0.0,0.0,0.0,0.0,0.0,0.0,0.0,0.0,4.0,0.0,0.0,4.0,0.0,0.0,52406.0,0.0,252764.0,5.0,51754.0,2.0,0.0,0.0,0.0,0.0,0.0
2026-09-27T11:10:15.825913+08:00,read-raw-list,41907,21.4,164240,,,,200,5.5,,200,13.3,,200,15.4,,200,166.8,,200,20.2,,0.0,1596.0,25.0,1621.0,0.0,0.0,0.0,0.0,0.0,0.0,0.0,0.0,0.0,4.0,0.0,0.0,4.0,0.0,0.0,52406.0,0.0,252764.0,5.0,51754.0,2.0,0.0,0.0,0.0,0.0,0.0
2026-09-27T11:10:20.834755+08:00,read-raw-list,41907,7.4,182112,,,,200,8.2,,,3006.8,HTTP Error 503: Service Unavailable,,4006.0,timed out,,4005.0,timed out,,4006.0,timed out,0.0,1596.0,25.0,1621.0,0.0,0.0,0.0,0.0,0.0,0.0,0.0,0.0,0.0,4.0,0.0,0.0,4.0,0.0,0.0,52406.0,0.0,252764.0,5.0,51754.0,2.0,0.0,0.0,0.0,0.0,0.0
2026-09-27T11:10:25.841541+08:00,read-raw-list,41907,9.0,177632,4636,3367,1720,200,1.9,,200,1250.5,,200,1230.6,,200,1442.6,,200,1230.0,,0.0,1596.0,25.0,1621.0,0.0,0.0,0.0,0.0,0.0,0.0,0.0,0.0,0.0,4.0,0.0,0.0,4.0,0.0,0.0,52406.0,0.0,252764.0,5.0,51754.0,2.0,0.0,0.0,0.0,0.0,0.0
2026-09-27T11:10:30.846655+08:00,before-read-history,41907,26.5,180784,,,,200,4.3,,200,27.7,,200,20.7,,200,227.0,,200,32.0,,0.0,1596.0,25.0,1621.0,0.0,0.0,0.0,0.0,0.0,0.0,0.0,0.0,0.0,4.0,0.0,0.0,4.0,0.0,0.0,52406.0,0.0,252764.0,5.0,51754.0,2.0,0.0,0.0,0.0,0.0,0.0
2026-09-27T11:10:35.855276+08:00,before-read-history,41907,4.6,180320,,,,200,7.9,,200,28.2,,200,28.3,,200,219.3,,200,29.4,,0.0,1596.0,25.0,1621.0,0.0,0.0,0.0,0.0,0.0,0.0,0.0,0.0,0.0,4.0,0.0,0.0,4.0,0.0,0.0,52406.0,0.0,252764.0,5.0,51754.0,2.0,0.0,0.0,0.0,0.0,0.0
2026-09-27T11:10:40.869784+08:00,read-history,41907,18.7,169632,4312,3692,1715,200,6.9,,200,25.2,,200,25.7,,200,297.4,,200,27.5,,0.0,1596.0,25.0,1621.0,0.0,0.0,0.0,0.0,0.0,0.0,0.0,0.0,0.0,4.0,0.0,0.0,4.0,0.0,0.0,52406.0,0.0,252764.0,5.0,51754.0,2.0,0.0,0.0,0.0,0.0,0.0
2026-09-27T11:10:45.869702+08:00,read-history,41907,36.2,161760,,,,200,4.5,,200,13.1,,200,17.4,,200,200.5,,200,27.4,,0.0,1596.0,25.0,1621.0,0.0,0.0,0.0,0.0,0.0,0.0,0.0,0.0,0.0,4.0,0.0,0.0,4.0,0.0,0.0,52406.0,0.0,252764.0,5.0,51754.0,2.0,0.0,0.0,0.0,0.0,0.0
2026-09-27T11:10:50.871054+08:00,read-history,41907,21.3,155488,,,,200,11.8,,200,67.1,,200,55.0,,200,288.8,,200,46.7,,0.0,1596.0,25.0,1621.0,0.0,0.0,0.0,0.0,0.0,0.0,0.0,0.0,0.0,4.0,0.0,0.0,4.0,0.0,0.0,52406.0,0.0,252764.0,5.0,51754.0,2.0,0.0,0.0,0.0,0.0,0.0
2026-09-27T11:10:55.880530+08:00,read-history,41907,50.6,132304,4551,3453,1712,200,10.5,,200,55.8,,200,21.9,,200,319.2,,200,30.3,,0.0,1596.0,25.0,1621.0,0.0,0.0,0.0,0.0,0.0,0.0,0.0,0.0,0.0,4.0,0.0,0.0,4.0,0.0,0.0,52406.0,0.0,252764.0,5.0,51754.0,2.0,0.0,0.0,0.0,0.0,0.0
2026-09-27T11:11:00.891969+08:00,read-history,41907,41.0,122688,,,,200,2.6,,200,22.0,,200,9.8,,200,222.6,,200,29.8,,0.0,1596.0,25.0,1621.0,0.0,0.0,0.0,0.0,0.0,0.0,0.0,0.0,0.0,4.0,0.0,0.0,4.0,0.0,0.0,52406.0,0.0,252764.0,5.0,51754.0,2.0,0.0,0.0,0.0,0.0,0.0
2026-09-27T11:11:05.899169+08:00,read-history,41907,44.5,117120,,,,200,9.3,,200,178.4,,200,19.1,,200,362.6,,200,64.5,,0.0,1596.0,25.0,1621.0,0.0,0.0,0.0,0.0,0.0,0.0,0.0,0.0,0.0,4.0,0.0,0.0,4.0,0.0,0.0,52406.0,0.0,252764.0,5.0,51754.0,2.0,0.0,0.0,0.0,0.0,0.0
2026-09-27T11:11:10.907070+08:00,read-history,41907,56.4,117296,4828,3176,1704,200,8.7,,200,317.4,,200,40.9,,200,331.8,,200,54.9,,0.0,1596.0,25.0,1621.0,0.0,0.0,0.0,0.0,0.0,0.0,0.0,0.0,0.0,4.0,0.0,0.0,4.0,0.0,0.0,52406.0,0.0,252764.0,5.0,51754.0,2.0,0.0,0.0,0.0,0.0,0.0
2026-09-27T11:11:15.908071+08:00,read-history,41907,19.1,121936,,,,200,8.9,,200,27.9,,200,27.8,,200,296.8,,200,40.2,,0.0,1596.0,25.0,1621.0,0.0,0.0,0.0,0.0,0.0,0.0,0.0,0.0,0.0,4.0,0.0,0.0,4.0,0.0,0.0,52406.0,0.0,252764.0,5.0,51754.0,2.0,0.0,0.0,0.0,0.0,0.0
2026-09-27T11:11:20.921544+08:00,read-history,41907,38.0,134800,,,,200,14.2,,200,356.0,,200,56.7,,200,649.0,,200,124.2,,0.0,1596.0,25.0,1621.0,0.0,0.0,0.0,0.0,0.0,0.0,0.0,0.0,1.0,4.0,0.0,0.0,4.0,0.0,0.0,52406.0,0.0,252764.0,5.0,51754.0,2.0,0.0,0.0,0.0,0.0,0.0
2026-09-27T11:11:25.921740+08:00,read-history,41907,19.1,118928,5996,2008,1683,200,3.7,,200,447.6,,200,19.0,,200,1588.7,,200,156.2,,0.0,1596.0,25.0,1621.0,0.0,0.0,0.0,0.0,0.0,0.0,0.0,0.0,3.0,4.0,0.0,0.0,4.0,0.0,0.0,52406.0,0.0,252764.0,5.0,51754.0,2.0,0.0,0.0,0.0,0.0,0.0
2026-09-27T11:11:30.932160+08:00,read-history,41907,19.3,122000,,,,200,4.9,,200,25.4,,200,23.1,,200,285.7,,200,48.9,,0.0,1596.0,25.0,1621.0,0.0,0.0,0.0,0.0,0.0,0.0,0.0,0.0,2.0,4.0,0.0,0.0,4.0,0.0,0.0,52406.0,0.0,252764.0,5.0,51754.0,2.0,0.0,0.0,0.0,0.0,0.0
2026-09-27T11:11:35.938100+08:00,read-history,41907,35.7,184560,,,,200,13.2,,,3013.1,HTTP Error 503: Service Unavailable,200,50.9,,200,1309.3,,200,156.1,,0.0,1596.0,25.0,1621.0,0.0,0.0,0.0,0.0,0.0,0.0,0.0,0.0,1.0,4.0,0.0,0.0,4.0,0.0,0.0,52406.0,0.0,252764.0,5.0,51754.0,2.0,0.0,0.0,0.0,0.0,0.0
2026-09-27T11:11:40.946538+08:00,read-history,41907,21.4,107424,6552,1452,2088,200,40.8,,,3005.4,HTTP Error 503: Service Unavailable,200,345.2,,200,2826.3,,200,889.5,,0.0,1596.0,25.0,1621.0,0.0,0.0,0.0,0.0,0.0,0.0,0.0,0.0,1.0,4.0,0.0,0.0,4.0,0.0,0.0,52406.0,0.0,252764.0,5.0,51754.0,2.0,0.0,0.0,0.0,0.0,0.0
2026-09-27T11:11:45.949669+08:00,read-history,41907,12.1,125232,,,,200,5.2,,,3007.9,HTTP Error 503: Service Unavailable,200,28.0,,200,1119.8,,200,219.3,,0.0,1596.0,25.0,1621.0,0.0,0.0,0.0,0.0,0.0,0.0,0.0,0.0,1.0,4.0,0.0,0.0,4.0,0.0,0.0,52406.0,0.0,252764.0,5.0,51754.0,2.0,0.0,0.0,0.0,0.0,0.0
2026-09-27T11:11:50.965982+08:00,read-history,41907,10.1,82944,,,,200,33.6,,200,403.8,,200,73.9,,200,1301.3,,200,202.7,,0.0,1596.0,25.0,1621.0,0.0,0.0,0.0,0.0,0.0,0.0,0.0,0.0,1.0,4.0,0.0,0.0,4.0,0.0,0.0,52406.0,0.0,252764.0,5.0,51754.0,2.0,0.0,0.0,0.0,0.0,0.0
2026-09-27T11:11:55.973994+08:00,before-read-metadata,41907,16.9,104320,6055,1949,2576,200,17.4,,200,106.5,,200,48.7,,200,818.0,,200,112.5,,0.0,1596.0,25.0,1621.0,0.0,0.0,0.0,0.0,0.0,0.0,0.0,0.0,1.0,4.0,0.0,0.0,4.0,0.0,0.0,52406.0,0.0,252764.0,5.0,51754.0,2.0,0.0,0.0,0.0,0.0,0.0
2026-09-27T11:12:00.981559+08:00,before-read-metadata,41907,15.2,110112,,,,200,6.9,,200,26.2,,200,15.6,,200,232.7,,200,30.2,,0.0,1596.0,25.0,1621.0,0.0,0.0,0.0,0.0,0.0,0.0,0.0,0.0,1.0,4.0,0.0,0.0,4.0,0.0,0.0,52406.0,0.0,252764.0,5.0,51754.0,2.0,0.0,0.0,0.0,0.0,0.0
2026-09-27T11:12:05.990738+08:00,read-metadata,41907,56.3,134976,,,,200,6.3,,200,55.3,,200,22.7,,200,221.9,,200,37.4,,0.0,1596.0,25.0,1621.0,0.0,0.0,0.0,0.0,0.0,0.0,0.0,0.0,3.0,4.0,0.0,0.0,4.0,0.0,0.0,52406.0,0.0,252764.0,5.0,51754.0,2.0,0.0,0.0,0.0,0.0,0.0
2026-09-27T11:12:10.994226+08:00,read-metadata,41907,42.6,131200,5726,2278,2543,200,5.2,,200,20.9,,200,21.3,,200,338.0,,200,57.2,,0.0,1596.0,25.0,1621.0,0.0,0.0,0.0,0.0,0.0,0.0,0.0,0.0,2.0,4.0,0.0,0.0,4.0,0.0,0.0,52406.0,0.0,252764.0,5.0,51754.0,2.0,0.0,0.0,0.0,0.0,0.0
2026-09-27T11:12:15.993976+08:00,read-metadata,41907,18.9,129792,,,,200,1.8,,200,23.5,,200,22.5,,200,224.7,,200,27.8,,0.0,1596.0,25.0,1621.0,0.0,0.0,0.0,0.0,0.0,0.0,0.0,0.0,0.0,4.0,0.0,0.0,4.0,0.0,0.0,52406.0,0.0,252764.0,5.0,51754.0,2.0,0.0,0.0,0.0,0.0,0.0
2026-09-27T11:12:21.002191+08:00,read-metadata,41907,170.4,135744,,,,200,6.2,,200,44.4,,200,28.1,,200,312.6,,200,52.9,,0.0,1596.0,25.0,1621.0,0.0,0.0,0.0,0.0,0.0,0.0,0.0,0.0,3.0,4.0,0.0,0.0,4.0,0.0,0.0,52406.0,0.0,252764.0,5.0,51754.0,2.0,0.0,0.0,0.0,0.0,0.0
2026-09-27T11:12:26.003666+08:00,read-metadata,41907,176.6,134608,5776,2228,2521,200,16.3,,200,61.3,,200,45.2,,200,439.3,,200,90.3,,0.0,1596.0,25.0,1621.0,0.0,0.0,0.0,0.0,0.0,0.0,0.0,0.0,3.0,4.0,0.0,0.0,4.0,0.0,0.0,52406.0,0.0,252764.0,5.0,51754.0,2.0,0.0,0.0,0.0,0.0,0.0
2026-09-27T11:12:31.005676+08:00,read-metadata,41907,199.0,147344,,,,200,3.5,,200,59.8,,200,41.3,,200,482.6,,200,64.6,,0.0,1596.0,25.0,1621.0,0.0,0.0,0.0,0.0,0.0,0.0,0.0,0.0,0.0,4.0,0.0,0.0,4.0,0.0,0.0,52406.0,0.0,252764.0,5.0,51754.0,2.0,0.0,0.0,0.0,0.0,0.0
2026-09-27T11:12:36.010943+08:00,read-metadata,41907,135.1,141792,,,,200,11.2,,200,107.9,,200,113.5,,200,429.8,,200,112.9,,0.0,1596.0,25.0,1621.0,0.0,0.0,0.0,0.0,0.0,0.0,0.0,0.0,0.0,4.0,0.0,0.0,4.0,0.0,0.0,52406.0,0.0,252764.0,5.0,51754.0,2.0,0.0,0.0,0.0,0.0,0.0
2026-09-27T11:12:41.014683+08:00,read-metadata,41907,19.4,146528,5905,2098,2477,200,9.5,,200,40.5,,200,31.2,,200,395.3,,200,65.1,,0.0,1596.0,25.0,1621.0,0.0,0.0,0.0,0.0,0.0,0.0,0.0,0.0,3.0,4.0,0.0,0.0,4.0,0.0,0.0,52406.0,0.0,252764.0,5.0,51754.0,2.0,0.0,0.0,0.0,0.0,0.0
2026-09-27T11:12:46.017148+08:00,read-metadata,41907,182.0,155632,,,,200,2.2,,200,56.8,,200,127.2,,200,554.1,,200,135.1,,0.0,1596.0,25.0,1621.0,0.0,0.0,0.0,0.0,0.0,0.0,0.0,0.0,0.0,4.0,0.0,0.0,4.0,0.0,0.0,52406.0,0.0,252764.0,5.0,51754.0,2.0,0.0,0.0,0.0,0.0,0.0
2026-09-27T11:12:51.026080+08:00,read-metadata,41907,191.9,157520,,,,200,5.1,,200,80.6,,200,111.8,,200,572.6,,200,123.9,,0.0,1596.0,25.0,1621.0,0.0,0.0,0.0,0.0,0.0,0.0,0.0,0.0,0.0,4.0,0.0,0.0,4.0,0.0,0.0,52406.0,0.0,252764.0,5.0,51754.0,2.0,0.0,0.0,0.0,0.0,0.0
2026-09-27T11:12:56.029590+08:00,read-metadata,41907,157.3,193424,5810,2194,2469,200,8.3,,200,353.9,,200,764.1,,200,793.5,,200,933.9,,0.0,1596.0,25.0,1621.0,0.0,0.0,0.0,0.0,0.0,0.0,0.0,0.0,2.0,4.0,0.0,0.0,4.0,0.0,0.0,52406.0,0.0,252764.0,5.0,51754.0,2.0,0.0,0.0,0.0,0.0,0.0
2026-09-27T11:13:01.035432+08:00,read-metadata,41907,168.2,214432,,,,200,5.0,,200,246.3,,200,449.1,,200,615.3,,200,492.5,,0.0,1596.0,25.0,1621.0,0.0,0.0,0.0,0.0,0.0,0.0,0.0,0.0,1.0,4.0,0.0,0.0,4.0,0.0,0.0,52406.0,0.0,252764.0,5.0,51754.0,2.0,0.0,0.0,0.0,0.0,0.0
2026-09-27T11:13:06.037413+08:00,read-metadata,41907,56.4,214368,,,,200,6.8,,200,20.2,,200,13.0,,200,277.2,,200,28.1,,0.0,1596.0,25.0,1621.0,0.0,0.0,0.0,0.0,0.0,0.0,0.0,0.0,0.0,4.0,0.0,0.0,4.0,0.0,0.0,52406.0,0.0,252764.0,5.0,51754.0,2.0,0.0,0.0,0.0,0.0,0.0
2026-09-27T11:13:11.048085+08:00,before-read-ops,41907,20.9,196000,5831,2173,2459,200,15.4,,200,26.3,,200,35.7,,200,349.9,,200,32.9,,0.0,1596.0,25.0,1621.0,0.0,0.0,0.0,0.0,0.0,0.0,0.0,0.0,5.0,4.0,0.0,0.0,4.0,0.0,0.0,52406.0,0.0,252764.0,5.0,51754.0,2.0,0.0,0.0,0.0,0.0,0.0
2026-09-27T11:13:16.053012+08:00,before-read-ops,41907,49.1,183840,,,,200,1.3,,200,27.1,,200,12.6,,200,218.6,,200,50.3,,0.0,1596.0,25.0,1621.0,0.0,0.0,0.0,0.0,0.0,0.0,0.0,0.0,2.0,4.0,0.0,0.0,4.0,0.0,0.0,52406.0,0.0,252764.0,5.0,51754.0,2.0,0.0,0.0,0.0,0.0,0.0
2026-09-27T11:13:21.056079+08:00,read-ops,41907,27.0,181712,,,,200,6.2,,200,34.6,,200,33.5,,200,309.7,,200,60.4,,0.0,1596.0,25.0,1621.0,0.0,0.0,0.0,0.0,0.0,0.0,0.0,0.0,2.0,4.0,0.0,0.0,4.0,0.0,0.0,52406.0,0.0,252764.0,5.0,51754.0,2.0,0.0,0.0,0.0,0.0,0.0
2026-09-27T11:13:26.059609+08:00,read-ops,41907,63.3,172944,5948,2056,2405,200,6.8,,200,69.0,,200,25.0,,200,472.3,,200,59.3,,0.0,1596.0,25.0,1621.0,0.0,0.0,0.0,0.0,0.0,0.0,0.0,0.0,1.0,4.0,0.0,0.0,4.0,0.0,0.0,52406.0,0.0,252764.0,5.0,51754.0,2.0,0.0,0.0,0.0,0.0,0.0
2026-09-27T11:13:31.069749+08:00,read-ops,41907,19.1,157920,,,,200,3.6,,200,38.1,,200,20.1,,200,263.7,,200,40.0,,0.0,1596.0,25.0,1621.0,0.0,0.0,0.0,0.0,0.0,0.0,0.0,0.0,2.0,4.0,0.0,0.0,4.0,0.0,0.0,52406.0,0.0,252764.0,5.0,51754.0,2.0,0.0,0.0,0.0,0.0,0.0
2026-09-27T11:13:36.070627+08:00,read-ops,41907,65.7,168576,,,,200,7.7,,200,38.1,,200,30.5,,200,233.4,,200,37.1,,0.0,1596.0,25.0,1621.0,0.0,0.0,0.0,0.0,0.0,0.0,0.0,0.0,1.0,4.0,0.0,0.0,4.0,0.0,0.0,52406.0,0.0,252764.0,5.0,51754.0,2.0,0.0,0.0,0.0,0.0,0.0
2026-09-27T11:13:41.073353+08:00,read-ops,41907,69.0,167024,5970,2034,2379,200,13.9,,200,65.3,,200,62.7,,200,478.2,,200,82.0,,0.0,1596.0,25.0,1621.0,0.0,0.0,0.0,0.0,0.0,0.0,0.0,0.0,1.0,4.0,0.0,0.0,4.0,0.0,0.0,52406.0,0.0,252764.0,5.0,51754.0,2.0,0.0,0.0,0.0,0.0,0.0
2026-09-27T11:13:46.075601+08:00,read-ops,41907,18.6,161760,,,,200,1.5,,200,22.4,,200,17.9,,200,242.9,,200,22.7,,0.0,1596.0,25.0,1621.0,0.0,0.0,0.0,0.0,0.0,0.0,0.0,0.0,5.0,4.0,0.0,0.0,4.0,0.0,0.0,52406.0,0.0,252764.0,5.0,51754.0,2.0,0.0,0.0,0.0,0.0,0.0
2026-09-27T11:13:51.081866+08:00,read-ops,41907,38.8,180176,,,,200,4.4,,200,31.8,,200,20.4,,200,288.7,,200,30.4,,0.0,1596.0,25.0,1621.0,0.0,0.0,0.0,0.0,0.0,0.0,0.0,0.0,2.0,4.0,0.0,0.0,4.0,0.0,0.0,52406.0,0.0,252764.0,5.0,51754.0,2.0,0.0,0.0,0.0,0.0,0.0
2026-09-27T11:13:56.090284+08:00,read-ops,41907,41.8,189104,6006,1998,2375,200,7.7,,200,68.3,,200,39.3,,200,511.9,,200,105.1,,0.0,1596.0,25.0,1621.0,0.0,0.0,0.0,0.0,0.0,0.0,0.0,0.0,1.0,4.0,0.0,0.0,4.0,0.0,0.0,52406.0,0.0,252764.0,5.0,51754.0,2.0,0.0,0.0,0.0,0.0,0.0
2026-09-27T11:14:01.095943+08:00,read-ops,41907,32.2,204128,,,,200,6.9,,200,28.3,,200,25.5,,200,293.6,,200,42.4,,0.0,1596.0,25.0,1621.0,0.0,0.0,0.0,0.0,0.0,0.0,0.0,0.0,1.0,4.0,0.0,0.0,4.0,0.0,0.0,52406.0,0.0,252764.0,5.0,51754.0,2.0,0.0,0.0,0.0,0.0,0.0
2026-09-27T11:14:06.105692+08:00,read-ops,41907,17.7,187376,,,,200,6.1,,200,22.5,,200,22.8,,200,216.2,,200,22.1,,0.0,1596.0,25.0,1621.0,0.0,0.0,0.0,0.0,0.0,0.0,0.0,0.0,2.0,4.0,0.0,0.0,4.0,0.0,0.0,52406.0,0.0,252764.0,5.0,51754.0,2.0,0.0,0.0,0.0,0.0,0.0
2026-09-27T11:14:11.126778+08:00,read-ops,41907,15.6,112352,5977,2027,2373,200,18.6,,200,55.1,,200,32.2,,200,488.0,,200,69.8,,0.0,1596.0,25.0,1621.0,0.0,0.0,0.0,0.0,0.0,0.0,0.0,0.0,1.0,4.0,0.0,0.0,4.0,0.0,0.0,52406.0,0.0,252764.0,5.0,51754.0,2.0,0.0,0.0,0.0,0.0,0.0
2026-09-27T11:14:19.150926+08:00,read-ops,41907,34.2,323904,,,,200,16.2,,200,1139.1,,200,767.7,,200,2492.1,,200,1205.2,,0.0,1596.0,25.0,1621.0,0.0,0.0,0.0,0.0,0.0,0.0,0.0,0.0,0.0,4.0,0.0,0.0,4.0,0.0,0.0,52406.0,0.0,252764.0,5.0,51754.0,2.0,0.0,0.0,0.0,0.0,0.0
2026-09-27T11:14:24.150968+08:00,read-ops,41907,31.1,228752,,,,200,6.2,,200,70.2,,200,20.0,,200,346.9,,200,69.3,,0.0,1596.0,25.0,1621.0,0.0,0.0,0.0,0.0,0.0,0.0,0.0,0.0,1.0,4.0,0.0,0.0,4.0,0.0,0.0,52406.0,0.0,252764.0,5.0,51754.0,2.0,0.0,0.0,0.0,0.0,0.0
2026-09-27T11:14:29.154897+08:00,read-ops,41907,16.5,198400,6217,1787,2370,200,18.3,,200,348.2,,200,221.6,,200,549.9,,200,153.5,,0.0,1596.0,25.0,1621.0,0.0,0.0,0.0,0.0,0.0,0.0,0.0,0.0,1.0,4.0,0.0,0.0,4.0,0.0,0.0,52406.0,0.0,252764.0,5.0,51754.0,2.0,0.0,0.0,0.0,0.0,0.0
2026-09-27T11:14:34.157246+08:00,before-read-backup-list,41907,23.8,169616,,,,200,12.9,,200,34.7,,200,25.0,,200,248.8,,200,49.2,,0.0,1596.0,25.0,1621.0,0.0,0.0,0.0,0.0,0.0,0.0,0.0,0.0,2.0,4.0,0.0,0.0,4.0,0.0,0.0,52406.0,0.0,252764.0,5.0,51754.0,2.0,0.0,0.0,0.0,0.0,0.0
2026-09-27T11:14:39.161745+08:00,before-read-backup-list,41907,19.3,146912,,,,200,5.2,,200,18.4,,200,17.1,,200,204.6,,200,19.8,,0.0,1596.0,25.0,1621.0,0.0,0.0,0.0,0.0,0.0,0.0,0.0,0.0,0.0,4.0,0.0,0.0,4.0,0.0,0.0,52406.0,0.0,252764.0,5.0,51754.0,2.0,0.0,0.0,0.0,0.0,0.0
2026-09-27T11:14:44.163242+08:00,read-backup-list,41907,56.1,165408,6160,1844,2364,200,17.5,,200,30.9,,200,29.2,,200,356.2,,200,48.5,,0.0,1596.0,25.0,1621.0,0.0,0.0,0.0,0.0,0.0,0.0,0.0,0.0,0.0,4.0,0.0,0.0,4.0,0.0,0.0,52406.0,0.0,252764.0,5.0,51754.0,2.0,0.0,0.0,0.0,0.0,0.0
2026-09-27T11:14:49.165039+08:00,read-backup-list,41907,55.6,178432,,,,200,1.8,,200,34.9,,200,28.6,,200,314.0,,200,33.5,,0.0,1596.0,25.0,1621.0,0.0,0.0,0.0,0.0,0.0,0.0,0.0,0.0,0.0,4.0,0.0,0.0,4.0,0.0,0.0,52406.0,0.0,252764.0,5.0,51754.0,2.0,0.0,0.0,0.0,0.0,0.0
2026-09-27T11:14:54.171321+08:00,read-backup-list,41907,23.2,166608,,,,200,4.5,,200,34.5,,200,18.4,,200,284.5,,200,42.2,,0.0,1596.0,25.0,1621.0,0.0,0.0,0.0,0.0,0.0,0.0,0.0,0.0,0.0,4.0,0.0,0.0,4.0,0.0,0.0,52406.0,0.0,252764.0,5.0,51754.0,2.0,0.0,0.0,0.0,0.0,0.0
2026-09-27T11:14:59.174378+08:00,read-backup-list,41907,94.7,176896,6128,1876,2434,200,13.2,,200,70.0,,200,24.4,,200,435.2,,200,51.8,,0.0,1596.0,25.0,1621.0,0.0,0.0,0.0,0.0,0.0,0.0,0.0,0.0,0.0,4.0,0.0,0.0,4.0,0.0,0.0,52406.0,0.0,252764.0,5.0,51754.0,2.0,0.0,0.0,0.0,0.0,0.0
2026-09-27T11:15:04.173947+08:00,read-backup-list,41907,100.8,174240,,,,200,8.9,,200,86.2,,200,32.8,,200,364.6,,200,59.2,,0.0,1596.0,25.0,1621.0,0.0,0.0,0.0,0.0,0.0,0.0,0.0,0.0,0.0,4.0,0.0,0.0,4.0,0.0,0.0,52406.0,0.0,252764.0,5.0,51754.0,2.0,0.0,0.0,0.0,0.0,0.0
2026-09-27T11:15:09.183348+08:00,read-backup-list,41907,20.1,178512,,,,200,3.2,,200,29.0,,200,17.5,,200,217.9,,200,38.5,,0.0,1596.0,25.0,1621.0,0.0,0.0,0.0,0.0,0.0,0.0,0.0,0.0,0.0,4.0,0.0,0.0,4.0,0.0,0.0,52406.0,0.0,252764.0,5.0,51754.0,2.0,0.0,0.0,0.0,0.0,0.0
2026-09-27T11:15:14.200280+08:00,read-backup-list,41907,95.6,169936,6134,1870,2433,,17.4,<urlopen error [Errno 49] Can't assign requested address>,,16.9,<urlopen error [Errno 49] Can't assign requested address>,200,79.0,,,18.2,<urlopen error [Errno 49] Can't assign requested address>,,18.2,<urlopen error [Errno 49] Can't assign requested address>,,,,,,,,,,,,,,,,,,,,,,,,,,,,,,
2026-09-27T11:15:19.196421+08:00,read-backup-list,41907,124.6,164560,,,,,6.5,<urlopen error [Errno 49] Can't assign requested address>,,7.0,<urlopen error [Errno 49] Can't assign requested address>,,7.9,<urlopen error [Errno 49] Can't assign requested address>,,9.9,<urlopen error [Errno 49] Can't assign requested address>,,7.2,<urlopen error [Errno 49] Can't assign requested address>,,,,,,,,,,,,,,,,,,,,,,,,,,,,,,
2026-09-27T11:15:24.201775+08:00,read-backup-list,41907,5.1,134800,,,,,15.9,<urlopen error [Errno 49] Can't assign requested address>,,8.4,<urlopen error [Errno 49] Can't assign requested address>,,6.3,<urlopen error [Errno 49] Can't assign requested address>,,6.8,<urlopen error [Errno 49] Can't assign requested address>,,12.4,<urlopen error [Errno 49] Can't assign requested address>,,,,,,,,,,,,,,,,,,,,,,,,,,,,,,
2026-09-27T11:15:29.207456+08:00,read-backup-list,41907,98.4,190304,6136,1867,2417,200,23.2,,200,180.7,,200,87.9,,200,612.9,,200,224.5,,0.0,1596.0,25.0,1621.0,0.0,0.0,0.0,0.0,0.0,0.0,0.0,0.0,0.0,4.0,0.0,0.0,4.0,0.0,0.0,52406.0,0.0,252764.0,5.0,51754.0,2.0,0.0,0.0,0.0,0.0,0.0
2026-09-27T11:15:34.209422+08:00,read-backup-list,41907,35.2,199936,,,,200,7.2,,,25.5,HTTP Error 503: Service Unavailable,200,11.5,,200,228.6,,200,25.4,,0.0,1596.0,25.0,1621.0,0.0,0.0,0.0,0.0,0.0,0.0,0.0,0.0,0.0,4.0,0.0,0.0,4.0,0.0,0.0,52406.0,0.0,252764.0,5.0,51754.0,2.0,0.0,0.0,0.0,0.0,0.0
2026-09-27T11:15:39.221227+08:00,read-backup-list,41907,129.5,270240,,,,,7.8,<urlopen error [Errno 49] Can't assign requested address>,,6.1,<urlopen error [Errno 49] Can't assign requested address>,,4.3,<urlopen error [Errno 49] Can't assign requested address>,,3.4,<urlopen error [Errno 49] Can't assign requested address>,,5.1,<urlopen error [Errno 49] Can't assign requested address>,,,,,,,,,,,,,,,,,,,,,,,,,,,,,,
2026-09-27T11:15:44.217411+08:00,read-backup-list,41907,111.4,290304,6060,1943,2414,200,7.3,,,64.0,HTTP Error 503: Service Unavailable,200,35.8,,200,484.3,,200,119.4,,0.0,1596.0,25.0,1621.0,0.0,0.0,0.0,0.0,0.0,0.0,0.0,0.0,0.0,4.0,0.0,0.0,4.0,0.0,0.0,52406.0,0.0,252764.0,5.0,51754.0,2.0,0.0,0.0,0.0,0.0,0.0
2026-09-27T11:15:49.219187+08:00,before-read-dashboard-isolated,41907,18.6,236832,,,,200,16.3,,,46.9,HTTP Error 503: Service Unavailable,200,42.5,,200,275.3,,200,45.9,,0.0,1596.0,25.0,1621.0,0.0,0.0,0.0,0.0,0.0,0.0,0.0,0.0,0.0,4.0,0.0,0.0,4.0,0.0,0.0,52406.0,0.0,252764.0,5.0,51754.0,2.0,0.0,0.0,0.0,0.0,0.0
2026-09-27T11:15:54.220948+08:00,before-read-dashboard-isolated,41907,17.5,244416,,,,200,4.2,,,19.2,HTTP Error 503: Service Unavailable,200,21.6,,200,226.1,,200,19.2,,0.0,1596.0,25.0,1621.0,0.0,0.0,0.0,0.0,0.0,0.0,0.0,0.0,0.0,4.0,0.0,0.0,4.0,0.0,0.0,52406.0,0.0,252764.0,5.0,51754.0,2.0,0.0,0.0,0.0,0.0,0.0
2026-09-27T11:15:59.224969+08:00,before-read-dashboard-isolated,41907,21.3,230176,5943,2061,2256,200,3.8,,,40.8,HTTP Error 503: Service Unavailable,200,38.8,,200,429.5,,200,62.9,,0.0,1596.0,25.0,1621.0,0.0,0.0,0.0,0.0,0.0,0.0,0.0,0.0,0.0,4.0,0.0,0.0,4.0,0.0,0.0,52406.0,0.0,252764.0,5.0,51754.0,2.0,0.0,0.0,0.0,0.0,0.0
2026-09-27T11:16:04.229311+08:00,before-read-dashboard-isolated,41907,41.2,182480,,,,200,5.4,,,19.5,HTTP Error 503: Service Unavailable,200,16.3,,200,205.9,,200,19.8,,0.0,1596.0,25.0,1621.0,0.0,0.0,0.0,0.0,0.0,0.0,0.0,0.0,0.0,4.0,0.0,0.0,4.0,0.0,0.0,52406.0,0.0,252764.0,5.0,51754.0,2.0,0.0,0.0,0.0,0.0,0.0
2026-09-27T11:16:09.237357+08:00,before-read-dashboard-isolated,41907,20.4,179664,,,,200,2.0,,,20.9,HTTP Error 503: Service Unavailable,200,20.4,,200,205.5,,200,23.4,,0.0,1596.0,25.0,1621.0,0.0,0.0,0.0,0.0,0.0,0.0,0.0,0.0,0.0,4.0,0.0,0.0,4.0,0.0,0.0,52406.0,0.0,252764.0,5.0,51754.0,2.0,0.0,0.0,0.0,0.0,0.0
2026-09-27T11:16:14.240466+08:00,before-read-dashboard-isolated,41907,22.2,165648,5908,2096,2254,200,7.5,,,30.4,HTTP Error 503: Service Unavailable,200,29.7,,200,224.4,,200,31.5,,0.0,1596.0,25.0,1621.0,0.0,0.0,0.0,0.0,0.0,0.0,0.0,0.0,0.0,4.0,0.0,0.0,4.0,0.0,0.0,52406.0,0.0,252764.0,5.0,51754.0,2.0,0.0,0.0,0.0,0.0,0.0
2026-09-27T11:16:19.242098+08:00,before-read-dashboard-isolated,41907,19.7,184880,,,,200,1.5,,,22.3,HTTP Error 503: Service Unavailable,200,18.9,,200,160.4,,200,23.2,,0.0,1596.0,25.0,1621.0,0.0,0.0,0.0,0.0,0.0,0.0,0.0,0.0,0.0,4.0,0.0,0.0,4.0,0.0,0.0,52406.0,0.0,252764.0,5.0,51754.0,2.0,0.0,0.0,0.0,0.0,0.0
2026-09-27T11:16:24.244142+08:00,before-read-dashboard-isolated,41907,91.4,343856,,,,200,9.0,,,63.8,HTTP Error 503: Service Unavailable,200,57.9,,200,344.4,,200,61.0,,0.0,1596.0,25.0,1621.0,0.0,0.0,0.0,0.0,0.0,0.0,0.0,0.0,0.0,4.0,0.0,0.0,4.0,0.0,0.0,52406.0,0.0,252764.0,5.0,51754.0,2.0,0.0,0.0,0.0,0.0,0.0
2026-09-27T11:16:29.246069+08:00,before-read-dashboard-isolated,41907,40.8,298400,5920,2084,2254,200,11.6,,,24.3,HTTP Error 503: Service Unavailable,200,25.9,,200,310.2,,200,46.0,,0.0,1596.0,25.0,1621.0,0.0,0.0,0.0,0.0,0.0,0.0,0.0,0.0,0.0,4.0,0.0,0.0,4.0,0.0,0.0,52406.0,0.0,252764.0,5.0,51754.0,2.0,0.0,0.0,0.0,0.0,0.0
2026-09-27T11:16:34.249969+08:00,before-read-dashboard-isolated,41907,6.6,55584,,,,200,46.1,,,530.6,HTTP Error 503: Service Unavailable,200,198.7,,200,1920.5,,200,362.9,,0.0,1596.0,25.0,1621.0,0.0,0.0,0.0,0.0,0.0,0.0,0.0,0.0,0.0,4.0,0.0,0.0,4.0,0.0,0.0,52406.0,0.0,252764.0,5.0,51754.0,2.0,0.0,0.0,0.0,0.0,0.0
2026-09-27T11:16:39.739814+08:00,before-read-dashboard-isolated,41907,4.0,40672,,,,200,518.8,,,2702.2,HTTP Error 503: Service Unavailable,200,1653.3,,200,3449.2,,200,2561.9,,0.0,1596.0,25.0,1621.0,0.0,0.0,0.0,0.0,0.0,0.0,0.0,0.0,0.0,4.0,0.0,0.0,4.0,0.0,0.0,52406.0,0.0,252764.0,5.0,51754.0,2.0,0.0,0.0,0.0,0.0,0.0
2026-09-27T11:16:44.260263+08:00,before-read-dashboard-isolated,41907,25.6,72944,5916,2088,2248,200,3.1,,,165.0,HTTP Error 503: Service Unavailable,200,73.4,,200,754.7,,200,145.5,,0.0,1596.0,25.0,1621.0,0.0,0.0,0.0,0.0,0.0,0.0,0.0,0.0,0.0,4.0,0.0,0.0,4.0,0.0,0.0,52406.0,0.0,252764.0,5.0,51754.0,2.0,0.0,0.0,0.0,0.0,0.0
2026-09-27T11:16:49.992899+08:00,before-read-dashboard-isolated,41907,9.7,46848,,,,200,37.7,,,1432.4,HTTP Error 503: Service Unavailable,200,1511.6,,200,2048.1,,200,1615.2,,0.0,1596.0,25.0,1621.0,0.0,0.0,0.0,0.0,0.0,0.0,0.0,0.0,0.0,4.0,0.0,0.0,4.0,0.0,0.0,52406.0,0.0,252764.0,5.0,51754.0,2.0,0.0,0.0,0.0,0.0,0.0
2026-09-27T11:16:55.063341+08:00,before-read-dashboard-isolated,41907,12.7,118784,,,,200,410.1,,,3165.1,HTTP Error 503: Service Unavailable,,4283.6,timed out,,4226.6,timed out,,4181.7,timed out,0.0,1596.0,25.0,1621.0,0.0,0.0,0.0,0.0,0.0,0.0,0.0,0.0,0.0,4.0,0.0,0.0,4.0,0.0,0.0,52406.0,0.0,252764.0,5.0,51754.0,2.0,0.0,0.0,0.0,0.0,0.0
2026-09-27T11:17:00.228492+08:00,before-read-dashboard-isolated,41907,5.1,49120,5912,2092,2244,200,146.4,,,2834.6,HTTP Error 503: Service Unavailable,200,840.9,,,4377.7,timed out,,4258.5,timed out,0.0,1596.0,25.0,1621.0,0.0,0.0,0.0,0.0,0.0,0.0,0.0,0.0,0.0,4.0,0.0,0.0,4.0,0.0,0.0,52406.0,0.0,252764.0,5.0,51754.0,2.0,0.0,0.0,0.0,0.0,0.0
2026-09-27T11:17:08.844329+08:00,before-read-dashboard-isolated,41907,1.8,36336,,,,200,124.1,,,3126.7,HTTP Error 503: Service Unavailable,,4015.0,timed out,,4005.8,timed out,,4012.2,timed out,0.0,1596.0,25.0,1621.0,0.0,0.0,0.0,0.0,0.0,0.0,0.0,0.0,0.0,4.0,0.0,0.0,4.0,0.0,0.0,52406.0,0.0,252764.0,5.0,51754.0,2.0,0.0,0.0,0.0,0.0,0.0
2026-09-27T11:17:13.829916+08:00,before-read-dashboard-isolated,41907,7.9,50016,,,,200,50.3,,,3253.8,HTTP Error 503: Service Unavailable,,4006.7,timed out,,4343.3,timed out,,4303.5,timed out,0.0,1596.0,25.0,1621.0,0.0,0.0,0.0,0.0,0.0,0.0,0.0,0.0,0.0,4.0,0.0,0.0,4.0,0.0,0.0,52406.0,0.0,252764.0,5.0,51754.0,2.0,0.0,0.0,0.0,0.0,0.0
2026-09-27T11:17:18.809284+08:00,before-read-dashboard-isolated,41907,5.6,47440,5925,2079,2237,200,25.3,,,2793.1,HTTP Error 503: Service Unavailable,200,610.0,,200,2385.2,,200,1037.9,,0.0,1596.0,25.0,1621.0,0.0,0.0,0.0,0.0,0.0,0.0,0.0,0.0,0.0,4.0,0.0,0.0,4.0,0.0,0.0,52406.0,0.0,252764.0,5.0,51754.0,2.0,0.0,0.0,0.0,0.0,0.0
2026-09-27T11:17:23.808612+08:00,before-read-dashboard-isolated,41907,22.3,156144,,,,200,4.4,,,21.0,HTTP Error 503: Service Unavailable,200,13.5,,200,219.2,,200,22.5,,0.0,1596.0,25.0,1621.0,0.0,0.0,0.0,0.0,0.0,0.0,0.0,0.0,0.0,4.0,0.0,0.0,4.0,0.0,0.0,52406.0,0.0,252764.0,5.0,51754.0,2.0,0.0,0.0,0.0,0.0,0.0
2026-09-27T11:17:28.822910+08:00,before-read-dashboard-isolated,41907,20.2,168704,,,,200,45.3,,,75.7,HTTP Error 503: Service Unavailable,200,68.0,,200,237.8,,200,68.7,,0.0,1596.0,25.0,1621.0,0.0,0.0,0.0,0.0,0.0,0.0,0.0,0.0,0.0,4.0,0.0,0.0,4.0,0.0,0.0,52406.0,0.0,252764.0,5.0,51754.0,2.0,0.0,0.0,0.0,0.0,0.0
2026-09-27T11:17:33.818213+08:00,before-read-dashboard-isolated,41907,18.1,169840,5279,2725,2178,200,5.6,,,22.9,HTTP Error 503: Service Unavailable,200,17.6,,200,184.9,,200,18.5,,0.0,1596.0,25.0,1621.0,0.0,0.0,0.0,0.0,0.0,0.0,0.0,0.0,0.0,4.0,0.0,0.0,4.0,0.0,0.0,52406.0,0.0,252764.0,5.0,51754.0,2.0,0.0,0.0,0.0,0.0,0.0
2026-09-27T11:17:38.822487+08:00,before-read-dashboard-isolated,41907,34.6,171104,,,,200,3.9,,,18.1,HTTP Error 503: Service Unavailable,200,17.5,,200,157.2,,200,15.9,,0.0,1596.0,25.0,1621.0,0.0,0.0,0.0,0.0,0.0,0.0,0.0,0.0,0.0,4.0,0.0,0.0,4.0,0.0,0.0,52406.0,0.0,252764.0,5.0,51754.0,2.0,0.0,0.0,0.0,0.0,0.0
2026-09-27T11:17:43.824354+08:00,before-read-dashboard-isolated,41907,26.6,174672,,,,200,3.7,,,8.4,HTTP Error 503: Service Unavailable,200,9.9,,200,164.8,,200,13.6,,0.0,1596.0,25.0,1621.0,0.0,0.0,0.0,0.0,0.0,0.0,0.0,0.0,0.0,4.0,0.0,0.0,4.0,0.0,0.0,52406.0,0.0,252764.0,5.0,51754.0,2.0,0.0,0.0,0.0,0.0,0.0
2026-09-27T11:17:48.826627+08:00,before-read-dashboard-isolated,41907,20.7,175056,5328,2675,2172,200,9.0,,,114.0,HTTP Error 503: Service Unavailable,200,109.6,,200,320.3,,200,111.2,,0.0,1596.0,25.0,1621.0,0.0,0.0,0.0,0.0,0.0,0.0,0.0,0.0,0.0,4.0,0.0,0.0,4.0,0.0,0.0,52406.0,0.0,252764.0,5.0,51754.0,2.0,0.0,0.0,0.0,0.0,0.0
2026-09-27T11:17:53.832822+08:00,before-read-dashboard-isolated,41907,19.5,176064,,,,200,4.0,,,14.9,HTTP Error 503: Service Unavailable,200,16.9,,200,169.3,,200,23.6,,0.0,1596.0,25.0,1621.0,0.0,0.0,0.0,0.0,0.0,0.0,0.0,0.0,0.0,4.0,0.0,0.0,4.0,0.0,0.0,52406.0,0.0,252764.0,5.0,51754.0,2.0,0.0,0.0,0.0,0.0,0.0
2026-09-27T11:17:58.838047+08:00,before-read-dashboard-isolated,41907,21.1,171968,,,,200,1.3,,,15.7,HTTP Error 503: Service Unavailable,200,15.8,,200,183.4,,200,20.9,,0.0,1596.0,25.0,1621.0,0.0,0.0,0.0,0.0,0.0,0.0,0.0,0.0,0.0,4.0,0.0,0.0,4.0,0.0,0.0,52406.0,0.0,252764.0,5.0,51754.0,2.0,0.0,0.0,0.0,0.0,0.0
2026-09-27T11:18:03.843114+08:00,before-read-dashboard-isolated,41907,9.9,168368,5358,2646,2173,200,4.5,,,42.3,HTTP Error 503: Service Unavailable,200,40.4,,200,271.2,,200,40.3,,0.0,1596.0,25.0,1621.0,0.0,0.0,0.0,0.0,0.0,0.0,0.0,0.0,0.0,4.0,0.0,0.0,4.0,0.0,0.0,52406.0,0.0,252764.0,5.0,51754.0,2.0,0.0,0.0,0.0,0.0,0.0
2026-09-27T11:18:08.848194+08:00,before-read-dashboard-isolated,41907,3.6,173888,,,,200,4.1,,,28.1,HTTP Error 503: Service Unavailable,200,24.7,,200,183.3,,200,27.1,,0.0,1596.0,25.0,1621.0,0.0,0.0,0.0,0.0,0.0,0.0,0.0,0.0,0.0,4.0,0.0,0.0,4.0,0.0,0.0,52406.0,0.0,252764.0,5.0,51754.0,2.0,0.0,0.0,0.0,0.0,0.0
2026-09-27T11:18:13.853628+08:00,before-read-dashboard-isolated,41907,4.6,176048,,,,200,3.7,,,24.1,HTTP Error 503: Service Unavailable,200,17.5,,200,176.9,,200,29.0,,0.0,1596.0,25.0,1621.0,0.0,0.0,0.0,0.0,0.0,0.0,0.0,0.0,0.0,4.0,0.0,0.0,4.0,0.0,0.0,52406.0,0.0,252764.0,5.0,51754.0,2.0,0.0,0.0,0.0,0.0,0.0
2026-09-27T11:18:18.858249+08:00,before-read-dashboard-isolated,41907,15.5,176208,5195,2809,2173,200,5.2,,,12.5,HTTP Error 503: Service Unavailable,200,41.3,,200,200.3,,200,36.6,,0.0,1596.0,25.0,1621.0,0.0,0.0,0.0,0.0,0.0,0.0,0.0,0.0,0.0,4.0,0.0,0.0,4.0,0.0,0.0,52406.0,0.0,252764.0,5.0,51754.0,2.0,0.0,0.0,0.0,0.0,0.0
2026-09-27T11:18:23.862044+08:00,before-read-dashboard-isolated,41907,25.6,176592,,,,200,8.7,,,23.6,HTTP Error 503: Service Unavailable,200,31.3,,200,190.7,,200,41.2,,0.0,1596.0,25.0,1621.0,0.0,0.0,0.0,0.0,0.0,0.0,0.0,0.0,0.0,4.0,0.0,0.0,4.0,0.0,0.0,52406.0,0.0,252764.0,5.0,51754.0,2.0,0.0,0.0,0.0,0.0,0.0
2026-09-27T11:18:28.867335+08:00,before-read-dashboard-isolated,41907,28.6,164016,,,,200,5.0,,,16.7,HTTP Error 503: Service Unavailable,200,14.2,,200,187.6,,200,20.7,,0.0,1596.0,25.0,1621.0,0.0,0.0,0.0,0.0,0.0,0.0,0.0,0.0,0.0,4.0,0.0,0.0,4.0,0.0,0.0,52406.0,0.0,252764.0,5.0,51754.0,2.0,0.0,0.0,0.0,0.0,0.0
2026-09-27T11:18:33.868404+08:00,before-read-dashboard-isolated,41907,5.7,166000,5187,2817,2168,200,5.9,,,33.0,HTTP Error 503: Service Unavailable,200,41.8,,200,226.9,,200,38.6,,0.0,1596.0,25.0,1621.0,0.0,0.0,0.0,0.0,0.0,0.0,0.0,0.0,0.0,4.0,0.0,0.0,4.0,0.0,0.0,52406.0,0.0,252764.0,5.0,51754.0,2.0,0.0,0.0,0.0,0.0,0.0
2026-09-27T11:18:38.871432+08:00,before-read-dashboard-isolated,41907,5.8,166096,,,,200,4.6,,,35.4,HTTP Error 503: Service Unavailable,200,34.1,,200,189.3,,200,42.9,,0.0,1596.0,25.0,1621.0,0.0,0.0,0.0,0.0,0.0,0.0,0.0,0.0,0.0,4.0,0.0,0.0,4.0,0.0,0.0,52406.0,0.0,252764.0,5.0,51754.0,2.0,0.0,0.0,0.0,0.0,0.0
2026-09-27T11:18:43.876663+08:00,before-read-dashboard-isolated,41907,26.3,166704,,,,200,4.7,,,12.0,HTTP Error 503: Service Unavailable,200,11.2,,200,159.2,,200,14.0,,0.0,1596.0,25.0,1621.0,0.0,0.0,0.0,0.0,0.0,0.0,0.0,0.0,0.0,4.0,0.0,0.0,4.0,0.0,0.0,52406.0,0.0,252764.0,5.0,51754.0,2.0,0.0,0.0,0.0,0.0,0.0
2026-09-27T11:18:48.881793+08:00,before-read-dashboard-isolated,41907,31.6,170448,5228,2776,2167,200,5.8,,,16.6,HTTP Error 503: Service Unavailable,200,14.2,,200,246.0,,200,25.1,,0.0,1596.0,25.0,1621.0,0.0,0.0,0.0,0.0,0.0,0.0,0.0,0.0,0.0,4.0,0.0,0.0,4.0,0.0,0.0,52406.0,0.0,252764.0,5.0,51754.0,2.0,0.0,0.0,0.0,0.0,0.0
2026-09-27T11:18:53.885335+08:00,read-dashboard-isolated,41907,22.2,170800,,,,200,1.7,,,18.6,HTTP Error 503: Service Unavailable,200,17.9,,200,228.7,,200,18.2,,0.0,1596.0,25.0,1621.0,0.0,0.0,0.0,0.0,0.0,0.0,0.0,0.0,0.0,4.0,0.0,0.0,4.0,0.0,0.0,52406.0,0.0,252764.0,5.0,51754.0,2.0,0.0,0.0,0.0,0.0,0.0
2026-09-27T11:18:58.890696+08:00,read-dashboard-isolated,41907,18.7,169792,,,,200,4.6,,,20.9,HTTP Error 503: Service Unavailable,200,26.6,,200,179.2,,200,31.7,,0.0,1596.0,25.0,1621.0,0.0,0.0,0.0,0.0,0.0,0.0,0.0,0.0,0.0,4.0,0.0,0.0,4.0,0.0,0.0,52406.0,0.0,252764.0,5.0,51754.0,2.0,0.0,0.0,0.0,0.0,0.0
2026-09-27T11:19:03.895002+08:00,read-dashboard-isolated,41907,7.8,165472,5170,2834,2161,200,3.6,,,17.3,HTTP Error 503: Service Unavailable,200,22.3,,200,178.0,,200,26.6,,0.0,1596.0,25.0,1621.0,0.0,0.0,0.0,0.0,0.0,0.0,0.0,0.0,0.0,4.0,0.0,0.0,4.0,0.0,0.0,52406.0,0.0,252764.0,5.0,51754.0,2.0,0.0,0.0,0.0,0.0,0.0
2026-09-27T11:19:08.900689+08:00,read-dashboard-isolated,41907,20.3,167584,,,,200,4.2,,,28.2,HTTP Error 503: Service Unavailable,200,32.8,,200,313.1,,200,43.4,,0.0,1596.0,25.0,1621.0,0.0,0.0,0.0,0.0,0.0,0.0,0.0,0.0,0.0,4.0,0.0,0.0,4.0,0.0,0.0,52406.0,0.0,252764.0,5.0,51754.0,2.0,0.0,0.0,0.0,0.0,0.0
2026-09-27T11:19:13.910295+08:00,read-dashboard-isolated,41907,14.0,163248,,,,200,3.5,,,44.5,HTTP Error 503: Service Unavailable,200,42.3,,200,313.0,,200,96.2,,0.0,1596.0,25.0,1622.0,0.0,0.0,0.0,0.0,0.0,0.0,0.0,0.0,0.0,4.0,0.0,0.399106643042709,4.0,0.0,0.0,52408.0,0.0,252764.0,5.0,51756.0,2.0,0.0,0.0,0.0,0.0,0.0
2026-09-27T11:19:18.914105+08:00,read-dashboard-isolated,41907,15.9,164880,5382,2622,2155,200,16.6,,,67.7,HTTP Error 503: Service Unavailable,200,52.4,,200,381.2,,200,63.6,,0.0,1596.0,25.0,1622.0,0.0,1.0,1.0,0.0,0.0,0.0,0.0,0.0,0.0,4.0,0.0,0.0,4.0,0.0,0.0,52408.0,0.0,252764.0,5.0,51756.0,2.0,0.0,0.0,0.0,0.0,0.0
2026-09-27T11:19:23.917815+08:00,read-dashboard-isolated,41907,30.3,165840,,,,200,4.7,,,13.8,HTTP Error 503: Service Unavailable,200,10.9,,200,159.8,,200,17.3,,0.0,1596.0,26.0,1622.0,0.0,1.0,1.0,0.0,0.0,0.0,0.0,0.0,0.0,4.0,0.0,0.0,4.0,0.0,0.0,52408.0,0.0,252764.0,5.0,51756.0,2.0,0.0,0.0,0.0,0.0,0.0
2026-09-27T11:19:28.929572+08:00,read-dashboard-isolated,41907,12.5,163168,,,,200,7.8,,,65.8,HTTP Error 503: Service Unavailable,200,106.5,,200,419.6,,200,145.5,,0.0,1596.0,26.0,1622.0,0.0,1.0,1.0,0.0,0.0,0.0,0.0,0.0,0.0,4.0,0.0,0.0,4.0,0.0,0.0,52408.0,0.0,252764.0,5.0,51756.0,2.0,0.0,0.0,0.0,0.0,0.0
2026-09-27T11:19:33.928742+08:00,read-dashboard-isolated,41907,12.6,153728,5469,2534,2155,200,7.8,,,61.8,HTTP Error 503: Service Unavailable,200,611.3,,200,2099.2,,200,569.8,,0.0,1596.0,26.0,1622.0,0.0,0.0,0.0,0.0,0.0,0.0,0.0,0.0,0.0,4.0,0.0,0.0,4.0,0.0,0.0,52408.0,0.0,252764.0,5.0,51756.0,2.0,0.0,0.0,0.0,0.0,0.0
2026-09-27T11:19:38.938243+08:00,read-dashboard-isolated,41907,10.7,162640,,,,200,11.5,,,75.5,HTTP Error 503: Service Unavailable,200,148.5,,200,1966.8,,200,205.3,,0.0,1596.0,26.0,1622.0,0.0,0.0,0.0,0.0,0.0,0.0,0.0,0.0,0.0,4.0,0.0,0.0,4.0,0.0,0.0,52408.0,0.0,252764.0,5.0,51756.0,2.0,0.0,0.0,0.0,0.0,0.0
2026-09-27T11:19:43.941187+08:00,read-dashboard-isolated,41907,20.5,153776,,,,200,5.0,,,23.2,HTTP Error 503: Service Unavailable,200,20.9,,200,183.5,,200,36.1,,0.0,1596.0,26.0,1622.0,0.0,0.0,0.0,0.0,0.0,0.0,0.0,0.0,0.0,4.0,0.0,0.0,4.0,0.0,0.0,52408.0,0.0,252764.0,5.0,51756.0,2.0,0.0,0.0,0.0,0.0,0.0
2026-09-27T11:19:48.950369+08:00,read-dashboard-isolated,41907,9.3,145488,5850,2154,2160,200,10.7,,,2646.9,HTTP Error 503: Service Unavailable,,4009.8,timed out,,4005.7,timed out,,4010.4,timed out,0.0,1596.0,26.0,1622.0,0.0,0.0,0.0,0.0,0.0,0.0,0.0,0.0,0.0,4.0,0.0,0.0,4.0,0.0,0.0,52408.0,0.0,252764.0,5.0,51756.0,2.0,0.0,0.0,0.0,0.0,0.0
2026-09-27T11:19:53.954022+08:00,read-dashboard-isolated,41907,11.3,155712,,,,200,6.5,,,2339.0,HTTP Error 503: Service Unavailable,,4001.9,timed out,200,3724.8,,,4001.2,timed out,0.0,1596.0,26.0,1622.0,0.0,0.0,0.0,0.0,0.0,0.0,0.0,0.0,0.0,4.0,0.0,0.0,4.0,0.0,0.0,52408.0,0.0,252764.0,5.0,51756.0,2.0,0.0,0.0,0.0,0.0,0.0
2026-09-27T11:19:58.957498+08:00,read-dashboard-isolated,41907,8.4,156096,,,,200,3.0,,,2569.7,HTTP Error 503: Service Unavailable,,4006.5,timed out,,4006.6,timed out,,4005.9,timed out,0.0,1596.0,26.0,1622.0,0.0,0.0,0.0,0.0,0.0,0.0,0.0,0.0,0.0,4.0,0.0,0.0,4.0,0.0,0.0,52408.0,0.0,252764.0,5.0,51756.0,2.0,0.0,0.0,0.0,0.0,0.0
2026-09-27T11:20:03.962230+08:00,read-dashboard-isolated,41907,50.3,161808,5237,2767,2172,200,10.2,,,27.0,HTTP Error 503: Service Unavailable,200,22.7,,200,270.8,,200,45.3,,0.0,1596.0,26.0,1622.0,0.0,0.0,0.0,0.0,0.0,0.0,0.0,0.0,0.0,4.0,0.0,0.0,4.0,0.0,0.0,52408.0,0.0,252764.0,5.0,51756.0,2.0,0.0,0.0,0.0,0.0,0.0
2026-09-27T11:20:08.967498+08:00,read-dashboard-isolated,41907,6.0,155936,,,,200,2.8,,,3008.6,HTTP Error 503: Service Unavailable,,4001.8,timed out,,4002.5,timed out,,4001.9,timed out,0.0,1596.0,26.0,1622.0,0.0,0.0,0.0,0.0,0.0,0.0,0.0,0.0,0.0,4.0,0.0,0.0,4.0,0.0,0.0,52409.0,0.0,252764.0,5.0,51757.0,2.0,0.0,0.0,0.0,0.0,0.0
2026-09-27T11:20:13.969654+08:00,read-dashboard-isolated,41907,7.0,121392,,,,200,7.9,,,3010.4,HTTP Error 503: Service Unavailable,,4006.8,timed out,,4006.7,timed out,,4008.0,timed out,0.0,1596.0,26.0,1622.0,0.0,0.0,0.0,0.0,0.0,0.0,0.0,0.0,0.0,4.0,0.0,0.0,4.0,0.0,0.0,52409.0,0.0,252764.0,5.0,51757.0,2.0,0.0,0.0,0.0,0.0,0.0
2026-09-27T11:20:18.974763+08:00,read-dashboard-isolated,41907,14.4,174224,5757,2247,2166,200,11.0,,,3005.1,HTTP Error 503: Service Unavailable,,4002.5,timed out,,4005.5,timed out,,4005.0,timed out,0.0,1596.0,26.0,1622.0,0.0,0.0,0.0,0.0,0.0,0.0,0.0,0.0,0.0,4.0,0.0,0.0,4.0,0.0,0.0,52409.0,0.0,252764.0,5.0,51757.0,2.0,0.0,0.0,0.0,0.0,0.0
2026-09-27T11:20:23.981499+08:00,read-dashboard-isolated,41907,19.1,132000,,,,200,7.9,,,3007.7,HTTP Error 503: Service Unavailable,,4008.2,timed out,,4002.0,timed out,,4001.4,timed out,0.0,1596.0,26.0,1622.0,0.0,0.0,0.0,0.0,0.0,0.0,0.0,0.0,0.0,4.0,0.0,0.0,4.0,0.0,0.0,52409.0,0.0,252764.0,5.0,51757.0,2.0,0.0,0.0,0.0,0.0,0.0
2026-09-27T11:20:28.984874+08:00,read-dashboard-isolated,41907,15.6,141504,,,,200,8.5,,,666.6,HTTP Error 503: Service Unavailable,200,905.2,,200,1734.2,,200,969.5,,0.0,1596.0,26.0,1622.0,0.0,0.0,0.0,0.0,0.0,0.0,0.0,0.0,0.0,4.0,0.0,0.0,4.0,0.0,0.0,52409.0,0.0,252764.0,5.0,51757.0,2.0,0.0,0.0,0.0,0.0,0.0
2026-09-27T11:20:33.985323+08:00,read-suite-recovery,41907,24.1,175936,5129,2874,2174,200,4.5,,,15.0,HTTP Error 503: Service Unavailable,200,16.7,,200,234.1,,200,27.4,,0.0,1596.0,26.0,1622.0,0.0,0.0,0.0,0.0,0.0,0.0,0.0,0.0,0.0,4.0,0.0,0.0,4.0,0.0,0.0,52409.0,0.0,252764.0,5.0,51757.0,2.0,0.0,0.0,0.0,0.0,0.0
2026-09-27T11:20:38.988945+08:00,read-suite-recovery,41907,19.4,187104,,,,200,35.9,,,69.6,HTTP Error 503: Service Unavailable,200,67.6,,200,240.6,,200,64.1,,0.0,1596.0,26.0,1622.0,0.0,0.0,0.0,0.0,0.0,0.0,0.0,0.0,0.0,4.0,0.0,0.0,4.0,0.0,0.0,52409.0,0.0,252764.0,5.0,51757.0,2.0,0.0,0.0,0.0,0.0,0.0
2026-09-27T11:20:43.991760+08:00,read-suite-recovery,41907,25.8,168640,,,,200,2.1,,,14.7,HTTP Error 503: Service Unavailable,200,16.8,,200,206.8,,200,27.9,,0.0,1596.0,26.0,1622.0,0.0,0.0,0.0,0.0,0.0,0.0,0.0,0.0,0.0,4.0,0.0,0.0,4.0,0.0,0.0,52409.0,0.0,252764.0,5.0,51757.0,2.0,0.0,0.0,0.0,0.0,0.0
2026-09-27T11:20:48.993437+08:00,read-suite-recovery,41907,37.4,170144,5118,2886,2176,200,1.7,,,17.5,HTTP Error 503: Service Unavailable,200,17.7,,200,191.1,,200,30.0,,0.0,1596.0,26.0,1622.0,0.0,0.0,0.0,0.0,0.0,0.0,0.0,0.0,0.0,4.0,0.0,0.0,4.0,0.0,0.0,52409.0,0.0,252764.0,5.0,51757.0,2.0,0.0,0.0,0.0,0.0,0.0
2026-09-27T11:20:53.999571+08:00,read-suite-recovery,41907,25.0,173312,,,,200,7.9,,,24.2,HTTP Error 503: Service Unavailable,200,16.6,,200,163.4,,200,28.9,,0.0,1596.0,26.0,1622.0,0.0,0.0,0.0,0.0,0.0,0.0,0.0,0.0,0.0,4.0,0.0,0.0,4.0,0.0,0.0,52409.0,0.0,252764.0,5.0,51757.0,2.0,0.0,0.0,0.0,0.0,0.0
2026-09-27T11:20:59.000192+08:00,read-suite-recovery,41907,28.5,176944,,,,200,3.9,,,18.6,HTTP Error 503: Service Unavailable,200,16.8,,200,163.3,,200,19.8,,0.0,1596.0,26.0,1622.0,0.0,0.0,0.0,0.0,0.0,0.0,0.0,0.0,0.0,4.0,0.0,0.0,4.0,0.0,0.0,52409.0,0.0,252764.0,5.0,51757.0,2.0,0.0,0.0,0.0,0.0,0.0
2026-09-27T11:21:04.004651+08:00,read-suite-recovery,41907,26.0,177664,5146,2858,2179,200,5.6,,,19.4,HTTP Error 503: Service Unavailable,200,18.2,,200,180.4,,200,21.4,,0.0,1596.0,26.0,1622.0,0.0,0.0,0.0,0.0,0.0,0.0,0.0,0.0,0.0,4.0,0.0,0.0,4.0,0.0,0.0,52409.0,0.0,252764.0,5.0,51757.0,2.0,0.0,0.0,0.0,0.0,0.0
2026-09-27T11:21:09.010125+08:00,read-suite-recovery,41907,4.9,177680,,,,200,3.3,,,22.5,HTTP Error 503: Service Unavailable,200,23.2,,200,179.4,,200,23.7,,0.0,1596.0,26.0,1622.0,0.0,0.0,0.0,0.0,0.0,0.0,0.0,0.0,0.0,4.0,0.0,0.0,4.0,0.0,0.0,52409.0,0.0,252764.0,5.0,51757.0,2.0,0.0,0.0,0.0,0.0,0.0
2026-09-27T11:21:14.015743+08:00,read-suite-recovery,41907,11.1,177696,,,,200,5.4,,,11.8,HTTP Error 503: Service Unavailable,200,12.0,,200,153.2,,200,22.4,,0.0,1596.0,26.0,1622.0,0.0,0.0,0.0,0.0,0.0,0.0,0.0,0.0,0.0,4.0,0.0,0.0,4.0,0.0,0.0,52409.0,0.0,252764.0,5.0,51757.0,2.0,0.0,0.0,0.0,0.0,0.0
2026-09-27T11:21:19.020909+08:00,read-suite-recovery,41907,27.4,178016,5148,2856,2180,200,5.9,,,13.9,HTTP Error 503: Service Unavailable,200,26.5,,200,181.3,,200,25.3,,0.0,1596.0,26.0,1622.0,0.0,0.0,0.0,0.0,0.0,0.0,0.0,0.0,0.0,4.0,0.0,0.0,4.0,0.0,0.0,52409.0,0.0,252764.0,5.0,51757.0,2.0,0.0,0.0,0.0,0.0,0.0
2026-09-27T11:21:24.025381+08:00,read-suite-recovery,41907,27.4,178064,,,,200,5.2,,,12.0,HTTP Error 503: Service Unavailable,200,11.9,,200,164.3,,200,19.0,,0.0,1596.0,26.0,1622.0,0.0,0.0,0.0,0.0,0.0,0.0,0.0,0.0,0.0,4.0,0.0,0.0,4.0,0.0,0.0,52409.0,0.0,252764.0,5.0,51757.0,2.0,0.0,0.0,0.0,0.0,0.0
2026-09-27T11:21:29.032003+08:00,read-suite-recovery,41907,3.6,173104,,,,200,7.1,,,31.9,HTTP Error 503: Service Unavailable,200,31.2,,200,204.8,,200,32.9,,0.0,1596.0,26.0,1622.0,0.0,0.0,0.0,0.0,0.0,0.0,0.0,0.0,0.0,4.0,0.0,0.0,4.0,0.0,0.0,52409.0,0.0,252764.0,5.0,51757.0,2.0,0.0,0.0,0.0,0.0,0.0
2026-09-27T11:21:34.035088+08:00,read-suite-recovery,41907,4.4,171712,5188,2816,2174,200,8.6,,,25.4,HTTP Error 503: Service Unavailable,200,25.6,,200,183.1,,200,28.6,,0.0,1596.0,26.0,1622.0,0.0,0.0,0.0,0.0,0.0,0.0,0.0,0.0,0.0,4.0,0.0,0.0,4.0,0.0,0.0,52409.0,0.0,252764.0,5.0,51757.0,2.0,0.0,0.0,0.0,0.0,0.0
2026-09-27T11:21:39.040223+08:00,read-suite-recovery,41907,7.2,172912,,,,200,2.8,,,15.0,HTTP Error 503: Service Unavailable,200,21.3,,200,158.5,,200,23.6,,0.0,1596.0,26.0,1622.0,0.0,0.0,0.0,0.0,0.0,0.0,0.0,0.0,0.0,4.0,0.0,0.0,4.0,0.0,0.0,52409.0,0.0,252764.0,5.0,51757.0,2.0,0.0,0.0,0.0,0.0,0.0
2026-09-27T11:21:44.042021+08:00,read-suite-recovery,,,,,,,,1.3,<urlopen error [Errno 61] Connection refused>,,3.0,<urlopen error [Errno 61] Connection refused>,,0.7,<urlopen error [Errno 61] Connection refused>,,3.5,<urlopen error [Errno 61] Connection refused>,,3.5,<urlopen error [Errno 61] Connection refused>,,,,,,,,,,,,,,,,,,,,,,,,,,,,,,
2026-09-27T11:21:49.047176+08:00,read-suite-recovery,,,,5001,3003,2169,200,7.3,,200,33.5,,200,17.3,,200,237.4,,200,42.2,,0.0,0.0,0.0,0.0,,0.0,,,,,,,,,0.0,0.0,4.0,0.0,0.0,0.0,,,0.0,0.0,0.0,0.0,0.0,0.0,0.0,0.0
2026-09-27T11:21:54.052144+08:00,read-suite-recovery,,,,,,,200,2.4,,200,16.1,,200,24.3,,200,207.7,,200,24.2,,0.0,0.0,0.0,0.0,,0.0,,,,,,0.0,0.0,4.0,0.0,0.0,4.0,0.0,0.0,0.0,,0.0,0.0,0.0,0.0,0.0,0.0,0.0,0.0,0.0
2026-09-27T11:21:59.052919+08:00,read-suite-recovery,48031,2.7,68848,,,,200,4.9,,200,17.4,,200,20.7,,200,188.3,,200,21.4,,0.0,0.0,0.0,0.0,,0.0,,,,,,0.0,0.0,4.0,0.0,0.0,4.0,0.0,0.0,0.0,,0.0,0.0,0.0,0.0,0.0,0.0,0.0,0.0,0.0
2026-09-27T11:22:04.055500+08:00,after-remaining_reads-None,48031,5.8,67584,4976,3028,2168,200,7.4,,200,30.5,,200,29.9,,200,299.5,,200,48.5,,0.0,0.0,0.0,0.0,0.0,0.0,0.0,0.0,0.0,0.0,0.0,0.0,0.0,4.0,0.0,0.0,4.0,0.0,0.0,0.0,0.0,0.0,0.0,0.0,0.0,0.0,0.0,0.0,0.0,0.0
2026-09-27T11:22:09.061040+08:00,after-remaining_reads-None,48031,3.6,67488,,,,200,3.9,,200,48.2,,200,26.5,,200,239.1,,200,47.7,,0.0,0.0,0.0,0.0,0.0,0.0,0.0,0.0,0.0,0.0,0.0,0.0,0.0,4.0,0.0,0.0,4.0,0.0,0.0,0.0,0.0,0.0,0.0,0.0,0.0,0.0,0.0,0.0,0.0,0.0
2026-09-27T11:22:14.066592+08:00,after-remaining_reads-None,48031,4.5,67680,,,,200,8.3,,200,28.1,,200,28.5,,200,229.1,,200,34.1,,0.0,0.0,0.0,0.0,0.0,0.0,0.0,0.0,0.0,0.0,0.0,0.0,0.0,4.0,0.0,0.0,4.0,0.0,0.0,0.0,0.0,0.0,0.0,0.0,0.0,0.0,0.0,0.0,0.0,0.0
2026-09-27T11:22:19.071718+08:00,before-extras-knowledge,48031,39.6,75264,4987,3016,2165,200,2.7,,200,23.8,,200,10.7,,200,235.9,,200,20.8,,0.0,0.0,0.0,0.0,0.0,0.0,0.0,0.0,0.0,0.0,0.0,0.0,0.0,4.0,0.0,0.0,4.0,0.0,0.0,0.0,0.0,0.0,0.0,0.0,0.0,0.0,0.0,0.0,0.0,0.0
2026-09-27T11:22:24.072354+08:00,before-extras-knowledge,48031,19.8,75232,,,,200,5.1,,200,29.5,,200,17.9,,200,160.6,,200,28.4,,0.0,0.0,0.0,0.0,0.0,0.0,0.0,0.0,0.0,0.0,0.0,0.0,0.0,4.0,0.0,0.0,4.0,0.0,0.0,0.0,0.0,0.0,0.0,0.0,0.0,0.0,0.0,0.0,0.0,0.0
2026-09-27T11:22:29.087087+08:00,knowledge-upload-c1,48031,11.9,77168,,,,200,11.0,,200,55.9,,200,27.8,,200,444.7,,200,34.5,,0.0,0.0,0.0,0.0,0.0,0.0,0.0,0.0,0.0,0.0,0.0,0.0,0.0,4.0,0.0,0.0,4.0,0.0,0.0,0.0,0.0,0.0,0.0,0.0,0.0,0.0,0.0,0.0,0.0,0.0
2026-09-27T11:22:34.082648+08:00,knowledge-upload-c2,48031,8.6,78448,5292,2712,2161,200,17.9,,200,56.6,,200,36.2,,200,379.2,,200,64.0,,0.0,0.0,0.0,0.0,0.0,0.0,0.0,0.0,0.0,0.0,0.0,0.0,0.0,4.0,0.0,0.0,4.0,0.0,0.0,0.0,0.0,0.0,0.0,0.0,0.0,0.0,0.0,0.0,0.0,0.0
2026-09-27T11:22:39.085120+08:00,knowledge-upload-c2,48031,8.5,77424,,,,200,2.7,,200,36.4,,200,39.0,,200,334.8,,200,53.6,,0.0,0.0,0.0,0.0,0.0,0.0,0.0,0.0,0.0,0.0,0.0,0.0,0.0,4.0,0.0,0.0,4.0,0.0,0.0,0.0,0.0,0.0,0.0,0.0,0.0,0.0,0.0,0.0,0.0,0.0
2026-09-27T11:22:44.089696+08:00,knowledge-upload-c4,48031,5.8,76576,,,,200,1.8,,200,48.0,,200,57.6,,200,389.9,,200,56.5,,0.0,0.0,0.0,0.0,0.0,0.0,0.0,0.0,0.0,0.0,0.0,0.0,0.0,4.0,0.0,0.0,4.0,0.0,0.0,0.0,0.0,0.0,0.0,0.0,0.0,0.0,0.0,0.0,0.0,0.0
2026-09-27T11:22:49.095136+08:00,knowledge-upload-c4,48031,10.3,77712,5346,2658,2159,200,11.1,,200,65.2,,200,61.9,,200,337.2,,200,76.1,,0.0,0.0,0.0,0.0,0.0,0.0,0.0,0.0,0.0,0.0,0.0,0.0,0.0,4.0,0.0,0.0,4.0,0.0,0.0,0.0,0.0,0.0,0.0,0.0,0.0,0.0,0.0,0.0,0.0,0.0
2026-09-27T11:22:54.097050+08:00,knowledge-upload-c4,48031,25.4,77312,,,,200,14.6,,200,93.9,,200,67.0,,200,287.7,,200,85.9,,0.0,0.0,0.0,0.0,0.0,0.0,0.0,0.0,0.0,0.0,0.0,0.0,0.0,4.0,0.0,0.0,4.0,0.0,0.0,0.0,0.0,0.0,0.0,0.0,0.0,0.0,0.0,0.0,0.0,0.0
2026-09-27T11:22:59.101811+08:00,knowledge-upload-c4,48031,9.9,77584,,,,200,2.1,,200,50.9,,200,36.9,,200,303.0,,200,94.8,,0.0,0.0,0.0,0.0,0.0,0.0,0.0,0.0,0.0,0.0,0.0,0.0,0.0,4.0,0.0,0.0,4.0,0.0,0.0,0.0,0.0,0.0,0.0,0.0,0.0,0.0,0.0,0.0,0.0,0.0
2026-09-27T11:23:04.104607+08:00,knowledge-upload-c8,48031,18.6,74944,5355,2649,2156,200,19.1,,200,126.2,,200,80.3,,200,479.7,,200,107.0,,0.0,0.0,0.0,0.0,0.0,0.0,0.0,0.0,0.0,0.0,0.0,0.0,0.0,4.0,0.0,0.0,4.0,0.0,0.0,0.0,0.0,0.0,0.0,0.0,0.0,0.0,0.0,0.0,0.0,0.0
2026-09-27T11:23:09.107894+08:00,knowledge-upload-c8,48031,14.3,75472,,,,200,8.9,,200,75.4,,200,50.9,,200,263.1,,200,51.3,,0.0,0.0,0.0,0.0,0.0,0.0,0.0,0.0,0.0,0.0,0.0,0.0,0.0,4.0,0.0,0.0,4.0,0.0,0.0,0.0,0.0,0.0,0.0,0.0,0.0,0.0,0.0,0.0,0.0,0.0
2026-09-27T11:23:14.113964+08:00,knowledge-upload-c8,48031,13.0,80624,,,,200,7.6,,200,48.3,,200,36.3,,200,273.6,,200,24.2,,0.0,0.0,0.0,0.0,0.0,0.0,0.0,0.0,0.0,0.0,0.0,0.0,0.0,4.0,0.0,0.0,4.0,0.0,0.0,0.0,0.0,0.0,0.0,0.0,0.0,0.0,0.0,0.0,0.0,0.0
2026-09-27T11:23:19.117427+08:00,knowledge-upload-c8,48031,8.3,81488,5337,2667,2151,200,12.0,,200,62.8,,200,44.7,,200,329.8,,200,65.5,,0.0,0.0,0.0,0.0,0.0,0.0,0.0,0.0,0.0,0.0,0.0,0.0,0.0,4.0,0.0,0.0,4.0,0.0,0.0,0.0,0.0,0.0,0.0,0.0,0.0,0.0,0.0,0.0,0.0,0.0
2026-09-27T11:23:24.118360+08:00,knowledge-upload-c8,48031,9.8,78192,,,,200,9.5,,200,70.3,,200,67.9,,200,261.9,,200,72.2,,0.0,0.0,0.0,0.0,0.0,0.0,0.0,0.0,0.0,0.0,0.0,0.0,0.0,4.0,0.0,0.0,4.0,0.0,0.0,0.0,0.0,0.0,0.0,0.0,0.0,0.0,0.0,0.0,0.0,0.0
2026-09-27T11:23:29.125811+08:00,knowledge-upload-c8,48031,12.3,78000,,,,200,4.6,,200,60.0,,200,40.3,,200,327.2,,200,41.7,,0.0,0.0,0.0,0.0,0.0,0.0,0.0,0.0,0.0,0.0,0.0,0.0,0.0,4.0,0.0,0.0,4.0,0.0,0.0,0.0,0.0,0.0,0.0,0.0,0.0,0.0,0.0,0.0,0.0,0.0
2026-09-27T11:23:34.132904+08:00,knowledge-upload-c8,48031,9.7,88432,5349,2655,2149,200,9.7,,200,92.8,,200,92.4,,200,358.4,,200,82.3,,0.0,0.0,0.0,0.0,0.0,0.0,0.0,0.0,0.0,0.0,0.0,0.0,0.0,4.0,0.0,0.0,4.0,0.0,0.0,0.0,0.0,0.0,0.0,0.0,0.0,0.0,0.0,0.0,0.0,0.0
2026-09-27T11:23:39.138055+08:00,knowledge-upload-c8,48031,31.0,85312,,,,200,10.3,,200,90.0,,200,59.9,,200,342.5,,200,67.5,,0.0,0.0,0.0,0.0,0.0,0.0,0.0,0.0,0.0,0.0,0.0,0.0,0.0,4.0,0.0,0.0,4.0,0.0,0.0,0.0,0.0,0.0,0.0,0.0,0.0,0.0,0.0,0.0,0.0,0.0
2026-09-27T11:23:44.143626+08:00,knowledge-upload-c8,48031,10.0,80928,,,,200,11.3,,200,65.1,,200,67.4,,200,333.4,,200,61.4,,0.0,0.0,0.0,0.0,0.0,0.0,0.0,0.0,0.0,0.0,0.0,0.0,0.0,4.0,0.0,0.0,4.0,0.0,0.0,0.0,0.0,0.0,0.0,0.0,0.0,0.0,0.0,0.0,0.0,0.0
2026-09-27T11:23:49.147603+08:00,knowledge-upload-c16,48031,29.9,85152,5363,2641,2148,200,9.9,,200,98.4,,200,60.1,,200,305.5,,200,71.3,,0.0,0.0,0.0,0.0,0.0,0.0,0.0,0.0,0.0,0.0,0.0,0.0,0.0,4.0,0.0,0.0,4.0,0.0,0.0,0.0,0.0,0.0,0.0,0.0,0.0,0.0,0.0,0.0,0.0,0.0
2026-09-27T11:23:54.152360+08:00,knowledge-upload-c16,48031,9.0,83088,,,,200,15.4,,200,55.3,,200,42.2,,200,213.5,,200,41.3,,0.0,0.0,0.0,0.0,0.0,0.0,0.0,0.0,0.0,0.0,0.0,0.0,0.0,4.0,0.0,0.0,4.0,0.0,0.0,0.0,0.0,0.0,0.0,0.0,0.0,0.0,0.0,0.0,0.0,0.0
2026-09-27T11:23:59.158141+08:00,knowledge-upload-c16,48031,13.8,74064,,,,200,16.5,,200,81.1,,200,58.8,,200,274.0,,200,71.5,,0.0,0.0,0.0,0.0,0.0,0.0,0.0,0.0,0.0,0.0,0.0,0.0,0.0,4.0,0.0,0.0,4.0,0.0,0.0,0.0,0.0,0.0,0.0,0.0,0.0,0.0,0.0,0.0,0.0,0.0
2026-09-27T11:24:04.166111+08:00,knowledge-upload-c16,48031,7.2,69904,5388,2615,2147,200,3.7,,200,160.8,,200,133.4,,200,469.9,,200,143.8,,0.0,0.0,0.0,0.0,0.0,0.0,0.0,0.0,0.0,0.0,0.0,0.0,0.0,4.0,0.0,0.0,4.0,0.0,0.0,0.0,0.0,0.0,0.0,0.0,0.0,0.0,0.0,0.0,0.0,0.0
2026-09-27T11:24:09.166676+08:00,knowledge-upload-c16,48031,10.3,70672,,,,200,15.9,,200,86.7,,200,42.7,,200,308.0,,200,78.2,,0.0,0.0,0.0,0.0,0.0,0.0,0.0,0.0,0.0,0.0,0.0,0.0,0.0,4.0,0.0,0.0,4.0,0.0,0.0,0.0,0.0,0.0,0.0,0.0,0.0,0.0,0.0,0.0,0.0,0.0
2026-09-27T11:24:14.173320+08:00,knowledge-upload-c16,48031,9.8,70096,,,,200,8.5,,200,56.7,,200,40.0,,200,314.9,,200,45.7,,0.0,0.0,0.0,0.0,0.0,0.0,0.0,0.0,0.0,0.0,0.0,0.0,0.0,4.0,0.0,0.0,4.0,0.0,0.0,0.0,0.0,0.0,0.0,0.0,0.0,0.0,0.0,0.0,0.0,0.0
2026-09-27T11:24:19.178896+08:00,knowledge-upload-c16,48031,9.3,69792,5375,2628,2146,200,16.1,,200,47.5,,200,31.0,,200,357.4,,200,40.4,,0.0,0.0,0.0,0.0,0.0,0.0,0.0,0.0,0.0,0.0,0.0,0.0,0.0,4.0,0.0,0.0,4.0,0.0,0.0,0.0,0.0,0.0,0.0,0.0,0.0,0.0,0.0,0.0,0.0,0.0
2026-09-27T11:24:24.183054+08:00,knowledge-upload-c16,48031,10.9,69568,,,,200,16.2,,200,62.8,,200,53.6,,200,351.5,,200,55.6,,0.0,0.0,0.0,0.0,0.0,0.0,0.0,0.0,0.0,0.0,0.0,0.0,0.0,4.0,0.0,0.0,4.0,0.0,0.0,0.0,0.0,0.0,0.0,0.0,0.0,0.0,0.0,0.0,0.0,0.0
2026-09-27T11:24:29.188528+08:00,knowledge-upload-c16,48031,11.1,69728,,,,200,14.1,,200,80.1,,200,65.0,,200,308.1,,200,62.1,,0.0,0.0,0.0,0.0,0.0,0.0,0.0,0.0,0.0,0.0,0.0,0.0,0.0,4.0,0.0,0.0,4.0,0.0,0.0,0.0,0.0,0.0,0.0,0.0,0.0,0.0,0.0,0.0,0.0,0.0
2026-09-27T11:24:34.195228+08:00,knowledge-upload-c16,48031,44.2,72032,5335,2668,2146,200,20.8,,200,88.1,,200,81.6,,200,394.9,,200,130.1,,0.0,0.0,0.0,0.0,0.0,0.0,0.0,0.0,0.0,0.0,0.0,0.0,0.0,4.0,0.0,0.0,4.0,0.0,0.0,0.0,0.0,0.0,0.0,0.0,0.0,0.0,0.0,0.0,0.0,0.0
2026-09-27T11:24:39.198908+08:00,knowledge-upload-c16,48031,8.0,70544,,,,200,12.7,,200,73.8,,200,58.6,,200,273.3,,200,63.7,,0.0,0.0,0.0,0.0,0.0,0.0,0.0,0.0,0.0,0.0,0.0,0.0,0.0,4.0,0.0,0.0,4.0,0.0,0.0,0.0,0.0,0.0,0.0,0.0,0.0,0.0,0.0,0.0,0.0,0.0
2026-09-27T11:24:44.202271+08:00,knowledge-upload-c16,48031,34.3,73472,,,,200,7.0,,200,53.0,,200,45.8,,200,339.2,,200,68.9,,0.0,0.0,0.0,0.0,0.0,0.0,0.0,0.0,0.0,0.0,0.0,0.0,0.0,4.0,0.0,0.0,4.0,0.0,0.0,0.0,0.0,0.0,0.0,0.0,0.0,0.0,0.0,0.0,0.0,0.0
2026-09-27T11:24:49.208368+08:00,knowledge-upload-c32,48031,9.4,74816,5409,2595,2146,200,3.5,,200,68.8,,200,35.5,,200,393.8,,200,75.3,,0.0,0.0,0.0,0.0,0.0,0.0,0.0,0.0,0.0,0.0,0.0,0.0,0.0,4.0,0.0,0.0,4.0,0.0,0.0,0.0,0.0,0.0,0.0,0.0,0.0,0.0,0.0,0.0,0.0,0.0
2026-09-27T11:24:54.211964+08:00,knowledge-upload-c32,48031,15.3,73312,,,,200,8.0,,200,105.0,,200,42.8,,200,373.5,,200,80.0,,0.0,0.0,0.0,0.0,0.0,0.0,0.0,0.0,0.0,0.0,0.0,0.0,0.0,4.0,0.0,0.0,4.0,0.0,0.0,0.0,0.0,0.0,0.0,0.0,0.0,0.0,0.0,0.0,0.0,0.0
2026-09-27T11:24:59.217520+08:00,knowledge-upload-c32,48031,9.6,74288,,,,200,6.7,,200,55.0,,200,41.8,,200,329.7,,200,61.3,,0.0,0.0,0.0,0.0,0.0,0.0,0.0,0.0,0.0,0.0,0.0,0.0,0.0,4.0,0.0,0.0,4.0,0.0,0.0,0.0,0.0,0.0,0.0,0.0,0.0,0.0,0.0,0.0,0.0,0.0
2026-09-27T11:25:04.221461+08:00,knowledge-upload-c32,48031,11.3,75696,5343,2660,2150,200,9.4,,200,34.6,,200,24.7,,200,472.2,,200,87.6,,0.0,0.0,0.0,0.0,0.0,0.0,0.0,0.0,0.0,0.0,0.0,0.0,0.0,4.0,0.0,0.0,4.0,0.0,0.0,0.0,0.0,0.0,0.0,0.0,0.0,0.0,0.0,0.0,0.0,0.0
2026-09-27T11:25:09.229022+08:00,knowledge-upload-c32,48031,8.7,74768,,,,200,3.5,,200,39.4,,200,26.6,,200,266.7,,200,35.3,,0.0,0.0,0.0,0.0,0.0,0.0,0.0,0.0,0.0,0.0,0.0,0.0,0.0,4.0,0.0,0.0,4.0,0.0,0.0,0.0,0.0,0.0,0.0,0.0,0.0,0.0,0.0,0.0,0.0,0.0
2026-09-27T11:25:14.235643+08:00,knowledge-upload-c32,48031,11.5,76800,,,,200,6.9,,200,56.0,,200,39.7,,200,255.0,,200,45.4,,0.0,0.0,0.0,0.0,0.0,0.0,0.0,0.0,0.0,0.0,0.0,0.0,0.0,4.0,0.0,0.0,4.0,0.0,0.0,0.0,0.0,0.0,0.0,0.0,0.0,0.0,0.0,0.0,0.0,0.0
2026-09-27T11:25:19.239788+08:00,knowledge-upload-c32,48031,9.4,73936,5408,2595,2155,200,14.9,,200,60.9,,200,32.1,,200,296.8,,200,56.4,,0.0,0.0,0.0,0.0,0.0,0.0,0.0,0.0,0.0,0.0,0.0,0.0,0.0,4.0,0.0,0.0,4.0,0.0,0.0,0.0,0.0,0.0,0.0,0.0,0.0,0.0,0.0,0.0,0.0,0.0
2026-09-27T11:25:24.244196+08:00,knowledge-upload-c32,48031,10.8,76992,,,,200,1.9,,200,86.5,,200,36.5,,200,269.5,,200,55.1,,0.0,0.0,0.0,0.0,0.0,0.0,0.0,0.0,0.0,0.0,0.0,0.0,0.0,4.0,0.0,0.0,4.0,0.0,0.0,0.0,0.0,0.0,0.0,0.0,0.0,0.0,0.0,0.0,0.0,0.0
2026-09-27T11:25:29.248430+08:00,knowledge-upload-c32,48031,30.8,76432,,,,200,6.5,,200,120.2,,200,93.4,,200,312.8,,200,89.8,,0.0,0.0,0.0,0.0,0.0,0.0,0.0,0.0,0.0,0.0,0.0,0.0,0.0,4.0,0.0,0.0,4.0,0.0,0.0,0.0,0.0,0.0,0.0,0.0,0.0,0.0,0.0,0.0,0.0,0.0
2026-09-27T11:25:34.252526+08:00,knowledge-upload-c32,48031,11.1,76592,5380,2624,2155,200,13.2,,200,61.8,,200,36.7,,200,294.0,,200,44.0,,0.0,0.0,0.0,0.0,0.0,0.0,0.0,0.0,0.0,0.0,0.0,0.0,0.0,4.0,0.0,0.0,4.0,0.0,0.0,0.0,0.0,0.0,0.0,0.0,0.0,0.0,0.0,0.0,0.0,0.0
2026-09-27T11:25:39.256732+08:00,knowledge-upload-c32,48031,34.4,73952,,,,200,5.7,,200,60.0,,200,39.8,,200,396.0,,200,42.1,,0.0,0.0,0.0,0.0,0.0,0.0,0.0,0.0,0.0,0.0,0.0,0.0,0.0,4.0,0.0,0.0,4.0,0.0,0.0,0.0,0.0,0.0,0.0,0.0,0.0,0.0,0.0,0.0,0.0,0.0
2026-09-27T11:25:44.263748+08:00,knowledge-upload-c32,48031,9.6,73568,,,,200,12.6,,200,47.0,,200,28.4,,200,317.4,,200,82.7,,0.0,0.0,0.0,0.0,0.0,0.0,0.0,0.0,0.0,0.0,0.0,0.0,0.0,4.0,0.0,0.0,4.0,0.0,0.0,0.0,0.0,0.0,0.0,0.0,0.0,0.0,0.0,0.0,0.0,0.0
2026-09-27T11:25:49.451398+08:00,knowledge-search-c1,48031,0.0,38096,5460,2544,2154,200,590.8,,200,2274.8,,200,1636.5,,200,3901.8,,200,2471.2,,0.0,0.0,0.0,0.0,0.0,0.0,0.0,0.0,0.0,0.0,0.0,0.0,0.0,4.0,0.0,0.0,4.0,0.0,0.0,0.0,0.0,0.0,0.0,0.0,0.0,0.0,0.0,0.0,0.0,0.0
2026-09-27T11:25:54.668020+08:00,knowledge-search-c1,48031,11.7,56240,,,,200,2.7,,200,45.0,,200,16.0,,200,359.4,,200,62.1,,0.0,0.0,0.0,0.0,0.0,0.0,0.0,0.0,0.0,0.0,0.0,0.0,0.0,4.0,0.0,0.0,4.0,0.0,0.0,0.0,0.0,0.0,0.0,0.0,0.0,0.0,0.0,0.0,0.0,0.0
2026-09-27T11:25:59.670744+08:00,knowledge-search-c4,48031,7.9,70736,,,,200,5.7,,200,113.4,,200,38.7,,200,287.6,,200,49.0,,0.0,0.0,0.0,0.0,0.0,0.0,0.0,0.0,0.0,0.0,0.0,0.0,0.0,4.0,0.0,0.0,4.0,0.0,0.0,0.0,0.0,0.0,0.0,0.0,0.0,0.0,0.0,0.0,0.0,0.0
2026-09-27T11:26:04.674733+08:00,knowledge-search-c4,48031,11.1,71488,5433,2571,2153,200,20.5,,200,82.9,,200,44.9,,200,291.2,,200,100.9,,0.0,0.0,0.0,0.0,0.0,0.0,0.0,0.0,0.0,0.0,0.0,0.0,0.0,4.0,0.0,0.0,4.0,0.0,0.0,0.0,0.0,0.0,0.0,0.0,0.0,0.0,0.0,0.0,0.0,0.0
2026-09-27T11:26:09.682573+08:00,knowledge-search-c4,48031,11.1,74144,,,,200,7.6,,200,33.6,,200,47.9,,200,242.7,,200,40.9,,0.0,0.0,0.0,0.0,0.0,0.0,0.0,0.0,0.0,0.0,0.0,0.0,0.0,4.0,0.0,0.0,4.0,0.0,0.0,0.0,0.0,0.0,0.0,0.0,0.0,0.0,0.0,0.0,0.0,0.0
2026-09-27T11:26:14.685436+08:00,knowledge-search-c4,48031,36.3,74080,,,,200,6.9,,200,84.7,,200,54.8,,200,266.2,,200,53.7,,0.0,0.0,0.0,0.0,0.0,0.0,0.0,0.0,0.0,0.0,0.0,0.0,0.0,4.0,0.0,0.0,4.0,0.0,0.0,0.0,0.0,0.0,0.0,0.0,0.0,0.0,0.0,0.0,0.0,0.0
2026-09-27T11:26:19.688206+08:00,knowledge-search-c4,48031,9.8,76032,5388,2616,2153,200,10.4,,200,30.5,,200,31.3,,200,306.7,,200,66.9,,0.0,0.0,0.0,0.0,0.0,0.0,0.0,0.0,0.0,0.0,0.0,0.0,0.0,4.0,0.0,0.0,4.0,0.0,0.0,0.0,0.0,0.0,0.0,0.0,0.0,0.0,0.0,0.0,0.0,0.0
2026-09-27T11:26:24.693084+08:00,knowledge-search-c16,48031,14.1,74448,,,,200,6.5,,200,57.9,,200,33.6,,200,303.0,,200,41.5,,0.0,0.0,0.0,0.0,0.0,0.0,0.0,0.0,0.0,0.0,0.0,0.0,0.0,4.0,0.0,0.0,4.0,0.0,0.0,0.0,0.0,0.0,0.0,0.0,0.0,0.0,0.0,0.0,0.0,0.0
2026-09-27T11:26:29.698912+08:00,knowledge-search-c16,48031,11.6,73904,,,,200,5.9,,200,39.7,,200,32.9,,200,259.1,,200,50.8,,0.0,0.0,0.0,0.0,0.0,0.0,0.0,0.0,0.0,0.0,0.0,0.0,0.0,4.0,0.0,0.0,4.0,0.0,0.0,0.0,0.0,0.0,0.0,0.0,0.0,0.0,0.0,0.0,0.0,0.0
2026-09-27T11:26:34.699661+08:00,knowledge-search-c16,48031,13.4,75216,5416,2588,2152,200,10.0,,200,36.0,,200,39.0,,200,332.4,,200,64.4,,0.0,0.0,0.0,0.0,0.0,0.0,0.0,0.0,0.0,0.0,0.0,0.0,0.0,4.0,0.0,0.0,4.0,0.0,0.0,0.0,0.0,0.0,0.0,0.0,0.0,0.0,0.0,0.0,0.0,0.0
2026-09-27T11:26:39.700285+08:00,knowledge-search-c16,48031,13.3,75648,,,,200,7.3,,200,36.1,,200,23.6,,200,289.3,,200,54.9,,0.0,0.0,0.0,0.0,0.0,0.0,0.0,0.0,0.0,0.0,0.0,0.0,0.0,4.0,0.0,0.0,4.0,0.0,0.0,0.0,0.0,0.0,0.0,0.0,0.0,0.0,0.0,0.0,0.0,0.0
2026-09-27T11:26:44.702525+08:00,knowledge-search-c16,48031,9.8,75632,,,,200,6.0,,200,35.0,,200,32.4,,200,273.5,,200,36.7,,0.0,0.0,0.0,0.0,0.0,0.0,0.0,0.0,0.0,0.0,0.0,0.0,0.0,4.0,0.0,0.0,4.0,0.0,0.0,0.0,0.0,0.0,0.0,0.0,0.0,0.0,0.0,0.0,0.0,0.0
2026-09-27T11:26:49.705795+08:00,knowledge-search-c16,48031,17.5,75792,5397,2606,2151,200,14.3,,200,41.3,,200,38.9,,200,265.4,,200,49.2,,0.0,0.0,0.0,0.0,0.0,0.0,0.0,0.0,0.0,0.0,0.0,0.0,0.0,4.0,0.0,0.0,4.0,0.0,0.0,0.0,0.0,0.0,0.0,0.0,0.0,0.0,0.0,0.0,0.0,0.0
2026-09-27T11:26:54.711111+08:00,knowledge-search-c16,48031,9.8,74992,,,,200,5.8,,200,37.6,,200,23.7,,200,229.5,,200,42.1,,0.0,0.0,0.0,0.0,0.0,0.0,0.0,0.0,0.0,0.0,0.0,0.0,0.0,4.0,0.0,0.0,4.0,0.0,0.0,0.0,0.0,0.0,0.0,0.0,0.0,0.0,0.0,0.0,0.0,0.0
2026-09-27T11:26:59.711379+08:00,knowledge-search-c16,48031,10.2,75376,,,,200,8.2,,200,36.5,,200,28.5,,200,246.7,,200,27.3,,0.0,0.0,0.0,0.0,0.0,0.0,0.0,0.0,0.0,0.0,0.0,0.0,0.0,4.0,0.0,0.0,4.0,0.0,0.0,0.0,0.0,0.0,0.0,0.0,0.0,0.0,0.0,0.0,0.0,0.0
2026-09-27T11:27:04.716968+08:00,knowledge-search-c16,48031,10.0,74368,5400,2603,2147,200,18.3,,200,50.7,,200,45.6,,200,323.3,,200,44.7,,0.0,0.0,0.0,0.0,0.0,0.0,0.0,0.0,0.0,0.0,0.0,0.0,0.0,4.0,0.0,0.0,4.0,0.0,0.0,0.0,0.0,0.0,0.0,0.0,0.0,0.0,0.0,0.0,0.0,0.0
2026-09-27T11:27:09.723018+08:00,knowledge-search-c16,48031,10.4,73936,,,,200,6.4,,200,38.6,,200,31.4,,200,320.7,,200,46.1,,0.0,0.0,0.0,0.0,0.0,0.0,0.0,0.0,0.0,0.0,0.0,0.0,0.0,4.0,0.0,0.0,4.0,0.0,0.0,0.0,0.0,0.0,0.0,0.0,0.0,0.0,0.0,0.0,0.0,0.0
2026-09-27T11:27:14.723110+08:00,knowledge-search-c16,48031,25.1,74016,,,,200,6.0,,200,55.2,,200,62.4,,200,360.9,,200,67.0,,0.0,0.0,0.0,0.0,0.0,0.0,0.0,0.0,0.0,0.0,0.0,0.0,0.0,4.0,0.0,0.0,4.0,0.0,0.0,0.0,0.0,0.0,0.0,0.0,0.0,0.0,0.0,0.0,0.0,0.0
2026-09-27T11:27:19.727718+08:00,knowledge-search-c16,48031,11.9,74624,5409,2595,2143,200,11.2,,200,34.4,,200,34.2,,200,331.9,,200,41.3,,0.0,0.0,0.0,0.0,0.0,0.0,0.0,0.0,0.0,0.0,0.0,0.0,0.0,4.0,0.0,0.0,4.0,0.0,0.0,0.0,0.0,0.0,0.0,0.0,0.0,0.0,0.0,0.0,0.0,0.0
2026-09-27T11:27:24.733157+08:00,after-extras-knowledge,48031,20.9,76576,,,,200,3.3,,200,17.2,,200,16.3,,200,163.8,,200,20.2,,0.0,0.0,0.0,0.0,0.0,0.0,0.0,0.0,0.0,0.0,0.0,0.0,0.0,4.0,0.0,0.0,4.0,0.0,0.0,0.0,0.0,0.0,0.0,0.0,0.0,0.0,0.0,0.0,0.0,0.0
2026-09-27T11:27:29.733938+08:00,after-extras-knowledge,48031,23.3,72320,,,,200,3.8,,200,19.7,,200,15.6,,200,213.4,,200,27.2,,0.0,0.0,0.0,0.0,0.0,0.0,0.0,0.0,0.0,0.0,0.0,0.0,0.0,4.0,0.0,0.0,4.0,0.0,0.0,0.0,0.0,0.0,0.0,0.0,0.0,0.0,0.0,0.0,0.0,0.0
2026-09-27T11:27:34.739073+08:00,after-extras-knowledge,48031,21.4,74144,5424,2580,2142,200,4.1,,200,20.2,,200,15.3,,200,206.5,,200,28.0,,0.0,0.0,0.0,0.0,0.0,0.0,0.0,0.0,0.0,0.0,0.0,0.0,0.0,4.0,0.0,0.0,4.0,0.0,0.0,0.0,0.0,0.0,0.0,0.0,0.0,0.0,0.0,0.0,0.0,0.0
2026-09-27T11:27:39.743167+08:00,before-extras-replay,48031,41.5,73296,,,,200,4.8,,200,18.7,,200,34.6,,200,201.9,,200,39.4,,0.0,0.0,0.0,0.0,0.0,0.0,0.0,0.0,0.0,0.0,0.0,0.0,0.0,4.0,0.0,0.0,4.0,0.0,0.0,0.0,0.0,0.0,0.0,0.0,0.0,0.0,0.0,0.0,0.0,0.0
2026-09-27T11:27:44.746860+08:00,before-extras-replay,48031,4.2,74048,,,,200,3.8,,200,20.8,,200,14.6,,200,175.8,,200,33.0,,0.0,0.0,0.0,0.0,0.0,0.0,0.0,0.0,0.0,0.0,0.0,0.0,0.0,4.0,0.0,0.0,4.0,0.0,0.0,0.0,0.0,0.0,0.0,0.0,0.0,0.0,0.0,0.0,0.0,0.0
2026-09-27T11:27:49.747934+08:00,raw-download-100,48031,29.9,72720,5538,2466,2131,200,5.4,,200,39.8,,200,25.3,,200,338.9,,200,37.3,,0.0,0.0,0.0,0.0,0.0,0.0,0.0,0.0,0.0,0.0,0.0,0.0,0.0,4.0,0.0,0.0,4.0,0.0,0.0,0.0,0.0,0.0,0.0,0.0,0.0,0.0,0.0,0.0,0.0,0.0
2026-09-27T11:27:54.750800+08:00,raw-download-100,48031,26.0,72032,,,,200,3.6,,200,68.9,,200,22.1,,200,323.3,,200,48.3,,0.0,0.0,0.0,0.0,0.0,0.0,0.0,0.0,0.0,0.0,0.0,0.0,0.0,4.0,0.0,0.0,4.0,0.0,0.0,0.0,0.0,0.0,0.0,0.0,0.0,0.0,0.0,0.0,0.0,0.0
2026-09-27T11:27:59.754658+08:00,raw-download-100,48031,29.8,77920,,,,200,7.0,,200,54.9,,200,26.5,,200,336.5,,200,29.3,,0.0,0.0,0.0,0.0,0.0,0.0,0.0,0.0,0.0,0.0,0.0,0.0,0.0,4.0,0.0,0.0,4.0,0.0,0.0,0.0,0.0,0.0,0.0,0.0,0.0,0.0,0.0,0.0,0.0,0.0
2026-09-27T11:28:04.759106+08:00,raw-download-100,48031,42.7,77184,5554,2450,2090,200,1.8,,200,19.0,,200,19.2,,200,221.7,,200,18.8,,0.0,0.0,0.0,0.0,0.0,0.0,0.0,0.0,0.0,0.0,0.0,0.0,0.0,4.0,0.0,0.0,4.0,0.0,0.0,0.0,0.0,0.0,0.0,0.0,0.0,0.0,0.0,0.0,0.0,0.0
2026-09-27T11:28:09.763820+08:00,raw-download-100,48031,39.6,77088,,,,200,4.0,,200,24.6,,200,21.6,,200,324.7,,200,49.2,,0.0,0.0,0.0,0.0,0.0,0.0,0.0,0.0,0.0,0.0,0.0,0.0,0.0,4.0,0.0,0.0,4.0,0.0,0.0,0.0,0.0,0.0,0.0,0.0,0.0,0.0,0.0,0.0,0.0,0.0
2026-09-27T11:28:14.767661+08:00,raw-download-100,48031,32.5,76384,,,,200,3.3,,200,31.0,,200,24.8,,200,313.5,,200,52.1,,0.0,0.0,0.0,0.0,0.0,0.0,0.0,0.0,0.0,0.0,0.0,0.0,0.0,4.0,0.0,0.0,4.0,0.0,0.0,0.0,0.0,0.0,0.0,0.0,0.0,0.0,0.0,0.0,0.0,0.0
2026-09-27T11:28:19.769593+08:00,raw-download-100,48031,33.9,77952,5420,2583,2015,200,9.0,,200,46.2,,200,24.5,,200,339.9,,200,85.0,,0.0,0.0,0.0,0.0,0.0,0.0,0.0,0.0,0.0,0.0,0.0,0.0,0.0,4.0,0.0,0.0,4.0,0.0,0.0,0.0,0.0,0.0,0.0,0.0,0.0,0.0,0.0,0.0,0.0,0.0
2026-09-27T11:28:24.776251+08:00,raw-download-100,48031,21.9,78160,,,,200,5.0,,200,35.9,,200,27.9,,200,388.9,,200,45.0,,0.0,0.0,0.0,0.0,0.0,0.0,0.0,0.0,0.0,0.0,0.0,0.0,0.0,4.0,0.0,0.0,4.0,0.0,0.0,0.0,0.0,0.0,0.0,0.0,0.0,0.0,0.0,0.0,0.0,0.0
2026-09-27T11:28:29.788830+08:00,raw-download-100,48031,37.1,86080,,,,200,13.2,,200,41.5,,200,17.7,,200,647.3,,200,157.8,,0.0,0.0,0.0,0.0,0.0,0.0,0.0,0.0,0.0,0.0,0.0,0.0,0.0,4.0,0.0,0.0,4.0,0.0,0.0,0.0,0.0,0.0,0.0,0.0,0.0,0.0,0.0,0.0,0.0,0.0
2026-09-27T11:28:34.780974+08:00,raw-download-100,48031,35.2,88000,5602,2402,1996,200,14.0,,200,91.6,,200,153.9,,200,511.6,,200,91.6,,0.0,0.0,0.0,0.0,0.0,0.0,0.0,0.0,0.0,0.0,0.0,0.0,0.0,4.0,0.0,0.0,4.0,0.0,0.0,0.0,0.0,0.0,0.0,0.0,0.0,0.0,0.0,0.0,0.0,0.0
2026-09-27T11:28:39.783371+08:00,raw-download-100,48031,36.1,87488,,,,200,8.1,,200,93.5,,200,32.6,,200,576.4,,200,75.9,,0.0,0.0,0.0,0.0,0.0,0.0,0.0,0.0,0.0,0.0,0.0,0.0,0.0,4.0,0.0,0.0,4.0,0.0,0.0,0.0,0.0,0.0,0.0,0.0,0.0,0.0,0.0,0.0,0.0,0.0
2026-09-27T11:28:44.788909+08:00,raw-download-100,48031,17.5,86320,,,,200,3.8,,200,19.7,,200,16.7,,200,269.3,,200,21.8,,0.0,0.0,0.0,0.0,0.0,0.0,0.0,0.0,0.0,0.0,0.0,0.0,0.0,4.0,0.0,0.0,4.0,0.0,0.0,0.0,0.0,0.0,0.0,0.0,0.0,0.0,0.0,0.0,0.0,0.0
2026-09-27T11:28:49.793331+08:00,raw-download-100,48031,41.5,91504,6034,1970,1990,200,19.6,,200,59.4,,200,52.3,,200,856.0,,200,239.5,,0.0,0.0,0.0,0.0,0.0,0.0,0.0,0.0,0.0,0.0,0.0,0.0,0.0,4.0,0.0,0.0,4.0,0.0,0.0,0.0,0.0,0.0,0.0,0.0,0.0,0.0,0.0,0.0,0.0,0.0
2026-09-27T11:28:54.800364+08:00,raw-download-100,48031,36.1,101936,,,,200,9.5,,200,144.0,,200,94.4,,200,598.3,,200,83.2,,0.0,0.0,0.0,0.0,0.0,0.0,0.0,0.0,0.0,0.0,0.0,0.0,0.0,4.0,0.0,0.0,4.0,0.0,0.0,0.0,0.0,0.0,0.0,0.0,0.0,0.0,0.0,0.0,0.0,0.0
2026-09-27T11:28:59.804079+08:00,raw-download-100,48031,37.4,89504,,,,200,19.2,,200,245.6,,200,85.9,,200,718.6,,200,155.2,,0.0,0.0,0.0,0.0,0.0,0.0,0.0,0.0,0.0,0.0,0.0,0.0,0.0,4.0,0.0,0.0,4.0,0.0,0.0,0.0,0.0,0.0,0.0,0.0,0.0,0.0,0.0,0.0,0.0,0.0
2026-09-27T11:29:04.806982+08:00,raw-download-100,48031,20.5,110944,5648,2355,1997,200,9.2,,200,34.7,,200,38.1,,200,350.1,,200,67.3,,0.0,0.0,0.0,0.0,0.0,0.0,0.0,0.0,0.0,0.0,0.0,0.0,0.0,4.0,0.0,0.0,4.0,0.0,0.0,0.0,0.0,0.0,0.0,0.0,0.0,0.0,0.0,0.0,0.0,0.0
2026-09-27T11:29:09.819724+08:00,replay-submit-c16,48031,57.9,107808,,,,200,8.1,,200,20.7,,200,46.8,,200,282.3,,200,60.9,,0.0,0.0,0.0,0.0,0.0,0.0,0.0,0.0,0.0,0.0,0.0,0.0,0.0,4.0,0.0,0.0,4.0,0.0,0.0,0.0,0.0,0.0,0.0,0.0,0.0,0.0,0.0,0.0,0.0,0.0
2026-09-27T11:29:14.822912+08:00,after-extras-replay,48031,35.1,111824,,,,200,3.9,,200,15.2,,200,11.7,,200,192.4,,200,28.6,,0.0,0.0,0.0,0.0,0.0,0.0,0.0,0.0,0.0,0.0,0.0,0.0,0.0,4.0,0.0,0.0,4.0,0.0,0.0,0.0,0.0,0.0,0.0,0.0,0.0,0.0,0.0,0.0,0.0,0.0
2026-09-27T11:29:19.827125+08:00,after-extras-replay,48031,22.6,107808,5127,2877,2004,200,5.7,,200,26.4,,200,9.4,,200,217.7,,200,25.9,,0.0,0.0,0.0,0.0,0.0,0.0,0.0,0.0,0.0,0.0,0.0,0.0,0.0,4.0,0.0,0.0,4.0,0.0,0.0,0.0,0.0,0.0,0.0,0.0,0.0,0.0,0.0,0.0,0.0,0.0
2026-09-27T11:29:24.829448+08:00,after-extras-replay,48031,21.9,106656,,,,200,6.0,,200,20.2,,200,19.4,,200,183.0,,200,21.6,,0.0,0.0,0.0,0.0,0.0,0.0,0.0,0.0,0.0,0.0,0.0,0.0,0.0,4.0,0.0,0.0,4.0,0.0,0.0,0.0,0.0,0.0,0.0,0.0,0.0,0.0,0.0,0.0,0.0,0.0
2026-09-27T11:29:29.830253+08:00,before-extras-backup,48031,10.9,95216,,,,200,5.3,,200,76.1,,200,70.3,,200,296.3,,200,92.0,,0.0,0.0,0.0,0.0,0.0,0.0,0.0,0.0,0.0,0.0,0.0,0.0,0.0,4.0,0.0,0.0,4.0,0.0,0.0,0.0,0.0,0.0,0.0,0.0,0.0,0.0,0.0,0.0,0.0,0.0
2026-09-27T11:29:34.832552+08:00,before-extras-backup,48031,27.7,92192,5131,2873,2009,200,9.1,,200,36.4,,200,36.5,,200,295.6,,200,50.4,,0.0,0.0,0.0,0.0,0.0,0.0,0.0,0.0,0.0,0.0,0.0,0.0,0.0,4.0,0.0,0.0,4.0,0.0,0.0,0.0,0.0,0.0,0.0,0.0,0.0,0.0,0.0,0.0,0.0,0.0
2026-09-27T11:29:39.834673+08:00,backup-c1,48031,30.3,88928,,,,200,1.3,,200,18.6,,200,13.0,,200,230.1,,200,34.1,,0.0,0.0,0.0,0.0,0.0,0.0,0.0,0.0,0.0,0.0,0.0,0.0,0.0,4.0,0.0,0.0,4.0,0.0,0.0,0.0,0.0,0.0,0.0,0.0,0.0,0.0,0.0,0.0,0.0,0.0
2026-09-27T11:29:44.839885+08:00,backup-c1,48031,19.0,87920,,,,200,6.4,,200,18.7,,200,26.3,,200,211.3,,200,24.1,,0.0,0.0,0.0,0.0,0.0,0.0,0.0,0.0,0.0,0.0,0.0,0.0,0.0,4.0,0.0,0.0,4.0,0.0,0.0,0.0,0.0,0.0,0.0,0.0,0.0,0.0,0.0,0.0,0.0,0.0
2026-09-27T11:29:49.845475+08:00,backup-c1,48031,11.9,85808,5201,2803,2015,200,5.0,,200,106.4,,200,45.1,,200,615.0,,200,66.8,,0.0,0.0,0.0,0.0,0.0,0.0,0.0,0.0,0.0,0.0,0.0,0.0,0.0,4.0,0.0,0.0,4.0,0.0,0.0,0.0,0.0,0.0,0.0,0.0,0.0,0.0,0.0,0.0,0.0,0.0
2026-09-27T11:29:54.848626+08:00,backup-c1,48031,15.5,89024,,,,200,4.7,,200,77.6,,200,30.9,,200,242.2,,200,30.3,,0.0,0.0,0.0,0.0,0.0,0.0,0.0,0.0,0.0,0.0,0.0,0.0,0.0,4.0,0.0,0.0,4.0,0.0,0.0,0.0,0.0,0.0,0.0,0.0,0.0,0.0,0.0,0.0,0.0,0.0
2026-09-27T11:29:59.851533+08:00,backup-c4,48031,17.4,84064,,,,200,5.6,,200,40.6,,200,18.8,,200,278.7,,200,43.2,,0.0,0.0,0.0,0.0,0.0,0.0,0.0,0.0,0.0,0.0,0.0,0.0,0.0,4.0,0.0,0.0,4.0,0.0,0.0,0.0,0.0,0.0,0.0,0.0,0.0,0.0,0.0,0.0,0.0,0.0
2026-09-27T11:30:04.853452+08:00,backup-c4,48031,21.9,85984,5380,2624,2011,200,5.6,,200,48.3,,200,25.9,,200,480.1,,200,50.8,,0.0,0.0,0.0,0.0,0.0,0.0,0.0,0.0,0.0,0.0,0.0,0.0,0.0,4.0,0.0,0.0,4.0,0.0,0.0,0.0,0.0,0.0,0.0,0.0,0.0,0.0,0.0,0.0,0.0,0.0
2026-09-27T11:30:09.858034+08:00,backup-c4,48031,11.8,86624,,,,200,16.5,,200,36.3,,200,29.3,,200,283.8,,200,37.4,,0.0,0.0,0.0,0.0,0.0,0.0,0.0,0.0,0.0,0.0,0.0,0.0,0.0,4.0,0.0,0.0,4.0,0.0,0.0,0.0,0.0,0.0,0.0,0.0,0.0,0.0,0.0,0.0,0.0,0.0
2026-09-27T11:30:14.864137+08:00,backup-c4,48031,17.1,84240,,,,200,4.8,,200,18.3,,200,18.6,,200,199.9,,200,30.3,,0.0,0.0,0.0,0.0,0.0,0.0,0.0,0.0,0.0,0.0,0.0,0.0,0.0,4.0,0.0,0.0,4.0,0.0,0.0,0.0,0.0,0.0,0.0,0.0,0.0,0.0,0.0,0.0,0.0,0.0
2026-09-27T11:30:19.864399+08:00,after-extras-backup,48031,19.3,87104,5090,2914,2010,200,6.5,,200,28.0,,200,17.9,,200,238.0,,200,35.3,,0.0,0.0,0.0,0.0,0.0,0.0,0.0,0.0,0.0,0.0,0.0,0.0,0.0,4.0,0.0,0.0,4.0,0.0,0.0,0.0,0.0,0.0,0.0,0.0,0.0,0.0,0.0,0.0,0.0,0.0
2026-09-27T11:30:24.872796+08:00,after-extras-backup,48031,13.5,84736,,,,200,5.5,,200,17.8,,200,13.9,,200,190.4,,200,22.1,,0.0,0.0,0.0,0.0,0.0,0.0,0.0,0.0,0.0,0.0,0.0,0.0,0.0,4.0,0.0,0.0,4.0,0.0,0.0,0.0,0.0,0.0,0.0,0.0,0.0,0.0,0.0,0.0,0.0,0.0
2026-09-27T11:30:29.871335+08:00,after-extras-backup,48031,23.6,86080,,,,200,4.5,,200,18.2,,200,13.5,,200,192.6,,200,21.2,,0.0,0.0,0.0,0.0,0.0,0.0,0.0,0.0,0.0,0.0,0.0,0.0,0.0,4.0,0.0,0.0,4.0,0.0,0.0,0.0,0.0,0.0,0.0,0.0,0.0,0.0,0.0,0.0,0.0,0.0
2026-09-27T11:30:34.874463+08:00,before-more_business-backup-read,48031,22.1,86240,5075,2929,2009,200,12.6,,200,31.0,,200,30.5,,200,300.6,,200,35.4,,0.0,0.0,0.0,0.0,0.0,0.0,0.0,0.0,0.0,0.0,0.0,0.0,0.0,4.0,0.0,0.0,4.0,0.0,0.0,0.0,0.0,0.0,0.0,0.0,0.0,0.0,0.0,0.0,0.0,0.0
2026-09-27T11:30:39.879440+08:00,before-more_business-backup-read,48031,4.2,87024,,,,200,4.4,,200,29.1,,200,26.2,,200,170.3,,200,44.4,,0.0,0.0,0.0,0.0,0.0,0.0,0.0,0.0,0.0,0.0,0.0,0.0,0.0,4.0,0.0,0.0,4.0,0.0,0.0,0.0,0.0,0.0,0.0,0.0,0.0,0.0,0.0,0.0,0.0,0.0
2026-09-27T11:30:44.884792+08:00,backup-download-ramp,48031,65.3,88080,,,,200,2.1,,200,36.4,,200,15.1,,200,317.3,,200,40.4,,0.0,0.0,0.0,0.0,0.0,0.0,0.0,0.0,0.0,0.0,0.0,0.0,0.0,4.0,0.0,0.0,4.0,0.0,0.0,0.0,0.0,0.0,0.0,0.0,0.0,0.0,0.0,0.0,0.0,0.0
2026-09-27T11:30:49.884356+08:00,backup-download-ramp,48031,53.1,89904,5233,2771,2006,200,10.0,,200,59.5,,200,26.3,,200,375.0,,200,61.8,,0.0,0.0,0.0,0.0,0.0,0.0,0.0,0.0,0.0,0.0,0.0,0.0,0.0,4.0,0.0,0.0,4.0,0.0,0.0,0.0,0.0,0.0,0.0,0.0,0.0,0.0,0.0,0.0,0.0,0.0
2026-09-27T11:30:54.885080+08:00,backup-download-ramp,48031,74.0,87760,,,,200,4.1,,200,19.7,,200,20.9,,200,304.6,,200,18.5,,0.0,0.0,0.0,0.0,0.0,0.0,0.0,0.0,0.0,0.0,0.0,0.0,0.0,4.0,0.0,0.0,4.0,0.0,0.0,0.0,0.0,0.0,0.0,0.0,0.0,0.0,0.0,0.0,0.0,0.0
2026-09-27T11:30:59.889849+08:00,backup-download-ramp,48031,82.9,87776,,,,200,5.5,,200,38.4,,200,103.7,,200,441.3,,200,66.9,,0.0,0.0,0.0,0.0,0.0,0.0,0.0,0.0,0.0,0.0,0.0,0.0,0.0,4.0,0.0,0.0,4.0,0.0,0.0,0.0,0.0,0.0,0.0,0.0,0.0,0.0,0.0,0.0,0.0,0.0
2026-09-27T11:31:04.891415+08:00,backup-download-ramp,48031,79.5,86224,5222,2782,2005,200,14.7,,200,42.6,,200,60.0,,200,734.6,,200,102.6,,0.0,0.0,0.0,0.0,0.0,0.0,0.0,0.0,0.0,0.0,0.0,0.0,0.0,4.0,0.0,0.0,4.0,0.0,0.0,0.0,0.0,0.0,0.0,0.0,0.0,0.0,0.0,0.0,0.0,0.0
2026-09-27T11:31:09.894515+08:00,backup-download-ramp,48031,92.5,84864,,,,200,22.4,,200,80.6,,200,119.4,,200,588.9,,200,93.3,,0.0,0.0,0.0,0.0,0.0,0.0,0.0,0.0,0.0,0.0,0.0,0.0,0.0,4.0,0.0,0.0,4.0,0.0,0.0,0.0,0.0,0.0,0.0,0.0,0.0,0.0,0.0,0.0,0.0,0.0
2026-09-27T11:31:14.900829+08:00,backup-download-ramp,48031,35.6,84144,,,,200,4.4,,200,20.8,,200,27.1,,200,256.3,,200,39.0,,0.0,0.0,0.0,0.0,0.0,0.0,0.0,0.0,0.0,0.0,0.0,0.0,0.0,4.0,0.0,0.0,4.0,0.0,0.0,0.0,0.0,0.0,0.0,0.0,0.0,0.0,0.0,0.0,0.0,0.0
2026-09-27T11:31:19.910877+08:00,backup-download-ramp,48031,93.6,85408,,,,200,37.3,,200,186.9,,200,230.2,,200,771.3,,200,173.5,,0.0,0.0,0.0,0.0,0.0,0.0,0.0,0.0,0.0,0.0,0.0,0.0,0.0,4.0,0.0,0.0,4.0,0.0,0.0,0.0,0.0,0.0,0.0,0.0,0.0,0.0,0.0,0.0,0.0,0.0
2026-09-27T11:31:27.959294+08:00,backup-download-ramp,48031,94.6,84304,,,,200,2.3,,200,292.5,,200,263.5,,200,1057.9,,200,134.6,,0.0,0.0,0.0,0.0,0.0,0.0,0.0,0.0,0.0,0.0,0.0,0.0,0.0,4.0,0.0,0.0,4.0,0.0,0.0,0.0,0.0,0.0,0.0,0.0,0.0,0.0,0.0,0.0,0.0,0.0
2026-09-27T11:31:32.962869+08:00,backup-download-ramp,48031,47.6,85104,,,,200,2.2,,200,24.4,,200,13.1,,200,229.7,,200,30.3,,0.0,0.0,0.0,0.0,0.0,0.0,0.0,0.0,0.0,0.0,0.0,0.0,0.0,4.0,0.0,0.0,4.0,0.0,0.0,0.0,0.0,0.0,0.0,0.0,0.0,0.0,0.0,0.0,0.0,0.0
2026-09-27T11:31:37.969678+08:00,backup-download-ramp,48031,74.6,87984,5474,2530,2009,200,7.3,,200,515.3,,200,885.2,,200,1498.7,,200,884.6,,0.0,0.0,0.0,0.0,0.0,0.0,0.0,0.0,0.0,0.0,0.0,0.0,0.0,4.0,0.0,0.0,4.0,0.0,0.0,0.0,0.0,0.0,0.0,0.0,0.0,0.0,0.0,0.0,0.0,0.0
2026-09-27T11:31:43.655855+08:00,backup-download-ramp,48031,82.9,83888,,,,200,16.2,,200,635.2,,200,151.9,,200,1676.5,,200,296.2,,0.0,0.0,0.0,0.0,0.0,0.0,0.0,0.0,0.0,0.0,0.0,0.0,0.0,4.0,0.0,0.0,4.0,0.0,0.0,0.0,0.0,0.0,0.0,0.0,0.0,0.0,0.0,0.0,0.0,0.0
2026-09-27T11:31:48.665492+08:00,backup-download-ramp,48031,89.7,86640,,,,200,10.3,,200,593.5,,200,227.1,,200,1517.3,,200,300.9,,0.0,0.0,0.0,0.0,0.0,0.0,0.0,0.0,0.0,0.0,0.0,0.0,0.0,4.0,0.0,0.0,4.0,0.0,0.0,0.0,0.0,0.0,0.0,0.0,0.0,0.0,0.0,0.0,0.0,0.0
2026-09-27T11:31:53.664914+08:00,backup-download-ramp,48031,18.2,88720,5536,2468,2015,200,26.7,,200,26.8,,200,26.0,,200,255.1,,200,30.5,,0.0,0.0,0.0,0.0,0.0,0.0,0.0,0.0,0.0,0.0,0.0,0.0,0.0,4.0,0.0,0.0,4.0,0.0,0.0,0.0,0.0,0.0,0.0,0.0,0.0,0.0,0.0,0.0,0.0,0.0
2026-09-27T11:31:58.672346+08:00,backup-download-ramp,48031,21.7,92400,,,,200,3.9,,200,31.5,,200,21.9,,200,229.8,,200,30.2,,0.0,0.0,0.0,0.0,0.0,0.0,0.0,0.0,0.0,0.0,0.0,0.0,0.0,4.0,0.0,0.0,4.0,0.0,0.0,0.0,0.0,0.0,0.0,0.0,0.0,0.0,0.0,0.0,0.0,0.0
2026-09-27T11:32:03.676304+08:00,after-more_business-backup-read,48031,19.8,90816,,,,200,12.1,,200,40.2,,200,16.2,,200,268.4,,200,66.7,,0.0,0.0,0.0,0.0,0.0,0.0,0.0,0.0,0.0,0.0,0.0,0.0,0.0,4.0,0.0,0.0,4.0,0.0,0.0,0.0,0.0,0.0,0.0,0.0,0.0,0.0,0.0,0.0,0.0,0.0
2026-09-27T11:32:08.687919+08:00,after-more_business-backup-read,48031,24.4,90448,5495,2508,2033,200,4.4,,200,31.4,,200,31.3,,200,285.1,,200,39.9,,0.0,0.0,0.0,0.0,0.0,0.0,0.0,0.0,0.0,0.0,0.0,0.0,0.0,4.0,0.0,0.0,4.0,0.0,0.0,0.0,0.0,0.0,0.0,0.0,0.0,0.0,0.0,0.0,0.0,0.0
2026-09-27T11:32:13.697004+08:00,after-more_business-backup-read,48031,19.5,89072,,,,200,4.3,,200,24.7,,200,19.9,,200,171.7,,200,25.6,,0.0,0.0,0.0,0.0,0.0,0.0,0.0,0.0,0.0,0.0,0.0,0.0,0.0,4.0,0.0,0.0,4.0,0.0,0.0,0.0,0.0,0.0,0.0,0.0,0.0,0.0,0.0,0.0,0.0,0.0
2026-09-27T11:32:18.703103+08:00,before-openapi-None,48031,29.0,90192,,,,200,4.8,,200,21.6,,200,15.9,,200,188.7,,200,21.4,,0.0,0.0,0.0,0.0,0.0,0.0,0.0,0.0,0.0,0.0,0.0,0.0,0.0,4.0,0.0,0.0,4.0,0.0,0.0,0.0,0.0,0.0,0.0,0.0,0.0,0.0,0.0,0.0,0.0,0.0
2026-09-27T11:32:23.711286+08:00,before-openapi-None,48031,43.5,85200,5243,2761,2036,200,17.4,,200,38.5,,200,26.1,,200,397.2,,200,32.0,,0.0,0.0,0.0,0.0,0.0,0.0,0.0,0.0,0.0,0.0,0.0,0.0,0.0,4.0,0.0,0.0,4.0,0.0,0.0,0.0,0.0,0.0,0.0,0.0,0.0,0.0,0.0,0.0,0.0,0.0
2026-09-27T11:32:28.717202+08:00,managed-login,48031,108.7,86560,,,,200,3.8,,200,12.5,,200,16.1,,200,189.0,,200,19.1,,0.0,0.0,0.0,0.0,0.0,0.0,0.0,0.0,0.0,0.0,0.0,0.0,0.0,4.0,0.0,0.0,4.0,0.0,0.0,0.0,0.0,0.0,0.0,0.0,0.0,0.0,0.0,0.0,0.0,0.0
2026-09-27T11:32:33.719408+08:00,managed-login,48031,111.1,87200,,,,200,1.9,,200,23.6,,200,17.3,,200,227.5,,200,31.0,,0.0,0.0,0.0,0.0,0.0,0.0,0.0,0.0,0.0,0.0,0.0,0.0,0.0,4.0,0.0,0.0,4.0,0.0,0.0,0.0,0.0,0.0,0.0,0.0,0.0,0.0,0.0,0.0,0.0,0.0
2026-09-27T11:32:38.727971+08:00,managed-login,48031,25.5,87424,5197,2807,2055,200,4.7,,200,37.3,,200,28.9,,200,212.2,,200,29.1,,0.0,0.0,0.0,0.0,0.0,0.0,0.0,0.0,0.0,0.0,0.0,0.0,0.0,4.0,0.0,0.0,4.0,0.0,0.0,0.0,0.0,0.0,0.0,0.0,0.0,0.0,0.0,0.0,0.0,0.0
2026-09-27T11:32:43.734040+08:00,managed-login,48031,367.5,86752,,,,200,6.4,,200,34.9,,200,26.4,,200,198.5,,200,25.5,,0.0,0.0,0.0,0.0,0.0,0.0,0.0,0.0,0.0,0.0,0.0,0.0,0.0,4.0,0.0,0.0,4.0,0.0,0.0,0.0,0.0,0.0,0.0,0.0,0.0,0.0,0.0,0.0,0.0,0.0
2026-09-27T11:32:48.742779+08:00,managed-login,48031,377.4,90736,,,,200,2.2,,200,27.4,,200,26.5,,200,212.1,,200,38.4,,0.0,0.0,0.0,0.0,0.0,0.0,0.0,0.0,0.0,0.0,0.0,0.0,0.0,4.0,0.0,0.0,4.0,0.0,0.0,0.0,0.0,0.0,0.0,0.0,0.0,0.0,0.0,0.0,0.0,0.0
2026-09-27T11:32:53.748039+08:00,managed-login,48031,50.2,91984,5129,2874,2067,200,7.4,,200,22.6,,200,16.6,,200,210.7,,200,37.3,,0.0,0.0,0.0,0.0,0.0,0.0,0.0,0.0,0.0,0.0,0.0,0.0,0.0,4.0,0.0,0.0,4.0,0.0,0.0,0.0,0.0,0.0,0.0,0.0,0.0,0.0,0.0,0.0,0.0,0.0
2026-09-27T11:32:58.759271+08:00,managed-login,48031,584.7,87872,,,,200,11.2,,200,255.5,,200,64.2,,200,256.6,,200,170.4,,0.0,0.0,0.0,0.0,0.0,0.0,0.0,0.0,0.0,0.0,0.0,0.0,0.0,4.0,0.0,0.0,4.0,0.0,0.0,0.0,0.0,0.0,0.0,0.0,0.0,0.0,0.0,0.0,0.0,0.0
2026-09-27T11:33:03.768236+08:00,managed-login,48031,507.0,88272,,,,200,9.7,,200,176.2,,200,143.8,,200,304.1,,200,143.9,,0.0,0.0,0.0,0.0,0.0,0.0,0.0,0.0,0.0,0.0,0.0,0.0,0.0,4.0,0.0,0.0,4.0,0.0,0.0,0.0,0.0,0.0,0.0,0.0,0.0,0.0,0.0,0.0,0.0,0.0
2026-09-27T11:33:08.769857+08:00,managed-login,48031,94.3,89328,5155,2848,2078,200,5.8,,200,24.5,,200,28.7,,200,246.9,,200,30.1,,0.0,0.0,0.0,0.0,0.0,0.0,0.0,0.0,0.0,0.0,0.0,0.0,0.0,4.0,0.0,0.0,4.0,0.0,0.0,0.0,0.0,0.0,0.0,0.0,0.0,0.0,0.0,0.0,0.0,0.0
2026-09-27T11:33:13.772599+08:00,managed-login,48031,492.1,88704,,,,200,151.6,,200,1190.3,,200,943.7,,200,874.6,,200,1119.6,,0.0,0.0,0.0,0.0,0.0,0.0,0.0,0.0,0.0,0.0,0.0,0.0,0.0,4.0,0.0,0.0,4.0,0.0,0.0,0.0,0.0,0.0,0.0,0.0,0.0,0.0,0.0,0.0,0.0,0.0
2026-09-27T11:33:18.777315+08:00,managed-login,48031,548.6,92048,,,,200,154.5,,200,1309.6,,200,608.6,,200,747.0,,200,1299.2,,0.0,0.0,0.0,0.0,0.0,0.0,0.0,0.0,0.0,0.0,0.0,0.0,0.0,4.0,0.0,0.0,4.0,0.0,0.0,0.0,0.0,0.0,0.0,0.0,0.0,0.0,0.0,0.0,0.0,0.0
2026-09-27T11:33:23.783912+08:00,managed-login,48031,560.4,91072,5160,2843,2070,200,1.6,,200,21.4,,200,28.0,,200,209.9,,200,38.1,,0.0,0.0,0.0,0.0,0.0,0.0,0.0,0.0,0.0,0.0,0.0,0.0,0.0,4.0,0.0,0.0,4.0,0.0,0.0,0.0,0.0,0.0,0.0,0.0,0.0,0.0,0.0,0.0,0.0,0.0
2026-09-27T11:33:28.783802+08:00,managed-login,48031,500.5,92688,,,,200,532.0,,,4001.4,timed out,,4002.3,timed out,200,3014.3,,,4001.1,timed out,0.0,0.0,0.0,0.0,0.0,0.0,0.0,0.0,0.0,0.0,0.0,0.0,0.0,4.0,0.0,0.0,4.0,0.0,0.0,0.0,0.0,0.0,0.0,0.0,0.0,0.0,0.0,0.0,0.0,0.0
2026-09-27T11:33:33.794101+08:00,managed-login,48031,513.7,90992,,,,200,636.3,,,3734.1,HTTP Error 503: Service Unavailable,200,2303.8,,200,2086.4,,200,2205.7,,0.0,0.0,0.0,0.0,0.0,0.0,0.0,0.0,0.0,0.0,0.0,0.0,0.0,4.0,0.0,0.0,4.0,0.0,0.0,0.0,0.0,0.0,0.0,0.0,0.0,0.0,0.0,0.0,0.0,0.0
2026-09-27T11:33:38.803676+08:00,managed-login,48031,402.3,100064,5154,2849,2086,200,1140.8,,200,2455.4,,200,2186.4,,200,2133.7,,200,2445.9,,0.0,0.0,0.0,0.0,0.0,0.0,0.0,0.0,0.0,0.0,0.0,0.0,0.0,4.0,0.0,0.0,4.0,0.0,0.0,0.0,0.0,0.0,0.0,0.0,0.0,0.0,0.0,0.0,0.0,0.0
2026-09-27T11:33:43.810726+08:00,managed-login,48031,19.9,101216,,,,200,7.9,,200,20.8,,200,15.7,,200,219.8,,200,29.4,,0.0,0.0,0.0,0.0,0.0,0.0,0.0,0.0,0.0,0.0,0.0,0.0,0.0,4.0,0.0,0.0,4.0,0.0,0.0,0.0,0.0,0.0,0.0,0.0,0.0,0.0,0.0,0.0,0.0,0.0
2026-09-27T11:33:48.817324+08:00,open-read-ramp,48031,288.6,612336,,,,200,21.1,,200,428.1,,200,338.8,,200,1318.2,,200,338.6,,0.0,0.0,0.0,0.0,0.0,0.0,0.0,0.0,0.0,0.0,0.0,0.0,0.0,4.0,0.0,0.0,4.0,0.0,0.0,0.0,0.0,0.0,0.0,0.0,0.0,0.0,0.0,0.0,0.0,0.0
2026-09-27T11:33:53.826661+08:00,open-read-ramp,48031,226.2,686160,5433,2571,2273,200,181.3,,200,2162.9,,,4012.2,timed out,,4006.4,timed out,,4003.1,timed out,0.0,0.0,0.0,0.0,0.0,0.0,0.0,0.0,0.0,0.0,0.0,0.0,0.0,4.0,0.0,0.0,4.0,0.0,0.0,0.0,0.0,0.0,0.0,0.0,0.0,0.0,0.0,0.0,0.0,0.0
2026-09-27T11:34:01.409643+08:00,open-read-ramp,48031,47.0,226960,,,,200,8.1,,200,371.2,,200,457.6,,,4005.6,timed out,200,897.0,,0.0,0.0,0.0,0.0,0.0,0.0,0.0,0.0,0.0,0.0,0.0,0.0,0.0,4.0,0.0,0.0,4.0,0.0,0.0,0.0,0.0,0.0,0.0,0.0,0.0,0.0,0.0,0.0,0.0,0.0
2026-09-27T11:34:06.420421+08:00,open-read-ramp,48031,286.4,520432,,,,200,30.7,,200,336.7,,200,336.8,,200,1015.3,,200,365.8,,0.0,0.0,0.0,0.0,0.0,0.0,0.0,0.0,0.0,0.0,0.0,0.0,0.0,4.0,0.0,0.0,4.0,0.0,0.0,0.0,0.0,0.0,0.0,0.0,0.0,0.0,0.0,0.0,0.0,0.0
2026-09-27T11:34:11.429272+08:00,open-read-ramp,48031,36.9,580496,4639,3365,2258,200,15.3,,200,111.5,,200,68.5,,200,730.8,,200,122.1,,0.0,0.0,0.0,0.0,0.0,0.0,0.0,0.0,0.0,0.0,0.0,0.0,0.0,4.0,0.0,0.0,4.0,0.0,0.0,0.0,0.0,0.0,0.0,0.0,0.0,0.0,0.0,0.0,0.0,0.0
2026-09-27T11:34:16.438341+08:00,open-read-ramp,48031,137.8,475152,,,,200,86.2,,200,982.9,,200,1873.5,,,4002.6,timed out,200,2356.8,,0.0,0.0,0.0,0.0,0.0,0.0,0.0,0.0,0.0,0.0,0.0,0.0,0.0,4.0,0.0,0.0,4.0,0.0,0.0,0.0,0.0,0.0,0.0,0.0,0.0,0.0,0.0,0.0,0.0,0.0
2026-09-27T11:34:21.443010+08:00,open-read-ramp,48031,247.2,829152,,,,200,16.7,,,3014.2,HTTP Error 503: Service Unavailable,,4004.0,timed out,,4009.0,timed out,,4006.2,timed out,0.0,0.0,0.0,0.0,0.0,0.0,0.0,0.0,0.0,0.0,0.0,0.0,0.0,4.0,0.0,0.0,4.0,0.0,0.0,0.0,0.0,0.0,0.0,0.0,0.0,0.0,0.0,0.0,0.0,0.0
2026-09-27T11:34:26.443945+08:00,open-read-ramp,48031,58.5,210848,4874,3130,2457,200,10.2,,200,503.2,,200,1081.4,,,4005.0,timed out,200,1632.7,,0.0,0.0,0.0,0.0,0.0,0.0,0.0,0.0,0.0,0.0,0.0,0.0,0.0,4.0,0.0,0.0,4.0,0.0,0.0,0.0,0.0,0.0,0.0,0.0,0.0,0.0,0.0,0.0,0.0,0.0
2026-09-27T11:34:31.453990+08:00,open-read-ramp,48031,199.0,303920,,,,200,11.5,,200,872.3,,200,984.7,,,4006.0,timed out,200,4002.0,,0.0,0.0,0.0,0.0,0.0,0.0,0.0,0.0,0.0,0.0,0.0,0.0,0.0,4.0,0.0,0.0,4.0,0.0,0.0,0.0,0.0,0.0,0.0,0.0,0.0,0.0,0.0,0.0,0.0,0.0
2026-09-27T11:34:36.463090+08:00,open-read-ramp,48031,186.7,551424,,,,200,17.8,,200,259.4,,200,179.5,,200,630.2,,200,295.0,,0.0,0.0,0.0,0.0,0.0,0.0,0.0,0.0,0.0,0.0,0.0,0.0,0.0,4.0,0.0,0.0,4.0,0.0,0.0,0.0,0.0,0.0,0.0,0.0,0.0,0.0,0.0,0.0,0.0,0.0
2026-09-27T11:34:41.472781+08:00,open-batch-rate-1,48031,23.4,190928,4747,3257,2446,200,4.9,,200,52.7,,200,61.8,,200,738.2,,200,72.1,,0.0,0.0,0.0,0.0,0.0,0.0,0.0,0.0,0.0,0.0,0.0,0.0,0.0,4.0,0.0,10.407251297590514,4.0,0.0,0.0,45.0,0.0,0.0,0.0,46.0,0.0,0.0,0.0,0.0,0.0,0.0
2026-09-27T11:34:46.474769+08:00,open-batch-rate-1,48031,27.6,105872,,,,200,11.2,,200,232.6,,200,72.8,,200,585.1,,200,189.1,,0.0,0.0,0.0,0.0,0.0,0.0,0.0,0.0,0.0,0.0,0.0,0.0,0.0,4.0,0.0,9.990685100824491,4.0,0.0,0.0,95.0,0.0,0.0,0.0,96.0,0.0,0.0,0.0,0.0,0.0,0.0
2026-09-27T11:34:51.483363+08:00,open-batch-rate-1,48031,31.7,102400,,,,200,8.7,,200,61.0,,200,43.2,,200,367.1,,200,48.6,,0.0,0.0,0.0,0.0,0.0,3.0,0.0,0.0,1.0,0.0,2.0,0.0,0.0,4.0,0.0,10.866101026519075,4.0,0.0,0.0,147.0,3.0,0.0,0.0,147.0,0.0,0.0,0.0,0.0,0.0,0.0
2026-09-27T11:34:56.493648+08:00,open-batch-rate-5,48031,42.3,101216,5123,2880,2441,200,2.7,,200,30.9,,200,28.2,,200,357.9,,200,29.7,,0.0,0.0,0.0,0.0,0.0,3.0,0.0,0.0,1.0,0.0,2.0,0.0,0.0,4.0,0.0,45.920413421210505,4.0,0.0,0.0,378.0,3.0,0.0,0.0,377.0,0.0,0.0,0.0,0.0,0.0,0.0
2026-09-27T11:35:01.503316+08:00,open-batch-rate-5,48031,65.4,99136,,,,200,3.3,,200,59.5,,200,59.1,,200,561.0,,200,96.5,,0.0,0.0,0.0,0.0,0.0,3.0,0.0,0.0,1.0,0.0,2.0,0.0,0.0,4.0,0.0,47.1116103744058,4.0,0.0,0.0,614.0,3.0,0.0,0.0,613.0,0.0,0.0,0.0,0.0,0.0,0.0
2026-09-27T11:35:06.505675+08:00,open-batch-rate-5,48031,46.4,102208,,,,200,4.5,,200,45.8,,200,55.2,,200,444.2,,200,36.1,,0.0,0.0,0.0,0.0,0.0,3.0,0.0,0.0,0.0,0.0,3.0,0.0,0.0,4.0,0.0,51.419172488991435,4.0,0.0,0.0,874.0,3.0,0.0,0.0,874.0,0.0,0.0,0.0,0.0,0.0,0.0
2026-09-27T11:35:11.515206+08:00,open-batch-rate-10,48031,43.8,108480,5149,2855,2724,200,15.0,,200,61.6,,200,31.7,,200,923.5,,200,146.4,,0.0,0.0,0.0,0.0,0.0,3.0,0.0,0.0,0.0,0.0,3.0,0.0,0.0,4.0,0.0,77.64674473757421,4.0,0.0,0.0,1263.0,3.0,0.0,0.0,1263.0,0.0,0.0,0.0,0.0,0.0,0.0
2026-09-27T11:35:16.525560+08:00,open-batch-rate-10,48031,51.8,104192,,,,200,2.4,,200,37.6,,200,102.7,,200,760.7,,200,90.2,,0.0,0.0,0.0,0.0,0.0,3.0,0.0,0.0,0.0,0.0,3.0,0.0,0.0,4.0,0.0,103.59524830129482,4.0,0.0,0.0,1778.0,97.0,0.0,0.0,1782.0,0.0,0.0,0.0,0.0,0.0,0.0
2026-09-27T11:35:21.526629+08:00,open-batch-rate-10,48031,39.0,108432,,,,200,6.1,,200,62.3,,200,53.1,,200,831.3,,200,83.6,,0.0,0.0,0.0,0.0,0.0,97.0,0.0,0.0,2.0,0.0,95.0,0.0,0.0,4.0,0.0,93.74131835990467,4.0,0.0,0.0,2271.0,97.0,0.0,0.0,2273.0,0.0,0.0,0.0,0.0,0.0,0.0
2026-09-27T11:35:26.529220+08:00,open-batch-rate-20,48031,40.2,106256,5152,2852,2681,200,6.1,,200,684.7,,200,79.1,,200,1474.5,,200,166.1,,0.0,0.0,0.0,0.0,0.0,97.0,0.0,0.0,2.0,0.0,95.0,0.0,0.0,4.0,0.0,124.46569011930406,4.0,0.0,0.0,2881.0,97.0,0.0,0.0,2896.0,0.0,0.0,0.0,0.0,0.0,0.0
2026-09-27T11:35:31.535164+08:00,open-batch-rate-20,48031,42.6,111760,,,,200,16.7,,200,89.2,,200,89.8,,200,565.3,,200,214.1,,0.0,0.0,0.0,0.0,0.0,97.0,0.0,0.0,2.0,0.0,95.0,0.0,0.0,4.0,0.0,142.94143806494458,4.0,0.0,0.0,3541.0,97.0,0.0,0.0,3611.0,0.0,0.0,0.0,0.0,0.0,0.0
2026-09-27T11:35:36.537617+08:00,open-batch-rate-20,48031,48.9,116544,,,,200,9.1,,200,136.6,,200,39.9,,200,404.4,,200,103.2,,0.0,0.0,0.0,0.0,0.0,780.0,0.0,0.0,90.0,0.0,690.0,0.0,0.0,4.0,0.0,185.39849084787875,4.0,0.0,0.0,4512.0,780.0,0.0,0.0,4498.0,0.0,0.0,0.0,0.0,0.0,0.0
2026-09-27T11:35:41.538280+08:00,open-batch-rate-40,48031,65.8,117312,5247,2757,2611,200,2.4,,200,57.5,,200,119.1,,200,788.0,,200,143.5,,0.0,0.0,0.0,0.0,0.0,780.0,0.0,0.0,90.0,0.0,690.0,0.0,0.0,4.0,0.0,177.80368891892354,4.0,0.0,0.0,5399.0,780.0,0.0,0.0,5386.0,0.0,0.0,0.0,0.0,0.0,0.0
2026-09-27T11:35:46.544789+08:00,open-batch-rate-40,48031,48.7,116928,,,,200,13.5,,200,361.8,,200,136.3,,200,511.0,,200,122.7,,0.0,0.0,0.0,0.0,0.0,780.0,0.0,0.0,90.0,0.0,690.0,0.0,0.0,4.0,0.0,174.48480370182065,4.0,0.0,0.0,6271.0,780.0,0.0,0.0,6259.0,0.0,0.0,0.0,0.0,0.0,0.0
2026-09-27T11:35:51.545319+08:00,open-batch-rate-40,48031,58.3,116144,,,,200,2.9,,200,42.4,,200,36.7,,200,578.9,,200,75.8,,0.0,0.0,0.0,0.0,0.0,2406.0,0.0,0.0,26.0,0.0,2380.0,0.0,0.0,4.0,0.0,172.95696962224326,4.0,0.0,0.0,7201.0,2406.0,0.0,0.0,7164.0,0.0,0.0,0.0,0.0,0.0,0.0
2026-09-27T11:35:56.552547+08:00,open-batch-rate-80,48031,57.1,118080,5216,2788,2454,200,14.5,,200,47.5,,200,60.8,,200,897.6,,200,189.1,,0.0,0.0,0.0,0.0,0.0,2406.0,0.0,0.0,26.0,0.0,2380.0,0.0,0.0,4.0,0.0,191.22850770850084,4.0,0.0,0.0,8139.0,2406.0,0.0,0.0,8124.0,0.0,0.0,0.0,0.0,0.0,0.0
2026-09-27T11:36:01.555003+08:00,open-batch-rate-80,48031,63.6,116256,,,,200,6.7,,200,93.7,,200,129.7,,200,963.8,,200,126.4,,0.0,0.0,0.0,0.0,0.0,2406.0,0.0,0.0,26.0,0.0,2380.0,0.0,0.0,4.0,0.0,195.90213496520343,4.0,0.0,0.0,9105.0,2406.0,0.0,0.0,9102.0,0.0,0.0,0.0,0.0,0.0,0.0
2026-09-27T11:36:06.560620+08:00,open-batch-rate-80,48031,36.5,113456,,,,200,6.3,,200,156.5,,200,177.8,,200,716.5,,200,265.8,,0.0,0.0,0.0,0.0,0.0,4230.0,0.0,0.0,37.0,0.0,4193.0,0.0,0.0,4.0,0.0,179.3177019805793,4.0,0.0,0.0,9846.0,4244.0,0.0,0.0,10007.0,0.0,0.0,0.0,0.0,0.0,0.0
2026-09-27T11:36:11.565196+08:00,after-openapi-None,48031,60.4,126096,5181,2823,2398,200,17.6,,200,52.2,,200,47.8,,200,541.6,,200,66.9,,0.0,0.0,0.0,0.0,0.0,4230.0,0.0,0.0,37.0,0.0,4193.0,0.0,0.0,4.0,0.0,0.0,4.0,0.0,0.0,10593.0,4244.0,0.0,0.0,10660.0,0.0,0.0,0.0,0.0,0.0,0.0
2026-09-27T11:36:16.574539+08:00,after-openapi-None,48031,31.7,93824,,,,200,6.5,,200,102.6,,200,59.4,,200,426.1,,200,103.5,,0.0,0.0,0.0,0.0,0.0,5022.0,0.0,0.0,0.0,0.0,5022.0,0.0,0.0,4.0,0.0,0.0,4.0,0.0,0.0,10727.0,5022.0,0.0,0.0,10660.0,0.0,0.0,0.0,0.0,0.0,0.0
2026-09-27T11:36:21.574765+08:00,after-openapi-None,48031,29.5,112240,,,,200,5.1,,200,35.7,,200,32.2,,200,266.3,,200,44.9,,0.0,0.0,0.0,0.0,0.0,5022.0,0.0,0.0,0.0,0.0,5022.0,0.0,0.0,4.0,0.0,0.0,4.0,0.0,0.0,10727.0,5022.0,0.0,0.0,10660.0,0.0,0.0,0.0,0.0,0.0,0.0
2026-09-27T11:36:26.587212+08:00,after-openapi-None,48031,43.6,107568,5154,2850,2376,200,19.2,,200,79.7,,200,73.3,,200,515.3,,200,148.6,,0.0,0.0,0.0,0.0,0.0,5022.0,0.0,0.0,0.0,0.0,5022.0,0.0,0.0,4.0,0.0,0.0,4.0,0.0,0.0,10727.0,5022.0,0.0,0.0,10660.0,0.0,0.0,0.0,0.0,0.0,0.0
2026-09-27T11:36:31.593194+08:00,after-openapi-None,48031,44.9,110080,,,,200,3.4,,200,72.0,,200,35.6,,200,322.6,,200,86.8,,0.0,0.0,0.0,0.0,0.0,3046.0,0.0,0.0,0.0,0.0,3046.0,0.0,0.0,4.0,0.0,0.0,4.0,0.0,0.0,10727.0,3046.0,0.0,0.0,10660.0,0.0,0.0,0.0,0.0,0.0,0.0
2026-09-27T11:36:36.611007+08:00,after-openapi-None,48031,51.4,93696,,,,200,8.6,,200,85.8,,200,73.4,,200,389.4,,200,131.5,,0.0,0.0,0.0,0.0,0.0,3046.0,0.0,0.0,0.0,0.0,3046.0,0.0,0.0,4.0,0.0,0.0,4.0,0.0,0.0,10727.0,3046.0,0.0,0.0,10660.0,0.0,0.0,0.0,0.0,0.0,0.0
2026-09-27T11:36:41.604200+08:00,after-openapi-None,48031,44.8,110752,5108,2896,2365,200,10.8,,200,139.9,,200,85.3,,200,523.6,,200,116.1,,0.0,0.0,0.0,0.0,0.0,3046.0,0.0,0.0,0.0,0.0,3046.0,0.0,0.0,4.0,0.0,0.0,4.0,0.0,0.0,10727.0,3046.0,0.0,0.0,10660.0,0.0,0.0,0.0,0.0,0.0,0.0
2026-09-27T11:36:46.605129+08:00,after-openapi-None,48031,40.2,111136,,,,200,6.2,,200,73.0,,200,47.6,,200,393.6,,200,77.5,,0.0,0.0,0.0,0.0,0.0,1065.0,0.0,0.0,0.0,0.0,1065.0,0.0,0.0,4.0,0.0,0.0,4.0,0.0,0.0,10727.0,1065.0,0.0,0.0,10660.0,0.0,0.0,0.0,0.0,0.0,0.0
2026-09-27T11:36:51.617399+08:00,after-openapi-None,48031,25.1,92896,,,,200,14.6,,200,42.5,,200,38.6,,200,338.8,,200,73.5,,0.0,0.0,0.0,0.0,0.0,1065.0,0.0,0.0,0.0,0.0,1065.0,0.0,0.0,4.0,0.0,0.0,4.0,0.0,0.0,10727.0,1065.0,0.0,0.0,10660.0,0.0,0.0,0.0,0.0,0.0,0.0
2026-09-27T11:36:56.634315+08:00,after-openapi-None,48031,29.1,106912,5055,2949,2388,200,7.9,,200,120.2,,200,95.2,,200,603.2,,200,99.6,,0.0,0.0,0.0,0.0,0.0,1065.0,0.0,0.0,0.0,0.0,1065.0,0.0,0.0,4.0,0.0,0.0,4.0,0.0,0.0,10727.0,1065.0,0.0,0.0,10660.0,0.0,0.0,0.0,0.0,0.0,0.0
2026-09-27T11:37:01.633571+08:00,after-openapi-None,48031,31.6,110352,,,,200,5.6,,200,27.5,,200,28.3,,200,361.2,,200,37.5,,0.0,0.0,0.0,0.0,0.0,397.0,0.0,0.0,0.0,0.0,397.0,0.0,0.0,4.0,0.0,0.0,4.0,0.0,0.0,10727.0,392.0,0.0,0.0,10660.0,0.0,0.0,0.0,0.0,0.0,0.0
2026-09-27T11:37:06.640674+08:00,after-openapi-None,48031,18.6,96944,,,,200,17.0,,200,71.8,,200,60.2,,200,352.6,,200,67.9,,0.0,0.0,0.0,0.0,0.0,397.0,0.0,0.0,0.0,0.0,397.0,0.0,0.0,4.0,0.0,0.0,4.0,0.0,0.0,10727.0,392.0,0.0,0.0,10660.0,0.0,0.0,0.0,0.0,0.0,0.0
2026-09-27T11:37:11.645887+08:00,after-openapi-None,48031,22.6,113744,5051,2953,2370,200,5.7,,200,29.5,,200,36.4,,200,323.4,,200,32.7,,0.0,0.0,0.0,0.0,0.0,397.0,0.0,0.0,0.0,0.0,397.0,0.0,0.0,4.0,0.0,0.0,4.0,0.0,0.0,10727.0,392.0,0.0,0.0,10660.0,0.0,0.0,0.0,0.0,0.0,0.0
2026-09-27T11:37:16.653623+08:00,after-openapi-None,48031,25.1,113392,,,,200,7.9,,200,21.1,,200,21.2,,200,224.1,,200,33.5,,0.0,0.0,0.0,0.0,0.0,0.0,0.0,0.0,0.0,0.0,0.0,0.0,0.0,4.0,0.0,0.0,4.0,0.0,0.0,10727.0,0.0,0.0,0.0,10660.0,0.0,0.0,0.0,0.0,0.0,0.0
2026-09-27T11:37:21.659296+08:00,before-more_business-cameras,48031,14.5,112720,,,,200,3.9,,200,20.8,,200,16.9,,200,183.9,,200,26.2,,0.0,0.0,0.0,0.0,0.0,0.0,0.0,0.0,0.0,0.0,0.0,0.0,0.0,4.0,0.0,0.0,4.0,0.0,0.0,10727.0,0.0,0.0,0.0,10660.0,0.0,0.0,0.0,0.0,0.0,0.0
2026-09-27T11:37:26.666493+08:00,before-more_business-cameras,48031,17.5,111632,4866,3138,2358,200,12.4,,200,110.7,,200,100.2,,200,421.3,,200,101.8,,0.0,0.0,0.0,0.0,0.0,0.0,0.0,0.0,0.0,0.0,0.0,0.0,0.0,4.0,0.0,0.0,4.0,0.0,0.0,10727.0,0.0,0.0,0.0,10660.0,0.0,0.0,0.0,0.0,0.0,0.0
2026-09-27T11:37:31.676790+08:00,camera-write-c32,48031,41.2,109536,,,,200,6.0,,200,25.8,,200,35.0,,200,327.6,,200,42.6,,0.0,0.0,0.0,0.0,0.0,0.0,0.0,0.0,0.0,0.0,0.0,0.0,0.0,4.0,0.0,0.0,4.0,0.0,0.0,10727.0,0.0,0.0,0.0,10660.0,0.0,0.0,0.0,0.0,0.0,0.0
2026-09-27T11:37:36.686166+08:00,camera-read-ramp,48031,59.9,129152,,,,200,6.3,,200,38.7,,200,19.8,,200,305.3,,200,67.9,,0.0,0.0,0.0,0.0,0.0,0.0,0.0,0.0,0.0,0.0,0.0,0.0,0.0,4.0,0.0,0.0,4.0,0.0,0.0,10727.0,0.0,0.0,0.0,10660.0,0.0,0.0,0.0,0.0,0.0,0.0
2026-09-27T11:37:41.689103+08:00,camera-read-ramp,48031,54.5,128576,4921,3083,2339,200,4.0,,200,39.0,,200,24.7,,200,433.9,,200,51.1,,0.0,0.0,0.0,0.0,0.0,0.0,0.0,0.0,0.0,0.0,0.0,0.0,0.0,4.0,0.0,0.0,4.0,0.0,0.0,10727.0,0.0,0.0,0.0,10660.0,0.0,0.0,0.0,0.0,0.0,0.0
2026-09-27T11:37:46.808028+08:00,camera-read-ramp,48031,54.0,125920,,,,200,95.4,,200,140.5,,200,101.4,,200,761.9,,200,217.8,,0.0,0.0,0.0,0.0,0.0,0.0,0.0,0.0,0.0,0.0,0.0,0.0,0.0,4.0,0.0,0.0,4.0,0.0,0.0,10727.0,0.0,0.0,0.0,10660.0,0.0,0.0,0.0,0.0,0.0,0.0
2026-09-27T11:37:51.718195+08:00,camera-read-ramp,48031,148.9,126864,,,,200,2.4,,200,31.1,,200,25.4,,200,296.0,,200,54.1,,0.0,0.0,0.0,0.0,0.0,0.0,0.0,0.0,0.0,0.0,0.0,0.0,0.0,4.0,0.0,0.0,4.0,0.0,0.0,10727.0,0.0,0.0,0.0,10660.0,0.0,0.0,0.0,0.0,0.0,0.0
2026-09-27T11:37:56.720344+08:00,camera-read-ramp,48031,47.2,125728,4935,3069,2322,200,6.6,,200,23.6,,200,16.8,,200,232.9,,200,47.4,,0.0,0.0,0.0,0.0,0.0,0.0,0.0,0.0,0.0,0.0,0.0,0.0,0.0,4.0,0.0,0.0,4.0,0.0,0.0,10727.0,0.0,0.0,0.0,10660.0,0.0,0.0,0.0,0.0,0.0,0.0
2026-09-27T11:38:01.720715+08:00,camera-read-ramp,48031,145.9,128432,,,,200,5.2,,200,36.0,,200,60.2,,200,669.4,,200,97.5,,0.0,0.0,0.0,0.0,0.0,0.0,0.0,0.0,0.0,0.0,0.0,0.0,0.0,4.0,0.0,0.0,4.0,0.0,0.0,10727.0,0.0,0.0,0.0,10660.0,0.0,0.0,0.0,0.0,0.0,0.0
2026-09-27T11:38:06.729659+08:00,camera-read-ramp,48031,125.8,124336,,,,200,5.2,,200,45.1,,200,46.8,,200,307.3,,200,74.2,,0.0,0.0,0.0,0.0,0.0,0.0,0.0,0.0,0.0,0.0,0.0,0.0,0.0,4.0,0.0,0.0,4.0,0.0,0.0,10727.0,0.0,0.0,0.0,10660.0,0.0,0.0,0.0,0.0,0.0,0.0
2026-09-27T11:38:11.737945+08:00,camera-read-ramp,48031,25.9,124720,4911,3093,2320,200,9.9,,200,25.5,,200,22.6,,200,234.8,,200,40.4,,0.0,0.0,0.0,0.0,0.0,0.0,0.0,0.0,0.0,0.0,0.0,0.0,0.0,4.0,0.0,0.0,4.0,0.0,0.0,10727.0,0.0,0.0,0.0,10660.0,0.0,0.0,0.0,0.0,0.0,0.0
2026-09-27T11:38:16.738046+08:00,camera-read-ramp,48031,154.3,143904,,,,200,4.3,,200,64.3,,200,125.2,,200,521.7,,200,212.0,,0.0,0.0,0.0,0.0,0.0,0.0,0.0,0.0,0.0,0.0,0.0,0.0,0.0,4.0,0.0,0.0,4.0,0.0,0.0,10727.0,0.0,0.0,0.0,10660.0,0.0,0.0,0.0,0.0,0.0,0.0
2026-09-27T11:38:21.746964+08:00,camera-read-ramp,48031,147.1,141472,,,,200,6.1,,200,60.5,,200,103.1,,200,385.6,,200,191.1,,0.0,0.0,0.0,0.0,0.0,0.0,0.0,0.0,0.0,0.0,0.0,0.0,0.0,4.0,0.0,0.0,4.0,0.0,0.0,10727.0,0.0,0.0,0.0,10660.0,0.0,0.0,0.0,0.0,0.0,0.0
2026-09-27T11:38:26.748282+08:00,camera-read-ramp,48031,167.0,201472,5020,2984,2316,200,13.9,,200,362.5,,200,882.6,,200,987.2,,200,1068.3,,0.0,0.0,0.0,0.0,0.0,0.0,0.0,0.0,0.0,0.0,0.0,0.0,0.0,4.0,0.0,0.0,4.0,0.0,0.0,10727.0,0.0,0.0,0.0,10660.0,0.0,0.0,0.0,0.0,0.0,0.0
2026-09-27T11:38:31.755575+08:00,camera-read-ramp,48031,121.0,214944,,,,200,4.5,,200,401.7,,200,455.6,,200,651.6,,200,673.0,,0.0,0.0,0.0,0.0,0.0,0.0,0.0,0.0,0.0,0.0,0.0,0.0,0.0,4.0,0.0,0.0,4.0,0.0,0.0,10727.0,0.0,0.0,0.0,10660.0,0.0,0.0,0.0,0.0,0.0,0.0
2026-09-27T11:38:36.768962+08:00,camera-read-ramp,48031,31.1,215312,,,,200,5.4,,200,14.8,,200,16.9,,200,241.8,,200,50.9,,0.0,0.0,0.0,0.0,0.0,0.0,0.0,0.0,0.0,0.0,0.0,0.0,0.0,4.0,0.0,0.0,4.0,0.0,0.0,10727.0,0.0,0.0,0.0,10660.0,0.0,0.0,0.0,0.0,0.0,0.0
2026-09-27T11:38:41.769945+08:00,after-more_business-cameras,48031,22.4,218992,4940,3063,2314,200,11.4,,200,35.7,,200,27.7,,200,263.1,,200,63.5,,0.0,0.0,0.0,0.0,0.0,0.0,0.0,0.0,0.0,0.0,0.0,0.0,0.0,4.0,0.0,0.0,4.0,0.0,0.0,10727.0,0.0,0.0,0.0,10660.0,0.0,0.0,0.0,0.0,0.0,0.0
2026-09-27T11:38:46.778267+08:00,after-more_business-cameras,48031,32.0,213776,,,,200,5.2,,200,21.0,,200,15.1,,200,222.0,,200,37.3,,0.0,0.0,0.0,0.0,0.0,0.0,0.0,0.0,0.0,0.0,0.0,0.0,0.0,4.0,0.0,0.0,4.0,0.0,0.0,10727.0,0.0,0.0,0.0,10660.0,0.0,0.0,0.0,0.0,0.0,0.0
2026-09-27T11:38:51.788501+08:00,after-more_business-cameras,48031,23.4,212336,,,,200,4.2,,200,20.7,,200,16.5,,200,181.4,,200,44.1,,0.0,0.0,0.0,0.0,0.0,0.0,0.0,0.0,0.0,0.0,0.0,0.0,0.0,4.0,0.0,0.0,4.0,0.0,0.0,10727.0,0.0,0.0,0.0,10660.0,0.0,0.0,0.0,0.0,0.0,0.0
2026-09-27T11:38:56.797474+08:00,before-more_business-ai,48031,20.6,202144,4968,3036,2309,200,8.5,,200,13.9,,200,18.9,,200,235.5,,200,43.1,,0.0,0.0,0.0,0.0,0.0,0.0,0.0,0.0,0.0,0.0,0.0,0.0,0.0,4.0,0.0,0.0,4.0,0.0,0.0,10727.0,0.0,0.0,0.0,10660.0,0.0,0.0,0.0,0.0,0.0,0.0
2026-09-27T11:39:01.798643+08:00,before-more_business-ai,48031,35.0,181920,,,,200,3.9,,200,17.7,,200,12.6,,200,187.3,,200,34.0,,0.0,0.0,0.0,0.0,0.0,0.0,0.0,0.0,0.0,0.0,0.0,0.0,0.0,4.0,0.0,0.0,4.0,0.0,0.0,10727.0,0.0,0.0,0.0,10660.0,0.0,0.0,0.0,0.0,0.0,0.0
2026-09-27T11:39:06.800677+08:00,after-more_business-ai,48031,15.5,156336,,,,200,4.1,,200,26.3,,200,22.3,,200,218.4,,200,58.6,,0.0,0.0,0.0,0.0,0.0,0.0,0.0,0.0,0.0,0.0,0.0,0.0,0.0,4.0,0.0,0.0,4.0,0.0,0.0,10727.0,0.0,0.0,0.0,10660.0,0.0,0.0,0.0,0.0,0.0,0.0
2026-09-27T11:39:11.810221+08:00,after-more_business-ai,48031,22.1,156000,4928,3076,2303,200,11.7,,200,20.9,,200,17.6,,200,261.9,,200,65.0,,0.0,0.0,0.0,0.0,0.0,0.0,0.0,0.0,0.0,0.0,0.0,0.0,0.0,4.0,0.0,0.0,4.0,0.0,0.0,10727.0,0.0,0.0,0.0,10660.0,0.0,0.0,0.0,0.0,0.0,0.0
2026-09-27T11:39:16.813794+08:00,after-more_business-ai,48031,23.8,146288,,,,200,5.2,,200,34.6,,200,22.5,,200,215.1,,200,43.9,,0.0,0.0,0.0,0.0,0.0,0.0,0.0,0.0,0.0,0.0,0.0,0.0,0.0,4.0,0.0,0.0,4.0,0.0,0.0,10727.0,0.0,0.0,0.0,10660.0,0.0,0.0,0.0,0.0,0.0,0.0
2026-09-27T11:39:21.816582+08:00,after-more_business-ai,48031,22.3,151536,,,,200,3.8,,200,19.2,,200,13.6,,200,229.3,,200,36.3,,0.0,0.0,0.0,0.0,0.0,0.0,0.0,0.0,0.0,0.0,0.0,0.0,0.0,4.0,0.0,0.0,4.0,0.0,0.0,10727.0,0.0,0.0,0.0,10660.0,0.0,0.0,0.0,0.0,0.0,0.0
2026-09-27T11:39:26.822737+08:00,before-mqtt-direct,48031,38.5,149728,4977,3027,2302,200,8.5,,200,19.8,,200,17.5,,200,216.8,,200,52.2,,0.0,0.0,0.0,0.0,0.0,0.0,0.0,0.0,0.0,0.0,0.0,0.0,0.0,4.0,0.0,0.0,4.0,0.0,0.0,10727.0,0.0,0.0,0.0,10660.0,0.0,0.0,0.0,0.0,0.0,0.0
2026-09-27T11:39:31.832289+08:00,before-mqtt-direct,48031,25.5,149840,,,,200,3.6,,200,17.4,,200,12.1,,200,183.3,,200,30.4,,0.0,0.0,0.0,0.0,0.0,0.0,0.0,0.0,0.0,0.0,0.0,0.0,0.0,4.0,0.0,0.0,4.0,0.0,0.0,10727.0,0.0,0.0,0.0,10660.0,0.0,0.0,0.0,0.0,0.0,0.0
2026-09-27T11:39:36.836564+08:00,mqtt-direct-tokens,48031,126.3,138304,,,,200,6.4,,200,37.0,,200,31.8,,200,344.7,,200,94.9,,0.0,0.0,0.0,0.0,0.0,0.0,0.0,0.0,0.0,0.0,0.0,0.0,0.0,4.0,0.0,0.0,4.0,0.0,0.0,10727.0,0.0,0.0,0.0,10660.0,0.0,0.0,0.0,0.0,0.0,0.0
2026-09-27T11:39:41.837680+08:00,mqtt-direct-tokens,48031,121.2,134704,4986,3018,2298,200,5.4,,200,58.1,,200,37.8,,200,407.5,,200,114.6,,0.0,0.0,0.0,0.0,0.0,0.0,0.0,0.0,0.0,0.0,0.0,0.0,0.0,4.0,0.0,0.0,4.0,0.0,0.0,10727.0,0.0,0.0,0.0,10660.0,0.0,0.0,0.0,0.0,0.0,0.0
2026-09-27T11:39:46.839052+08:00,mqtt-direct-tokens,48031,131.5,136016,,,,200,1.1,,200,41.6,,200,41.8,,200,602.9,,200,92.1,,0.0,0.0,0.0,0.0,0.0,0.0,0.0,0.0,0.0,0.0,0.0,0.0,0.0,4.0,0.0,0.0,4.0,0.0,0.0,10727.0,0.0,0.0,0.0,10660.0,0.0,0.0,0.0,0.0,0.0,0.0
2026-09-27T11:39:51.842583+08:00,mqtt-direct-tokens,48031,124.4,136272,,,,200,4.5,,200,30.4,,200,43.9,,200,528.6,,200,71.2,,0.0,0.0,0.0,0.0,0.0,0.0,0.0,0.0,0.0,0.0,0.0,0.0,0.0,4.0,0.0,0.0,4.0,0.0,0.0,10727.0,0.0,0.0,0.0,10660.0,0.0,0.0,0.0,0.0,0.0,0.0
2026-09-27T11:39:56.843493+08:00,mqtt-direct-tokens,48031,120.1,133168,5137,2867,2296,200,12.1,,200,63.1,,200,55.5,,200,514.8,,200,91.3,,0.0,0.0,0.0,0.0,0.0,0.0,0.0,0.0,0.0,0.0,0.0,0.0,0.0,4.0,0.0,0.0,4.0,0.0,0.0,10727.0,0.0,0.0,0.0,10660.0,0.0,0.0,0.0,0.0,0.0,0.0
2026-09-27T11:40:01.850443+08:00,mqtt-direct-tokens,48031,144.1,146960,,,,200,7.9,,200,52.0,,200,26.7,,200,368.0,,200,100.2,,0.0,0.0,0.0,0.0,0.0,0.0,0.0,0.0,0.0,0.0,0.0,0.0,0.0,4.0,0.0,0.0,4.0,0.0,0.0,10727.0,0.0,0.0,0.0,10660.0,0.0,0.0,0.0,0.0,0.0,0.0
2026-09-27T11:40:06.857253+08:00,mqtt-connections-direct,48031,15.4,99920,,,,200,10.2,,200,52.1,,200,62.9,,200,519.2,,200,145.6,,0.0,0.0,0.0,0.0,0.0,0.0,0.0,0.0,0.0,0.0,0.0,0.0,0.0,4.0,0.0,0.0,4.0,0.0,0.0,10727.0,0.0,0.0,0.0,10660.0,0.0,0.0,0.0,0.0,0.0,0.0
2026-09-27T11:40:11.865657+08:00,mqtt-connections-direct,48031,28.1,119632,6436,1568,2311,200,8.0,,200,73.2,,200,33.5,,200,376.7,,200,90.9,,0.0,0.0,0.0,0.0,0.0,0.0,0.0,0.0,0.0,0.0,0.0,0.0,0.0,4.0,0.0,0.0,4.0,0.0,0.0,10727.0,0.0,0.0,0.0,10660.0,0.0,0.0,0.0,0.0,0.0,0.0
2026-09-27T11:40:16.868055+08:00,mqtt-connections-direct,48031,23.1,114512,,,,200,4.8,,200,20.3,,200,21.1,,200,760.2,,200,72.9,,0.0,0.0,0.0,0.0,0.0,0.0,0.0,0.0,0.0,0.0,0.0,0.0,0.0,4.0,0.0,0.0,4.0,0.0,0.0,10727.0,0.0,0.0,0.0,10660.0,0.0,0.0,0.0,0.0,0.0,0.0
2026-09-27T11:40:21.871238+08:00,mqtt-connections-direct,48031,10.7,106896,,,,200,6.6,,200,106.0,,200,57.0,,200,860.6,,200,179.0,,0.0,0.0,0.0,0.0,0.0,0.0,0.0,0.0,0.0,0.0,0.0,0.0,0.0,4.0,0.0,0.0,4.0,0.0,0.0,10727.0,0.0,0.0,0.0,10660.0,0.0,0.0,0.0,0.0,0.0,0.0
2026-09-27T11:40:26.873802+08:00,mqtt-connections-direct,48031,17.1,96288,6769,1235,3487,200,2.0,,200,56.0,,200,32.1,,200,625.2,,200,82.1,,0.0,0.0,0.0,0.0,0.0,0.0,0.0,0.0,0.0,0.0,0.0,0.0,0.0,4.0,0.0,0.0,4.0,0.0,0.0,10727.0,0.0,0.0,0.0,10660.0,0.0,0.0,0.0,0.0,0.0,0.0
2026-09-27T11:40:31.883389+08:00,mqtt-connections-direct,48031,13.2,88096,,,,200,6.3,,200,298.7,,200,106.4,,200,855.6,,200,295.3,,0.0,0.0,0.0,0.0,0.0,0.0,0.0,0.0,0.0,0.0,0.0,0.0,0.0,4.0,0.0,0.0,4.0,0.0,0.0,10727.0,0.0,0.0,0.0,10660.0,0.0,0.0,0.0,0.0,0.0,0.0
2026-09-27T11:40:36.892421+08:00,mqtt-connections-direct,48031,14.8,105168,,,,200,7.7,,200,176.6,,200,88.4,,200,857.2,,200,155.8,,0.0,0.0,0.0,0.0,0.0,0.0,0.0,0.0,0.0,0.0,0.0,0.0,0.0,4.0,0.0,0.0,4.0,0.0,0.0,10727.0,0.0,0.0,0.0,10660.0,0.0,0.0,0.0,0.0,0.0,0.0
2026-09-27T11:40:41.896345+08:00,mqtt-connections-direct,48031,17.2,94288,6691,1313,4070,200,7.1,,200,224.8,,200,40.6,,200,486.0,,200,215.4,,0.0,0.0,0.0,0.0,0.0,0.0,0.0,0.0,0.0,0.0,0.0,0.0,0.0,4.0,0.0,0.0,4.0,0.0,0.0,10727.0,0.0,0.0,0.0,10660.0,0.0,0.0,0.0,0.0,0.0,0.0
2026-09-27T11:40:46.908867+08:00,mqtt-connections-direct,48031,26.5,115392,,,,200,6.1,,200,748.3,,200,672.9,,200,917.1,,200,879.0,,0.0,0.0,0.0,0.0,0.0,0.0,0.0,0.0,0.0,0.0,0.0,0.0,0.0,4.0,0.0,0.0,4.0,0.0,0.0,10727.0,0.0,0.0,0.0,10660.0,0.0,0.0,0.0,0.0,0.0,0.0
2026-09-27T11:40:51.913640+08:00,mqtt-connections-direct,48031,9.1,95984,,,,200,19.0,,200,416.3,,200,158.4,,200,836.3,,200,279.9,,0.0,0.0,0.0,0.0,0.0,0.0,0.0,0.0,0.0,0.0,0.0,0.0,0.0,4.0,0.0,0.0,4.0,0.0,0.0,10727.0,0.0,0.0,0.0,10660.0,0.0,0.0,0.0,0.0,0.0,0.0
2026-09-27T11:40:56.924334+08:00,mqtt-connections-direct,48031,13.4,116384,6612,1392,4439,200,27.2,,200,561.9,,200,62.0,,200,934.4,,200,492.4,,0.0,0.0,0.0,0.0,0.0,0.0,0.0,0.0,0.0,0.0,0.0,0.0,0.0,4.0,0.0,0.0,4.0,0.0,0.0,10727.0,0.0,0.0,0.0,10660.0,0.0,0.0,0.0,0.0,0.0,0.0
2026-09-27T11:41:01.924711+08:00,mqtt-connections-direct,48031,9.6,70352,,,,200,8.1,,200,127.2,,200,98.5,,200,971.6,,200,156.7,,0.0,0.0,0.0,0.0,0.0,0.0,0.0,0.0,0.0,0.0,0.0,0.0,0.0,4.0,0.0,0.0,4.0,0.0,0.0,10727.0,0.0,0.0,0.0,10660.0,0.0,0.0,0.0,0.0,0.0,0.0
2026-09-27T11:41:06.933798+08:00,mqtt-connections-direct,48031,7.0,78576,,,,200,15.2,,200,262.5,,200,44.9,,200,1082.0,,200,278.3,,0.0,0.0,0.0,0.0,0.0,0.0,0.0,0.0,0.0,0.0,0.0,0.0,0.0,4.0,0.0,0.0,4.0,0.0,0.0,10727.0,0.0,0.0,0.0,10660.0,0.0,0.0,0.0,0.0,0.0,0.0
2026-09-27T11:41:11.935874+08:00,mqtt-connections-direct,48031,16.5,85744,6685,1318,4694,200,5.6,,200,442.2,,200,234.1,,200,1093.6,,200,402.8,,0.0,0.0,0.0,0.0,0.0,0.0,0.0,0.0,0.0,0.0,0.0,0.0,0.0,4.0,0.0,0.0,4.0,0.0,0.0,10727.0,0.0,0.0,0.0,10660.0,0.0,0.0,0.0,0.0,0.0,0.0
2026-09-27T11:41:16.951810+08:00,mqtt-connections-direct,48031,13.4,88752,,,,200,14.7,,200,242.3,,200,103.2,,200,812.8,,200,219.6,,0.0,0.0,0.0,0.0,0.0,0.0,0.0,0.0,0.0,0.0,0.0,0.0,0.0,4.0,0.0,0.0,4.0,0.0,0.0,10727.0,0.0,0.0,0.0,10660.0,0.0,0.0,0.0,0.0,0.0,0.0
2026-09-27T11:41:21.952257+08:00,mqtt-connections-direct,48031,17.5,97248,,,,200,9.3,,200,542.0,,200,174.2,,200,1000.2,,200,214.9,,0.0,0.0,0.0,0.0,0.0,0.0,0.0,0.0,0.0,0.0,0.0,0.0,0.0,4.0,0.0,0.0,4.0,0.0,0.0,10727.0,0.0,0.0,0.0,10660.0,0.0,0.0,0.0,0.0,0.0,0.0
2026-09-27T11:41:26.953186+08:00,mqtt-connections-direct,48031,6.7,74944,,,,200,6.8,,200,149.6,,200,133.1,,200,783.0,,200,398.2,,0.0,0.0,0.0,0.0,0.0,0.0,0.0,0.0,0.0,0.0,0.0,0.0,0.0,4.0,0.0,0.0,4.0,0.0,0.0,10727.0,0.0,0.0,0.0,10660.0,0.0,0.0,0.0,0.0,0.0,0.0
2026-09-27T11:41:34.981712+08:00,mqtt-connections-direct,48031,41.3,112896,,,,200,12.2,,200,409.1,,200,168.1,,200,996.3,,200,346.2,,0.0,0.0,0.0,0.0,0.0,0.0,0.0,0.0,0.0,0.0,0.0,0.0,0.0,4.0,0.0,0.0,4.0,0.0,0.0,10727.0,0.0,0.0,0.0,10660.0,0.0,0.0,0.0,0.0,0.0,0.0
2026-09-27T11:41:40.074837+08:00,mqtt-connections-direct,48031,7.3,55152,,,,200,72.6,,200,1115.7,,200,692.9,,200,2656.3,,200,1078.3,,0.0,0.0,0.0,0.0,0.0,0.0,0.0,0.0,0.0,0.0,0.0,0.0,0.0,4.0,0.0,0.0,4.0,0.0,0.0,10727.0,0.0,0.0,0.0,10660.0,0.0,0.0,0.0,0.0,0.0,0.0
2026-09-27T11:41:45.039063+08:00,mqtt-connections-direct,48031,39.6,117328,6634,1370,5268,200,7.1,,200,536.7,,200,250.7,,200,1005.2,,200,293.3,,0.0,0.0,0.0,0.0,0.0,0.0,0.0,0.0,0.0,0.0,0.0,0.0,0.0,4.0,0.0,0.0,4.0,0.0,0.0,10727.0,0.0,0.0,0.0,10660.0,0.0,0.0,0.0,0.0,0.0,0.0
2026-09-27T11:41:50.058820+08:00,mqtt-connections-direct,48031,9.6,80800,,,,200,22.9,,200,393.2,,200,146.6,,200,1335.1,,200,568.9,,0.0,0.0,0.0,0.0,0.0,0.0,0.0,0.0,0.0,0.0,0.0,0.0,0.0,4.0,0.0,0.0,4.0,0.0,0.0,10727.0,0.0,0.0,0.0,10660.0,0.0,0.0,0.0,0.0,0.0,0.0
2026-09-27T11:41:55.127354+08:00,mqtt-connections-direct,48031,15.5,94016,,,,200,107.0,,200,533.7,,200,230.3,,200,1772.3,,200,789.0,,0.0,0.0,0.0,0.0,0.0,0.0,0.0,0.0,0.0,0.0,0.0,0.0,0.0,4.0,0.0,0.0,4.0,0.0,0.0,10727.0,0.0,0.0,0.0,10660.0,0.0,0.0,0.0,0.0,0.0,0.0
2026-09-27T11:42:00.083199+08:00,mqtt-connections-direct,48031,9.9,55104,6672,1332,5465,200,5.4,,,337.0,HTTP Error 503: Service Unavailable,200,169.5,,200,1582.5,,200,298.2,,0.0,0.0,0.0,0.0,0.0,0.0,0.0,0.0,0.0,0.0,0.0,0.0,0.0,4.0,0.0,0.0,4.0,0.0,0.0,10727.0,0.0,0.0,0.0,10660.0,0.0,0.0,0.0,0.0,0.0,0.0
2026-09-27T11:42:05.088042+08:00,mqtt-connections-direct,48031,10.3,73120,,,,200,14.6,,,380.7,HTTP Error 503: Service Unavailable,200,250.7,,200,2458.7,,200,1011.2,,0.0,0.0,0.0,0.0,0.0,0.0,0.0,0.0,0.0,0.0,0.0,0.0,0.0,4.0,0.0,0.0,4.0,0.0,0.0,10727.0,0.0,0.0,0.0,10660.0,0.0,0.0,0.0,0.0,0.0,0.0
2026-09-27T11:42:10.098361+08:00,mqtt-connections-direct,48031,6.9,50032,,,,200,13.9,,,1288.2,HTTP Error 503: Service Unavailable,200,128.7,,200,2398.4,,200,473.1,,0.0,0.0,0.0,0.0,0.0,0.0,0.0,0.0,0.0,0.0,0.0,0.0,0.0,4.0,0.0,0.0,4.0,0.0,0.0,10727.0,0.0,0.0,0.0,10660.0,0.0,0.0,0.0,0.0,0.0,0.0
2026-09-27T11:42:15.098626+08:00,mqtt-connections-direct,48031,8.3,89088,6774,1230,5446,200,16.0,,,1658.2,HTTP Error 503: Service Unavailable,200,379.3,,,4025.4,timed out,200,1163.8,,0.0,0.0,0.0,0.0,0.0,0.0,0.0,0.0,0.0,0.0,0.0,0.0,0.0,4.0,0.0,0.0,4.0,0.0,0.0,10727.0,0.0,0.0,0.0,10660.0,0.0,0.0,0.0,0.0,0.0,0.0
2026-09-27T11:42:23.151412+08:00,mqtt-connections-direct,48031,4.1,86848,,,,200,16.5,,,941.1,HTTP Error 503: Service Unavailable,200,645.1,,,4044.3,timed out,200,1889.8,,0.0,0.0,0.0,0.0,0.0,0.0,0.0,0.0,0.0,0.0,0.0,0.0,0.0,4.0,0.0,0.0,4.0,0.0,0.0,10727.0,0.0,0.0,0.0,10660.0,0.0,0.0,0.0,0.0,0.0,0.0
2026-09-27T11:42:28.154657+08:00,mqtt-connections-direct,48031,6.2,78816,,,,200,18.3,,,1171.1,HTTP Error 503: Service Unavailable,200,279.6,,200,3260.3,,200,2099.7,,0.0,0.0,0.0,0.0,0.0,0.0,0.0,0.0,0.0,0.0,0.0,0.0,0.0,4.0,0.0,0.0,4.0,0.0,0.0,10727.0,0.0,0.0,0.0,10660.0,0.0,0.0,0.0,0.0,0.0,0.0
2026-09-27T11:42:33.161261+08:00,mqtt-connections-direct,48031,6.9,89024,6894,1109,5502,200,28.1,,,1674.8,HTTP Error 503: Service Unavailable,200,472.1,,200,3144.3,,200,1052.9,,0.0,0.0,0.0,0.0,0.0,0.0,0.0,0.0,0.0,0.0,0.0,0.0,0.0,4.0,0.0,0.0,4.0,0.0,0.0,10727.0,0.0,0.0,0.0,10660.0,0.0,0.0,0.0,0.0,0.0,0.0
2026-09-27T11:42:41.204060+08:00,mqtt-connections-direct,48031,5.1,93984,,,,200,11.7,,,888.9,HTTP Error 503: Service Unavailable,200,263.0,,200,3603.4,,200,1180.0,,0.0,0.0,0.0,0.0,0.0,0.0,0.0,0.0,0.0,0.0,0.0,0.0,0.0,4.0,0.0,0.0,4.0,0.0,0.0,10727.0,0.0,0.0,0.0,10660.0,0.0,0.0,0.0,0.0,0.0,0.0
2026-09-27T11:42:46.209539+08:00,mqtt-connections-direct,48031,7.3,40624,,,,200,27.6,,,984.5,HTTP Error 503: Service Unavailable,200,683.9,,,4029.8,timed out,200,592.3,,0.0,0.0,0.0,0.0,0.0,0.0,0.0,0.0,0.0,0.0,0.0,0.0,0.0,4.0,0.0,0.0,4.0,0.0,0.0,10727.0,0.0,0.0,0.0,10660.0,0.0,0.0,0.0,0.0,0.0,0.0
2026-09-27T11:42:51.219860+08:00,mqtt-connections-direct,48031,12.5,53840,6908,1096,5597,200,33.4,,,1325.5,HTTP Error 503: Service Unavailable,200,510.2,,200,3719.9,,200,2232.4,,0.0,0.0,0.0,0.0,0.0,0.0,0.0,0.0,0.0,0.0,0.0,0.0,0.0,4.0,0.0,0.0,4.0,0.0,0.0,10727.0,0.0,0.0,0.0,10660.0,0.0,0.0,0.0,0.0,0.0,0.0
2026-09-27T11:42:57.804911+08:00,mqtt-connections-direct,48031,25.7,74800,,,,200,13.5,,,774.2,HTTP Error 503: Service Unavailable,200,127.1,,,4002.0,timed out,200,589.8,,0.0,0.0,0.0,0.0,0.0,0.0,0.0,0.0,0.0,0.0,0.0,0.0,0.0,4.0,0.0,0.0,4.0,0.0,0.0,10727.0,0.0,0.0,0.0,10660.0,0.0,0.0,0.0,0.0,0.0,0.0
2026-09-27T11:43:02.820840+08:00,mqtt-connections-direct,48031,25.0,95568,,,,200,13.7,,,1902.0,HTTP Error 503: Service Unavailable,200,206.8,,,4006.7,timed out,200,425.3,,0.0,0.0,0.0,0.0,0.0,0.0,0.0,0.0,0.0,0.0,0.0,0.0,0.0,4.0,0.0,0.0,4.0,0.0,0.0,10727.0,0.0,0.0,0.0,10660.0,0.0,0.0,0.0,0.0,0.0,0.0
2026-09-27T11:43:07.820984+08:00,mqtt-connections-direct,48031,12.9,85264,6578,1425,5934,200,38.5,,,1027.7,HTTP Error 503: Service Unavailable,200,139.4,,200,1680.4,,200,480.5,,0.0,0.0,0.0,0.0,0.0,0.0,0.0,0.0,0.0,0.0,0.0,0.0,0.0,4.0,0.0,0.0,4.0,0.0,0.0,10727.0,0.0,0.0,0.0,10660.0,0.0,0.0,0.0,0.0,0.0,0.0
2026-09-27T11:43:13.925525+08:00,mqtt-connections-direct,48031,18.1,54768,,,,200,17.4,,,551.2,HTTP Error 503: Service Unavailable,200,198.6,,,4013.7,timed out,200,583.7,,0.0,0.0,0.0,0.0,0.0,0.0,0.0,0.0,0.0,0.0,0.0,0.0,0.0,4.0,0.0,0.0,4.0,0.0,0.0,10727.0,0.0,0.0,0.0,10660.0,0.0,0.0,0.0,0.0,0.0,0.0
2026-09-27T11:43:18.939224+08:00,mqtt-connections-direct,48031,8.5,87536,,,,200,21.8,,,811.2,HTTP Error 503: Service Unavailable,200,714.5,,200,4000.8,,200,700.6,,0.0,0.0,0.0,0.0,0.0,0.0,0.0,0.0,0.0,0.0,0.0,0.0,0.0,4.0,0.0,0.0,4.0,0.0,0.0,10727.0,0.0,0.0,0.0,10660.0,0.0,0.0,0.0,0.0,0.0,0.0
2026-09-27T11:43:23.942024+08:00,mqtt-connections-direct,48031,5.7,85056,6706,1298,5752,200,39.7,,,1867.7,HTTP Error 503: Service Unavailable,200,471.0,,,4008.7,timed out,200,1228.1,,0.0,0.0,0.0,0.0,0.0,0.0,0.0,0.0,0.0,0.0,0.0,0.0,0.0,4.0,0.0,0.0,4.0,0.0,0.0,10727.0,0.0,0.0,0.0,10660.0,0.0,0.0,0.0,0.0,0.0,0.0
2026-09-27T11:43:30.193422+08:00,mqtt-connections-direct,48031,6.9,55168,,,,200,14.9,,,320.3,HTTP Error 503: Service Unavailable,200,586.9,,,4022.4,timed out,200,614.3,,0.0,0.0,0.0,0.0,0.0,0.0,0.0,0.0,0.0,0.0,0.0,0.0,0.0,4.0,0.0,0.0,4.0,0.0,0.0,10727.0,0.0,0.0,0.0,10660.0,0.0,0.0,0.0,0.0,0.0,0.0
2026-09-27T11:43:35.201688+08:00,mqtt-connections-direct,48031,13.1,103568,,,,200,16.5,,,654.5,HTTP Error 503: Service Unavailable,200,521.3,,,4003.8,timed out,200,938.5,,0.0,0.0,0.0,0.0,0.0,0.0,0.0,0.0,0.0,0.0,0.0,0.0,0.0,4.0,0.0,0.0,4.0,0.0,0.0,10727.0,0.0,0.0,0.0,10660.0,0.0,0.0,0.0,0.0,0.0,0.0
2026-09-27T11:43:40.205251+08:00,mqtt-connections-direct,48031,6.6,90896,6888,1115,5564,200,25.6,,,3019.0,HTTP Error 503: Service Unavailable,200,953.7,,,4024.3,timed out,200,1894.1,,0.0,0.0,0.0,0.0,0.0,0.0,0.0,0.0,0.0,0.0,0.0,0.0,0.0,4.0,0.0,0.0,4.0,0.0,0.0,10727.0,0.0,0.0,0.0,10660.0,0.0,0.0,0.0,0.0,0.0,0.0
2026-09-27T11:43:47.013896+08:00,mqtt-connections-direct,48031,10.2,93216,,,,200,17.5,,,2974.4,HTTP Error 503: Service Unavailable,200,249.7,,,4005.4,timed out,200,682.4,,0.0,0.0,0.0,0.0,0.0,0.0,0.0,0.0,0.0,0.0,0.0,0.0,0.0,4.0,0.0,0.0,4.0,0.0,0.0,10727.0,0.0,0.0,0.0,10660.0,0.0,0.0,0.0,0.0,0.0,0.0
2026-09-27T11:43:52.025559+08:00,mqtt-connections-direct,48031,9.3,54144,,,,200,21.8,,,1145.4,HTTP Error 503: Service Unavailable,200,385.3,,200,3379.8,,200,1292.2,,0.0,0.0,0.0,0.0,0.0,0.0,0.0,0.0,0.0,0.0,0.0,0.0,0.0,4.0,0.0,0.0,4.0,0.0,0.0,10727.0,0.0,0.0,0.0,10660.0,0.0,0.0,0.0,0.0,0.0,0.0
2026-09-27T11:43:57.024767+08:00,mqtt-connections-direct,48031,8.1,65536,6812,1192,5617,200,24.4,,,860.8,HTTP Error 503: Service Unavailable,200,322.5,,200,3530.6,,200,603.5,,0.0,0.0,0.0,0.0,0.0,0.0,0.0,0.0,0.0,0.0,0.0,0.0,0.0,4.0,0.0,0.0,4.0,0.0,0.0,10727.0,0.0,0.0,0.0,10660.0,0.0,0.0,0.0,0.0,0.0,0.0
2026-09-27T11:44:05.057466+08:00,mqtt-connections-direct,48031,4.6,88000,,,,200,18.7,,,1003.1,HTTP Error 503: Service Unavailable,200,685.0,,,4002.8,timed out,200,2318.7,,0.0,0.0,0.0,0.0,0.0,0.0,0.0,0.0,0.0,0.0,0.0,0.0,0.0,4.0,0.0,0.0,4.0,0.0,0.0,10727.0,0.0,0.0,0.0,10660.0,0.0,0.0,0.0,0.0,0.0,0.0
2026-09-27T11:44:10.072440+08:00,mqtt-connections-direct,48031,4.9,67392,,,,200,18.8,,,854.0,HTTP Error 503: Service Unavailable,200,375.0,,,4015.0,timed out,200,1565.3,,0.0,0.0,0.0,0.0,0.0,0.0,0.0,0.0,0.0,0.0,0.0,0.0,0.0,4.0,0.0,0.0,4.0,0.0,0.0,10727.0,0.0,0.0,0.0,10660.0,0.0,0.0,0.0,0.0,0.0,0.0
2026-09-27T11:44:15.070519+08:00,mqtt-connections-direct,48031,13.2,92352,6702,1302,5709,200,16.8,,,1375.7,HTTP Error 503: Service Unavailable,200,319.4,,,4003.8,timed out,200,975.5,,0.0,0.0,0.0,0.0,0.0,0.0,0.0,0.0,0.0,0.0,0.0,0.0,0.0,4.0,0.0,0.0,4.0,0.0,0.0,10727.0,0.0,0.0,0.0,10660.0,0.0,0.0,0.0,0.0,0.0,0.0
2026-09-27T11:44:22.833440+08:00,mqtt-connections-direct,48031,5.7,54848,,,,200,14.0,,,378.8,HTTP Error 503: Service Unavailable,200,329.2,,,4003.7,timed out,200,693.1,,0.0,0.0,0.0,0.0,0.0,0.0,0.0,0.0,0.0,0.0,0.0,0.0,0.0,4.0,0.0,0.0,4.0,0.0,0.0,10727.0,0.0,0.0,0.0,10660.0,0.0,0.0,0.0,0.0,0.0,0.0
2026-09-27T11:44:27.845113+08:00,mqtt-connections-direct,48031,4.8,39504,,,,200,20.1,,,2267.9,HTTP Error 503: Service Unavailable,200,1135.5,,,4021.1,timed out,200,1837.2,,0.0,0.0,0.0,0.0,0.0,0.0,0.0,0.0,0.0,0.0,0.0,0.0,0.0,4.0,0.0,0.0,4.0,0.0,0.0,10727.0,0.0,0.0,0.0,10660.0,0.0,0.0,0.0,0.0,0.0,0.0
2026-09-27T11:44:32.845720+08:00,mqtt-connections-direct,48031,22.7,101280,6832,1172,5495,200,29.7,,,2628.0,HTTP Error 503: Service Unavailable,200,2700.3,,,4005.7,timed out,,4005.5,timed out,0.0,0.0,0.0,0.0,0.0,0.0,0.0,0.0,0.0,0.0,0.0,0.0,0.0,4.0,0.0,0.0,4.0,0.0,0.0,10727.0,0.0,0.0,0.0,10660.0,0.0,0.0,0.0,0.0,0.0,0.0
2026-09-27T11:44:40.880708+08:00,mqtt-connections-direct,48031,10.5,51104,,,,200,11.7,,,2034.0,HTTP Error 503: Service Unavailable,200,874.1,,,4002.4,timed out,200,2316.7,,0.0,0.0,0.0,0.0,0.0,0.0,0.0,0.0,0.0,0.0,0.0,0.0,0.0,4.0,0.0,0.0,4.0,0.0,0.0,10727.0,0.0,0.0,0.0,10660.0,0.0,0.0,0.0,0.0,0.0,0.0
2026-09-27T11:44:45.891507+08:00,mqtt-connections-direct,48031,6.0,54800,,,,200,22.0,,,1040.2,HTTP Error 503: Service Unavailable,200,1115.8,,,4020.4,timed out,200,1694.4,,0.0,0.0,0.0,0.0,0.0,0.0,0.0,0.0,0.0,0.0,0.0,0.0,0.0,4.0,0.0,0.0,4.0,0.0,0.0,10727.0,0.0,0.0,0.0,10660.0,0.0,0.0,0.0,0.0,0.0,0.0
2026-09-27T11:44:50.893382+08:00,mqtt-connections-direct,48031,8.8,51632,6796,1208,5623,200,13.9,,,1388.9,HTTP Error 503: Service Unavailable,200,1851.7,,200,3413.1,,200,1408.3,,0.0,0.0,0.0,0.0,0.0,0.0,0.0,0.0,0.0,0.0,0.0,0.0,0.0,4.0,0.0,0.0,4.0,0.0,0.0,10727.0,0.0,0.0,0.0,10660.0,0.0,0.0,0.0,0.0,0.0,0.0
2026-09-27T11:44:56.988947+08:00,mqtt-connections-direct,48031,10.2,83744,,,,200,4.2,,,129.6,HTTP Error 503: Service Unavailable,200,62.5,,200,1249.5,,200,273.5,,0.0,0.0,0.0,0.0,0.0,0.0,0.0,0.0,0.0,0.0,0.0,0.0,0.0,4.0,0.0,0.0,4.0,0.0,0.0,10727.0,0.0,0.0,0.0,10660.0,0.0,0.0,0.0,0.0,0.0,0.0
2026-09-27T11:45:01.992334+08:00,mqtt-direct-recovery,48031,9.3,67280,,,,200,11.4,,,81.5,HTTP Error 503: Service Unavailable,200,58.9,,200,636.4,,200,197.9,,0.0,0.0,0.0,0.0,0.0,0.0,0.0,0.0,0.0,0.0,0.0,0.0,0.0,4.0,0.0,0.0,4.0,0.0,0.0,10727.0,0.0,0.0,0.0,10660.0,0.0,0.0,0.0,0.0,0.0,0.0
2026-09-27T11:45:06.991711+08:00,mqtt-direct-recovery,48031,23.7,97584,4826,3178,4071,200,13.7,,,55.3,HTTP Error 503: Service Unavailable,200,55.2,,200,438.7,,200,82.3,,0.0,0.0,0.0,0.0,0.0,0.0,0.0,0.0,0.0,0.0,0.0,0.0,0.0,4.0,0.0,0.0,4.0,0.0,0.0,10727.0,0.0,0.0,0.0,10660.0,0.0,0.0,0.0,0.0,0.0,0.0
2026-09-27T11:45:11.996439+08:00,mqtt-direct-recovery,48031,21.0,112144,,,,200,2.3,,,56.2,HTTP Error 503: Service Unavailable,200,46.8,,200,300.0,,200,78.5,,0.0,0.0,0.0,0.0,0.0,0.0,0.0,0.0,0.0,0.0,0.0,0.0,0.0,4.0,0.0,0.0,4.0,0.0,0.0,10727.0,0.0,0.0,0.0,10660.0,0.0,0.0,0.0,0.0,0.0,0.0
2026-09-27T11:45:16.998518+08:00,mqtt-direct-recovery,48031,39.3,119792,,,,200,3.4,,,49.0,HTTP Error 503: Service Unavailable,200,10.6,,200,231.8,,200,40.1,,0.0,0.0,0.0,0.0,0.0,0.0,0.0,0.0,0.0,0.0,0.0,0.0,0.0,4.0,0.0,0.0,4.0,0.0,0.0,10727.0,0.0,0.0,0.0,10660.0,0.0,0.0,0.0,0.0,0.0,0.0
2026-09-27T11:45:21.999609+08:00,mqtt-direct-recovery,48031,19.8,122128,4367,3637,3856,200,1.5,,,36.3,HTTP Error 503: Service Unavailable,200,23.1,,200,298.5,,200,67.0,,0.0,0.0,0.0,0.0,0.0,0.0,0.0,0.0,0.0,0.0,0.0,0.0,0.0,4.0,0.0,0.0,4.0,0.0,0.0,10727.0,0.0,0.0,0.0,10660.0,0.0,0.0,0.0,0.0,0.0,0.0
2026-09-27T11:45:27.009772+08:00,mqtt-direct-recovery,48031,23.2,122880,,,,200,5.0,,,15.8,HTTP Error 503: Service Unavailable,200,13.8,,200,212.5,,200,42.4,,0.0,0.0,0.0,0.0,0.0,0.0,0.0,0.0,0.0,0.0,0.0,0.0,0.0,4.0,0.0,0.0,4.0,0.0,0.0,10727.0,0.0,0.0,0.0,10660.0,0.0,0.0,0.0,0.0,0.0,0.0
2026-09-27T11:45:32.016327+08:00,mqtt-direct-recovery,48031,21.0,120288,,,,200,4.3,,,19.1,HTTP Error 503: Service Unavailable,200,18.1,,200,467.3,,200,50.1,,0.0,0.0,0.0,0.0,0.0,0.0,0.0,0.0,0.0,0.0,0.0,0.0,0.0,4.0,0.0,0.0,4.0,0.0,0.0,10727.0,0.0,0.0,0.0,10660.0,0.0,0.0,0.0,0.0,0.0,0.0
2026-09-27T11:45:37.021256+08:00,mqtt-direct-recovery,48031,15.9,117312,4373,3631,3788,200,10.6,,,18.1,HTTP Error 503: Service Unavailable,200,23.8,,200,297.0,,200,59.3,,0.0,0.0,0.0,0.0,0.0,0.0,0.0,0.0,0.0,0.0,0.0,0.0,0.0,4.0,0.0,0.0,4.0,0.0,0.0,10727.0,0.0,0.0,0.0,10660.0,0.0,0.0,0.0,0.0,0.0,0.0
2026-09-27T11:45:42.022042+08:00,mqtt-direct-recovery,48031,37.5,136160,,,,200,5.1,,,16.0,HTTP Error 503: Service Unavailable,200,16.5,,200,197.5,,200,37.0,,0.0,0.0,0.0,0.0,0.0,0.0,0.0,0.0,0.0,0.0,0.0,0.0,0.0,4.0,0.0,0.0,4.0,0.0,0.0,10727.0,0.0,0.0,0.0,10660.0,0.0,0.0,0.0,0.0,0.0,0.0
2026-09-27T11:45:47.025063+08:00,mqtt-direct-recovery,48031,23.8,120448,,,,200,5.8,,,22.9,HTTP Error 503: Service Unavailable,200,26.7,,200,202.3,,200,48.2,,0.0,0.0,0.0,0.0,0.0,0.0,0.0,0.0,0.0,0.0,0.0,0.0,0.0,4.0,0.0,0.0,4.0,0.0,0.0,10727.0,0.0,0.0,0.0,10660.0,0.0,0.0,0.0,0.0,0.0,0.0
2026-09-27T11:45:52.026075+08:00,mqtt-direct-recovery,48031,15.9,116576,4422,3582,3664,200,17.0,,,35.2,HTTP Error 503: Service Unavailable,200,78.3,,200,433.6,,200,122.8,,0.0,0.0,0.0,0.0,0.0,0.0,0.0,0.0,0.0,0.0,0.0,0.0,0.0,4.0,0.0,0.0,4.0,0.0,0.0,10727.0,0.0,0.0,0.0,10660.0,0.0,0.0,0.0,0.0,0.0,0.0
2026-09-27T11:45:57.031791+08:00,mqtt-direct-recovery,48031,20.8,109696,,,,200,13.3,,,48.7,HTTP Error 503: Service Unavailable,200,46.6,,200,514.2,,200,90.5,,0.0,0.0,0.0,0.0,0.0,0.0,0.0,0.0,0.0,0.0,0.0,0.0,0.0,4.0,0.0,0.0,4.0,0.0,0.0,10727.0,0.0,0.0,0.0,10660.0,0.0,0.0,0.0,0.0,0.0,0.0
2026-09-27T11:46:02.033698+08:00,mqtt-direct-recovery,48031,17.9,133216,,,,200,8.7,,,102.9,HTTP Error 503: Service Unavailable,200,39.9,,200,423.9,,200,94.7,,0.0,0.0,0.0,0.0,0.0,0.0,0.0,0.0,0.0,0.0,0.0,0.0,0.0,4.0,0.0,0.0,4.0,0.0,0.0,10727.0,0.0,0.0,0.0,10660.0,0.0,0.0,0.0,0.0,0.0,0.0
2026-09-27T11:46:07.035965+08:00,mqtt-direct-recovery,48031,27.8,118064,4354,3649,3590,200,3.4,,,21.3,HTTP Error 503: Service Unavailable,200,21.5,,200,260.3,,200,57.6,,0.0,0.0,0.0,0.0,0.0,0.0,0.0,0.0,0.0,0.0,0.0,0.0,0.0,4.0,0.0,0.0,4.0,0.0,0.0,10727.0,0.0,0.0,0.0,10660.0,0.0,0.0,0.0,0.0,0.0,0.0
2026-09-27T11:46:12.039682+08:00,mqtt-direct-recovery,,,,,,,,2.1,<urlopen error [Errno 61] Connection refused>,,1.7,<urlopen error [Errno 61] Connection refused>,,1.5,<urlopen error [Errno 61] Connection refused>,,5.7,<urlopen error [Errno 61] Connection refused>,,4.3,<urlopen error [Errno 61] Connection refused>,,,,,,,,,,,,,,,,,,,,,,,,,,,,,,
2026-09-27T11:46:17.049358+08:00,mqtt-direct-recovery,,,,,,,200,7.5,,200,70.3,,200,41.3,,200,299.3,,200,148.0,,0.0,0.0,0.0,0.0,,0.0,,,,,,0.0,0.0,4.0,0.0,0.0,4.0,0.0,0.0,0.0,,0.0,0.0,0.0,0.0,0.0,0.0,0.0,0.0,0.0
2026-09-27T11:46:22.044999+08:00,mqtt-direct-recovery,,,,4402,3602,3389,200,24.0,,200,65.7,,200,31.0,,200,304.8,,200,125.5,,0.0,0.0,0.0,0.0,,0.0,,,,,,0.0,0.0,4.0,0.0,0.0,4.0,0.0,0.0,0.0,,0.0,0.0,0.0,0.0,0.0,0.0,0.0,0.0,0.0
2026-09-27T11:46:27.046187+08:00,mqtt-sustain-50,,,,,,,200,6.0,,200,40.1,,200,27.6,,200,337.0,,200,108.2,,0.0,0.0,0.0,0.0,0.0,44.0,0.0,0.0,44.0,0.0,0.0,0.0,4.0,4.0,0.0,45.01453275034725,4.0,0.0,0.0,0.0,46.0,0.0,0.0,47.0,0.0,0.0,0.0,0.0,0.0,0.0
2026-09-27T11:46:32.048614+08:00,mqtt-sustain-50,,,,,,,200,12.5,,200,79.7,,200,53.9,,200,311.3,,200,123.0,,0.0,0.0,0.0,0.0,0.0,44.0,0.0,0.0,44.0,0.0,0.0,0.0,5.0,4.0,0.0,49.37837761334581,4.0,0.0,0.0,0.0,46.0,0.0,0.0,294.0,0.0,0.0,0.0,0.0,0.0,0.0
2026-09-27T11:46:37.052468+08:00,mqtt-sustain-50,,,,4763,3241,3294,200,16.4,,200,198.9,,200,281.1,,200,1085.4,,200,584.0,,0.0,0.0,0.0,0.0,0.0,44.0,0.0,0.0,44.0,0.0,0.0,0.0,15.0,4.0,0.0,46.26876990809539,4.0,0.0,0.0,223.0,46.0,0.0,0.0,534.0,0.0,0.0,0.0,0.0,0.0,0.0
2026-09-27T11:46:42.060719+08:00,mqtt-sustain-50,,,,,,,200,6.2,,200,165.3,,200,421.4,,200,1263.9,,200,348.9,,0.0,0.0,0.0,0.0,0.0,44.0,0.0,0.0,44.0,0.0,0.0,0.0,246.0,4.0,0.0,28.798510397049714,4.0,0.0,0.0,675.0,46.0,0.0,0.0,678.0,0.0,0.0,0.0,0.0,0.0,0.0
2026-09-27T11:46:47.065247+08:00,mqtt-sustain-50,,,,,,,200,13.7,,200,316.9,,200,114.1,,200,718.2,,200,338.9,,0.0,0.0,0.0,0.0,0.0,494.0,0.0,0.0,14.0,0.0,480.0,0.0,439.0,4.0,0.0,30.58763316909114,4.0,0.0,0.0,830.0,494.0,0.0,0.0,831.0,0.0,0.0,0.0,0.0,0.0,0.0
2026-09-27T11:46:52.068382+08:00,mqtt-sustain-50,52967,35.4,97760,5012,2992,3119,200,9.3,,200,153.2,,200,131.7,,200,1272.2,,200,598.7,,0.0,0.0,0.0,0.0,0.0,494.0,0.0,0.0,14.0,0.0,480.0,0.0,439.0,4.0,0.0,40.22903787642878,4.0,0.0,0.0,1026.0,494.0,0.0,0.0,1025.0,0.0,0.0,0.0,0.0,0.0,0.0
2026-09-27T11:46:57.068325+08:00,mqtt-sustain-50,52967,45.7,111664,,,,200,5.2,,200,134.9,,200,70.0,,200,621.4,,200,160.4,,0.0,0.0,0.0,0.0,0.0,494.0,0.0,0.0,14.0,0.0,480.0,0.0,563.0,4.0,0.0,47.19187553165385,4.0,0.0,0.0,1263.0,494.0,0.0,0.0,1261.0,0.0,0.0,0.0,0.0,0.0,0.0
2026-09-27T11:47:02.078425+08:00,mqtt-sustain-50,52967,47.3,117232,,,,200,15.9,,200,101.2,,200,66.6,,200,579.8,,200,299.5,,0.0,0.0,0.0,0.0,0.0,200.0,0.0,0.0,15.0,0.0,185.0,0.0,601.0,4.0,0.0,58.75409257158675,4.0,0.0,0.0,1561.0,185.0,0.0,0.0,1556.0,0.0,0.0,0.0,0.0,0.0,0.0
2026-09-27T11:47:07.076796+08:00,mqtt-sustain-50,52967,31.3,99024,5087,2917,2984,200,12.7,,200,186.4,,200,134.0,,200,1442.0,,200,438.6,,0.0,0.0,0.0,0.0,0.0,200.0,0.0,0.0,15.0,0.0,185.0,0.0,489.0,4.0,0.0,50.85611504756122,4.0,0.0,0.0,1819.0,185.0,0.0,0.0,1808.0,0.0,0.0,0.0,0.0,0.0,0.0
2026-09-27T11:47:12.082385+08:00,mqtt-sustain-50,52967,54.3,100224,,,,200,6.6,,200,132.8,,200,156.2,,200,1162.7,,200,286.8,,0.0,0.0,0.0,0.0,0.0,200.0,0.0,0.0,15.0,0.0,185.0,0.0,373.0,4.0,0.0,57.213462327685704,4.0,0.0,0.0,2108.0,185.0,0.0,0.0,2094.0,0.0,0.0,0.0,0.0,0.0,0.0
2026-09-27T11:47:17.082124+08:00,mqtt-sustain-50,52967,47.1,96048,,,,200,13.7,,200,159.5,,200,69.1,,200,923.1,,200,809.1,,0.0,0.0,0.0,0.0,0.0,89.0,0.0,0.0,16.0,0.0,73.0,0.0,249.0,4.0,0.0,60.80425832894525,4.0,0.0,0.0,2425.0,73.0,0.0,0.0,2398.0,0.0,0.0,0.0,0.0,0.0,0.0
2026-09-27T11:47:22.084990+08:00,mqtt-sustain-50,52967,42.8,94432,5188,2815,2857,200,8.7,,200,106.3,,200,74.1,,200,823.7,,200,297.3,,0.0,0.0,0.0,0.0,0.0,89.0,0.0,0.0,16.0,0.0,73.0,0.0,129.0,4.0,0.0,65.70121569700731,4.0,0.0,0.0,2721.0,73.0,0.0,0.0,2692.0,0.0,0.0,0.0,0.0,0.0,0.0
2026-09-27T11:47:27.087243+08:00,mqtt-sustain-50,52967,38.1,81856,,,,200,14.2,,200,383.4,,200,63.7,,200,550.0,,200,224.9,,0.0,0.0,0.0,0.0,0.0,89.0,0.0,0.0,16.0,0.0,73.0,0.0,57.0,4.0,0.0,56.12617490729556,4.0,0.0,0.0,3005.0,73.0,0.0,0.0,2973.0,0.0,0.0,0.0,0.0,0.0,0.0
2026-09-27T11:47:32.088678+08:00,mqtt-sustain-50,52967,36.9,91232,,,,200,4.9,,200,192.2,,200,88.9,,200,905.8,,200,225.5,,0.0,0.0,0.0,0.0,0.0,58.0,0.0,0.0,12.0,0.0,46.0,0.0,32.0,4.0,0.0,54.27510725029063,4.0,0.0,0.0,3270.0,51.0,0.0,0.0,3244.0,0.0,0.0,0.0,0.0,0.0,0.0
2026-09-27T11:47:37.089306+08:00,mqtt-sustain-50,52967,40.5,92560,5233,2771,2785,200,24.6,,200,313.2,,200,93.8,,200,1022.4,,200,286.1,,0.0,0.0,0.0,0.0,0.0,58.0,0.0,0.0,12.0,0.0,46.0,0.0,13.0,4.0,0.0,48.17631042292455,4.0,0.0,0.0,3549.0,51.0,0.0,0.0,3503.0,0.0,0.0,0.0,0.0,0.0,0.0
2026-09-27T11:47:42.092966+08:00,mqtt-sustain-50,52967,45.3,103264,,,,200,1.9,,200,52.0,,200,30.6,,200,491.9,,200,107.5,,0.0,0.0,0.0,0.0,0.0,19.0,0.0,0.0,7.0,0.0,12.0,0.0,12.0,4.0,0.0,50.75892502511974,4.0,0.0,0.0,3806.0,25.0,0.0,0.0,3757.0,0.0,0.0,0.0,0.0,0.0,0.0
2026-09-27T11:47:47.099122+08:00,mqtt-sustain-50,52967,63.1,101520,,,,200,14.3,,200,124.9,,200,124.0,,200,437.3,,200,173.5,,0.0,0.0,0.0,0.0,0.0,19.0,0.0,0.0,7.0,0.0,12.0,0.0,15.0,4.0,0.0,49.25791185889961,4.0,0.0,0.0,4050.0,25.0,0.0,0.0,4004.0,0.0,0.0,0.0,0.0,0.0,0.0
2026-09-27T11:47:52.112443+08:00,mqtt-sustain-50,52967,34.6,93648,5198,2805,2739,200,48.8,,200,434.3,,200,422.5,,200,939.2,,200,493.5,,0.0,0.0,0.0,0.0,0.0,19.0,0.0,0.0,7.0,0.0,12.0,0.0,10.0,4.0,0.0,48.95559661249196,4.0,0.0,0.0,4308.0,25.0,0.0,0.0,4255.0,0.0,0.0,0.0,0.0,0.0,0.0
2026-09-27T11:47:57.108813+08:00,mqtt-sustain-50,52967,43.6,99440,,,,200,16.4,,200,63.0,,200,46.2,,200,295.1,,200,92.3,,0.0,0.0,0.0,0.0,0.0,14.0,0.0,0.0,1.0,0.0,13.0,0.0,13.0,4.0,0.0,48.14389850182958,4.0,0.0,0.0,4554.0,10.0,0.0,0.0,4495.0,0.0,0.0,0.0,0.0,0.0,0.0
2026-09-27T11:48:02.118673+08:00,mqtt-sustain-50,52967,37.8,92480,,,,200,13.2,,200,84.3,,200,54.7,,200,528.0,,200,180.9,,0.0,0.0,0.0,0.0,0.0,14.0,0.0,0.0,1.0,0.0,13.0,0.0,24.0,4.0,0.0,46.310121704800345,4.0,0.0,0.0,4781.0,10.0,0.0,0.0,4727.0,0.0,0.0,0.0,0.0,0.0,0.0
2026-09-27T11:48:07.134107+08:00,mqtt-sustain-50,52967,24.5,88240,5208,2795,2710,200,94.7,,200,688.2,,200,215.8,,200,1732.2,,200,757.6,,0.0,0.0,0.0,0.0,0.0,14.0,0.0,0.0,1.0,0.0,13.0,0.0,21.0,4.0,0.0,45.53337975698088,4.0,0.0,0.0,5037.0,10.0,0.0,0.0,4974.0,0.0,0.0,0.0,0.0,0.0,0.0
2026-09-27T11:48:12.125908+08:00,mqtt-sustain-50,52967,36.6,88384,,,,200,13.8,,200,77.6,,200,77.9,,200,604.0,,200,132.8,,0.0,0.0,0.0,0.0,0.0,14.0,0.0,0.0,1.0,0.0,13.0,0.0,11.0,4.0,0.0,50.45564795796028,4.0,0.0,0.0,5295.0,10.0,0.0,0.0,5226.0,0.0,0.0,0.0,0.0,0.0,0.0
2026-09-27T11:48:17.131931+08:00,mqtt-sustain-50,52967,36.4,86640,,,,200,3.6,,200,300.2,,200,86.0,,200,949.0,,200,300.0,,0.0,0.0,0.0,0.0,0.0,26.0,0.0,0.0,11.0,0.0,15.0,0.0,24.0,4.0,0.0,49.59783835757173,4.0,0.0,0.0,5539.0,19.0,0.0,0.0,5474.0,0.0,0.0,0.0,0.0,0.0,0.0
2026-09-27T11:48:22.133731+08:00,mqtt-sustain-50,52967,32.9,90416,5237,2767,2685,200,19.2,,200,138.0,,200,82.5,,200,781.8,,200,233.5,,0.0,0.0,0.0,0.0,0.0,26.0,0.0,0.0,11.0,0.0,15.0,0.0,21.0,4.0,0.0,45.94214599672223,4.0,0.0,0.0,5789.0,19.0,0.0,0.0,5719.0,0.0,0.0,0.0,0.0,0.0,0.0
2026-09-27T11:48:27.136368+08:00,mqtt-sustain-50,52967,34.0,89936,,,,200,12.1,,200,90.5,,200,44.4,,200,415.6,,200,193.6,,0.0,0.0,0.0,0.0,0.0,26.0,0.0,0.0,11.0,0.0,15.0,0.0,16.0,4.0,0.0,50.18671432205109,4.0,0.0,0.0,6041.0,19.0,0.0,0.0,5970.0,0.0,0.0,0.0,0.0,0.0,0.0
2026-09-27T11:48:32.142983+08:00,mqtt-sustain-50,52967,43.7,98352,,,,200,12.3,,200,108.5,,200,104.1,,200,624.4,,200,160.4,,0.0,0.0,0.0,0.0,0.0,17.0,0.0,0.0,7.0,0.0,10.0,0.0,12.0,4.0,0.0,49.5260048503217,4.0,0.0,0.0,6299.0,13.0,0.0,0.0,6218.0,0.0,0.0,0.0,0.0,0.0,0.0
2026-09-27T11:48:37.142803+08:00,mqtt-sustain-50,52967,35.2,91520,5211,2793,2655,200,16.9,,200,95.7,,200,27.0,,200,914.9,,200,260.1,,0.0,0.0,0.0,0.0,0.0,17.0,0.0,0.0,7.0,0.0,10.0,0.0,11.0,4.0,0.0,50.19679805585895,4.0,0.0,0.0,6549.0,13.0,0.0,0.0,6469.0,0.0,0.0,0.0,0.0,0.0,0.0
2026-09-27T11:48:42.148979+08:00,mqtt-sustain-50,52967,42.5,100368,,,,200,6.1,,200,133.0,,200,120.2,,200,515.0,,200,170.8,,0.0,0.0,0.0,0.0,0.0,14.0,0.0,0.0,5.0,0.0,9.0,0.0,11.0,4.0,0.0,49.846358359433225,4.0,0.0,0.0,6801.0,20.0,0.0,0.0,6718.0,0.0,0.0,0.0,0.0,0.0,0.0
2026-09-27T11:48:47.148589+08:00,mqtt-sustain-50,52967,36.6,88592,,,,200,12.9,,200,96.8,,200,67.4,,200,612.7,,200,128.5,,0.0,0.0,0.0,0.0,0.0,14.0,0.0,0.0,5.0,0.0,9.0,0.0,17.0,4.0,0.0,49.83098074792527,4.0,0.0,0.0,7045.0,20.0,0.0,0.0,6967.0,0.0,0.0,0.0,0.0,0.0,0.0
2026-09-27T11:48:52.149306+08:00,mqtt-sustain-50,52967,37.2,100768,5252,2751,2625,200,2.2,,200,62.3,,200,134.5,,200,1183.2,,200,202.1,,0.0,0.0,0.0,0.0,0.0,14.0,0.0,0.0,5.0,0.0,9.0,0.0,9.0,4.0,0.0,52.73504192281122,4.0,0.0,0.0,7301.0,20.0,0.0,0.0,7215.0,0.0,0.0,0.0,0.0,0.0,0.0
2026-09-27T11:48:57.150228+08:00,mqtt-sustain-50,52967,37.9,97824,,,,200,6.2,,200,50.7,,200,27.7,,200,646.5,,200,54.7,,0.0,0.0,0.0,0.0,0.0,14.0,0.0,0.0,5.0,0.0,9.0,0.0,18.0,4.0,0.0,48.59235440121075,4.0,0.0,0.0,7538.0,22.0,0.0,0.0,7458.0,0.0,0.0,0.0,0.0,0.0,0.0
2026-09-27T11:49:02.154029+08:00,mqtt-sustain-50,52967,31.7,95264,,,,200,15.5,,200,125.2,,200,61.0,,200,769.1,,200,228.2,,0.0,0.0,0.0,0.0,0.0,18.0,0.0,0.0,6.0,0.0,12.0,0.0,26.0,4.0,0.0,47.543705875058635,4.0,0.0,0.0,7780.0,22.0,0.0,0.0,7696.0,0.0,0.0,0.0,0.0,0.0,0.0
2026-09-27T11:49:07.159922+08:00,mqtt-sustain-50,52967,31.8,86928,5289,2715,2600,200,16.8,,200,262.6,,200,156.0,,200,954.1,,200,352.3,,0.0,0.0,0.0,0.0,0.0,18.0,0.0,0.0,6.0,0.0,12.0,0.0,42.0,4.0,0.0,41.52646885271645,4.0,0.0,0.0,8007.0,22.0,0.0,0.0,7927.0,0.0,0.0,0.0,0.0,0.0,0.0
2026-09-27T11:49:12.162566+08:00,mqtt-sustain-50,52967,32.1,84592,,,,200,18.6,,200,155.8,,200,131.0,,200,867.8,,200,279.9,,0.0,0.0,0.0,0.0,0.0,18.0,0.0,0.0,6.0,0.0,12.0,0.0,16.0,4.0,0.0,54.12041952750475,4.0,0.0,0.0,8295.0,22.0,0.0,0.0,8198.0,0.0,0.0,0.0,0.0,0.0,0.0
2026-09-27T11:49:17.162342+08:00,mqtt-sustain-50,52967,32.1,105488,,,,200,8.1,,200,61.1,,200,35.0,,200,394.6,,200,89.0,,0.0,0.0,0.0,0.0,0.0,21.0,0.0,0.0,11.0,0.0,10.0,0.0,13.0,4.0,0.0,51.038820974477616,4.0,0.0,0.0,8552.0,15.0,0.0,0.0,8453.0,0.0,0.0,0.0,0.0,0.0,0.0
2026-09-27T11:49:22.167470+08:00,mqtt-sustain-50,52967,42.7,103440,5262,2741,2585,200,23.2,,200,75.4,,200,53.2,,200,888.1,,200,135.9,,0.0,0.0,0.0,0.0,0.0,21.0,0.0,0.0,11.0,0.0,10.0,0.0,10.0,4.0,0.0,50.79548369782445,4.0,0.0,0.0,8811.0,15.0,0.0,0.0,8708.0,0.0,0.0,0.0,0.0,0.0,0.0
2026-09-27T11:49:27.175085+08:00,mqtt-sustain-50,52967,23.4,95008,,,,200,9.1,,200,55.9,,200,26.9,,200,330.4,,200,94.2,,0.0,0.0,0.0,0.0,0.0,0.0,0.0,0.0,0.0,0.0,0.0,0.0,1.0,4.0,0.0,17.140234682053578,4.0,0.0,0.0,9003.0,0.0,0.0,0.0,8897.0,0.0,0.0,0.0,0.0,0.0,0.0
2026-09-27T11:49:32.177742+08:00,mqtt-sustain-drain,52967,18.3,78704,,,,200,4.3,,200,25.6,,200,17.8,,200,254.3,,200,55.2,,0.0,0.0,0.0,0.0,0.0,0.0,0.0,0.0,0.0,0.0,0.0,0.0,2.0,4.0,0.0,0.0,4.0,0.0,0.0,9003.0,0.0,0.0,0.0,8897.0,0.0,0.0,0.0,0.0,0.0,0.0
2026-09-27T11:49:37.182916+08:00,mqtt-sustain-drain,52967,14.8,98960,4972,3032,2578,200,5.6,,200,37.0,,200,21.7,,200,342.4,,200,57.9,,0.0,0.0,0.0,0.0,0.0,0.0,0.0,0.0,0.0,0.0,0.0,0.0,2.0,4.0,0.0,0.0,4.0,0.0,0.0,9003.0,0.0,0.0,0.0,8897.0,0.0,0.0,0.0,0.0,0.0,0.0
2026-09-27T11:49:42.187365+08:00,mqtt-sustain-drain,52967,50.2,101024,,,,200,7.0,,200,40.9,,200,21.2,,200,272.7,,200,76.0,,0.0,0.0,0.0,0.0,0.0,0.0,0.0,0.0,0.0,0.0,0.0,0.0,2.0,4.0,0.0,0.0,4.0,0.0,0.0,9003.0,0.0,0.0,0.0,8897.0,0.0,0.0,0.0,0.0,0.0,0.0
2026-09-27T11:49:47.192238+08:00,after-mqtt-sustain,52967,19.3,101264,,,,200,4.1,,200,16.7,,200,11.0,,200,193.7,,200,36.0,,0.0,0.0,0.0,0.0,0.0,0.0,0.0,0.0,0.0,0.0,0.0,0.0,1.0,4.0,0.0,0.0,4.0,0.0,0.0,9003.0,0.0,0.0,0.0,8897.0,0.0,0.0,0.0,0.0,0.0,0.0
2026-09-27T11:49:52.196319+08:00,after-mqtt-sustain,52967,19.9,103296,4978,3026,2576,200,11.9,,200,45.7,,200,16.3,,200,356.4,,200,54.6,,0.0,0.0,0.0,0.0,0.0,0.0,0.0,0.0,0.0,0.0,0.0,0.0,2.0,4.0,0.0,0.0,4.0,0.0,0.0,9003.0,0.0,0.0,0.0,8897.0,0.0,0.0,0.0,0.0,0.0,0.0
2026-09-27T11:49:57.199556+08:00,before-dashboard-healthy,52967,23.7,105904,,,,200,23.2,,200,58.8,,200,47.2,,200,351.1,,200,75.5,,0.0,0.0,0.0,0.0,0.0,0.0,0.0,0.0,0.0,0.0,0.0,0.0,0.0,4.0,0.0,0.0,4.0,0.0,0.0,9003.0,0.0,0.0,0.0,8897.0,0.0,0.0,0.0,0.0,0.0,0.0
2026-09-27T11:50:02.202462+08:00,before-dashboard-healthy,52967,21.5,96496,,,,200,4.0,,200,23.7,,200,19.7,,200,196.5,,200,49.2,,0.0,0.0,0.0,0.0,0.0,0.0,0.0,0.0,0.0,0.0,0.0,0.0,0.0,4.0,0.0,0.0,4.0,0.0,0.0,9003.0,0.0,0.0,0.0,8897.0,0.0,0.0,0.0,0.0,0.0,0.0
2026-09-27T11:50:07.207858+08:00,read-dashboard-healthy,52967,28.7,102256,4968,3036,2569,200,3.9,,200,26.4,,200,27.3,,200,252.3,,200,50.0,,0.0,0.0,0.0,0.0,0.0,0.0,0.0,0.0,0.0,0.0,0.0,0.0,0.0,4.0,0.0,0.0,4.0,0.0,0.0,9003.0,0.0,0.0,0.0,8897.0,0.0,0.0,0.0,0.0,0.0,0.0
2026-09-27T11:50:12.212268+08:00,read-dashboard-healthy,52967,23.9,99280,,,,200,5.5,,200,32.7,,200,37.0,,200,216.9,,200,81.9,,0.0,0.0,0.0,0.0,0.0,0.0,0.0,0.0,0.0,0.0,0.0,0.0,0.0,4.0,0.0,0.0,4.0,0.0,0.0,9003.0,0.0,0.0,0.0,8897.0,0.0,0.0,0.0,0.0,0.0,0.0
2026-09-27T11:50:17.215445+08:00,read-dashboard-healthy,52967,18.8,101136,,,,200,7.2,,200,30.2,,200,33.0,,200,215.1,,200,50.9,,0.0,0.0,0.0,0.0,0.0,0.0,0.0,0.0,0.0,0.0,0.0,0.0,0.0,4.0,0.0,0.0,4.0,0.0,0.0,9003.0,0.0,0.0,0.0,8897.0,0.0,0.0,0.0,0.0,0.0,0.0
2026-09-27T11:50:22.216188+08:00,read-dashboard-healthy,52967,19.5,102544,5080,2924,2567,200,9.3,,200,31.1,,200,19.8,,200,239.6,,200,60.4,,0.0,0.0,0.0,0.0,0.0,0.0,0.0,0.0,0.0,0.0,0.0,0.0,0.0,4.0,0.0,0.0,4.0,0.0,0.0,9003.0,0.0,0.0,0.0,8897.0,0.0,0.0,0.0,0.0,0.0,0.0
2026-09-27T11:50:27.218450+08:00,read-dashboard-healthy,52967,16.6,101872,,,,200,6.1,,200,56.5,,200,53.8,,200,409.4,,200,82.9,,0.0,0.0,0.0,0.0,0.0,0.0,0.0,0.0,0.0,0.0,0.0,0.0,0.0,4.0,0.0,0.0,4.0,0.0,0.0,9003.0,0.0,0.0,0.0,8897.0,0.0,0.0,0.0,0.0,0.0,0.0
2026-09-27T11:50:32.224161+08:00,read-dashboard-healthy,52967,31.6,100688,,,,200,5.2,,200,78.5,,200,44.8,,200,722.7,,200,167.6,,0.0,0.0,0.0,0.0,0.0,0.0,0.0,0.0,0.0,0.0,0.0,0.0,0.0,4.0,0.0,0.0,4.0,0.0,0.0,9003.0,0.0,0.0,0.0,8897.0,0.0,0.0,0.0,0.0,0.0,0.0
2026-09-27T11:50:37.226434+08:00,read-dashboard-healthy,52967,17.2,100320,5082,2922,2564,200,21.7,,200,33.7,,200,64.4,,200,417.5,,200,161.2,,0.0,0.0,0.0,0.0,0.0,0.0,0.0,0.0,0.0,0.0,0.0,0.0,0.0,4.0,0.0,0.0,4.0,0.0,0.0,9003.0,0.0,0.0,0.0,8897.0,0.0,0.0,0.0,0.0,0.0,0.0
2026-09-27T11:50:42.229981+08:00,read-dashboard-healthy,52967,23.3,96928,,,,200,1.5,,200,42.6,,200,29.7,,200,240.4,,200,52.5,,0.0,0.0,0.0,0.0,0.0,0.0,0.0,0.0,0.0,0.0,0.0,0.0,0.0,4.0,0.0,0.0,4.0,0.0,0.0,9003.0,0.0,0.0,0.0,8897.0,0.0,0.0,0.0,0.0,0.0,0.0
2026-09-27T11:50:47.232126+08:00,read-dashboard-healthy,52967,13.1,95072,,,,200,4.9,,200,35.2,,200,41.6,,200,1318.1,,200,164.5,,0.0,0.0,0.0,0.0,0.0,0.0,0.0,0.0,0.0,0.0,0.0,0.0,0.0,4.0,0.0,0.0,4.0,0.0,0.0,9003.0,0.0,0.0,0.0,8897.0,0.0,0.0,0.0,0.0,0.0,0.0
2026-09-27T11:50:52.239095+08:00,read-dashboard-healthy,52967,15.9,96368,5305,2698,2562,200,16.6,,200,184.4,,200,210.0,,200,1390.7,,200,377.3,,0.0,0.0,0.0,0.0,0.0,0.0,0.0,0.0,0.0,0.0,0.0,0.0,0.0,4.0,0.0,0.0,4.0,0.0,0.0,9003.0,0.0,0.0,0.0,8897.0,0.0,0.0,0.0,0.0,0.0,0.0
2026-09-27T11:50:57.241698+08:00,read-dashboard-healthy,52967,17.9,104496,,,,200,4.9,,200,74.7,,200,168.4,,200,949.2,,200,208.9,,0.0,0.0,0.0,0.0,0.0,0.0,0.0,0.0,0.0,0.0,0.0,0.0,0.0,4.0,0.0,0.0,4.0,0.0,0.0,9003.0,0.0,0.0,0.0,8897.0,0.0,0.0,0.0,0.0,0.0,0.0
2026-09-27T11:51:02.244998+08:00,read-dashboard-healthy,52967,5.3,107888,,,,200,3.1,,200,3003.6,,,4002.1,timed out,,4002.5,timed out,,4005.1,timed out,0.0,0.0,0.0,0.0,0.0,0.0,0.0,0.0,0.0,0.0,0.0,0.0,0.0,4.0,0.0,0.0,4.0,0.0,0.0,9003.0,0.0,0.0,0.0,8897.0,0.0,0.0,0.0,0.0,0.0,0.0
2026-09-27T11:51:07.249135+08:00,read-dashboard-healthy,52967,9.2,67872,5585,2419,2546,200,26.6,,200,2912.3,,,4003.3,timed out,,4003.2,timed out,,4020.1,timed out,0.0,0.0,0.0,0.0,0.0,0.0,0.0,0.0,0.0,0.0,0.0,0.0,0.0,4.0,0.0,0.0,4.0,0.0,0.0,9003.0,0.0,0.0,0.0,8897.0,0.0,0.0,0.0,0.0,0.0,0.0
2026-09-27T11:51:12.252557+08:00,read-dashboard-healthy,52967,12.3,74768,,,,200,2.3,,,3003.8,HTTP Error 503: Service Unavailable,,4003.9,timed out,,4004.3,timed out,,4006.7,timed out,0.0,0.0,0.0,0.0,0.0,0.0,0.0,0.0,0.0,0.0,0.0,0.0,0.0,4.0,0.0,0.0,4.0,0.0,0.0,9003.0,0.0,0.0,0.0,8897.0,0.0,0.0,0.0,0.0,0.0,0.0
2026-09-27T11:51:17.259970+08:00,read-dashboard-healthy,52967,8.1,59680,,,,200,4.2,,,3009.0,HTTP Error 503: Service Unavailable,200,3405.1,,,4004.3,timed out,200,3715.3,,0.0,0.0,0.0,0.0,0.0,0.0,0.0,0.0,0.0,0.0,0.0,0.0,0.0,4.0,0.0,0.0,4.0,0.0,0.0,9003.0,0.0,0.0,0.0,8897.0,0.0,0.0,0.0,0.0,0.0,0.0
2026-09-27T11:51:22.262460+08:00,read-dashboard-healthy,52967,15.4,81840,5034,2970,2544,200,9.5,,200,27.1,,200,14.6,,200,257.0,,200,55.3,,0.0,0.0,0.0,0.0,0.0,0.0,0.0,0.0,0.0,0.0,0.0,0.0,0.0,4.0,0.0,0.0,4.0,0.0,0.0,9003.0,0.0,0.0,0.0,8897.0,0.0,0.0,0.0,0.0,0.0,0.0
2026-09-27T11:51:27.272958+08:00,read-dashboard-healthy,52967,12.7,109936,,,,200,8.0,,,3005.2,HTTP Error 503: Service Unavailable,,4002.1,timed out,,4006.3,timed out,,4006.3,timed out,0.0,0.0,0.0,0.0,0.0,0.0,0.0,0.0,0.0,0.0,0.0,0.0,0.0,4.0,0.0,0.0,4.0,0.0,0.0,9003.0,0.0,0.0,0.0,8897.0,0.0,0.0,0.0,0.0,0.0,0.0
2026-09-27T11:51:32.277174+08:00,read-dashboard-healthy,52967,12.7,101520,,,,200,9.2,,,3003.8,HTTP Error 503: Service Unavailable,,4002.1,timed out,,4007.5,timed out,,4007.1,timed out,0.0,0.0,0.0,0.0,0.0,0.0,0.0,0.0,0.0,0.0,0.0,0.0,0.0,4.0,0.0,0.0,4.0,0.0,0.0,9003.0,0.0,0.0,0.0,8897.0,0.0,0.0,0.0,0.0,0.0,0.0
2026-09-27T11:51:37.291593+08:00,read-dashboard-healthy,52967,15.7,78816,5510,2494,2538,200,5.6,,,3007.7,HTTP Error 503: Service Unavailable,,4003.7,timed out,,4002.8,timed out,,4017.3,timed out,0.0,0.0,0.0,0.0,0.0,0.0,0.0,0.0,0.0,0.0,0.0,0.0,0.0,4.0,0.0,0.0,4.0,0.0,0.0,9003.0,0.0,0.0,0.0,8897.0,0.0,0.0,0.0,0.0,0.0,0.0
2026-09-27T11:51:42.294955+08:00,read-dashboard-healthy,52967,16.4,74000,,,,200,6.8,,,3004.0,HTTP Error 503: Service Unavailable,,4001.1,timed out,,4001.3,timed out,,4008.1,timed out,0.0,0.0,0.0,0.0,0.0,0.0,0.0,0.0,0.0,0.0,0.0,0.0,0.0,4.0,0.0,0.0,4.0,0.0,0.0,9003.0,0.0,0.0,0.0,8897.0,0.0,0.0,0.0,0.0,0.0,0.0
2026-09-27T11:51:47.301264+08:00,read-dashboard-healthy,52967,15.2,80736,,,,200,4.2,,200,562.5,,200,1131.7,,200,1597.0,,200,1266.3,,0.0,0.0,0.0,0.0,0.0,0.0,0.0,0.0,0.0,0.0,0.0,0.0,0.0,4.0,0.0,0.0,4.0,0.0,0.0,9003.0,0.0,0.0,0.0,8897.0,0.0,0.0,0.0,0.0,0.0,0.0
2026-09-27T11:51:52.308204+08:00,before-state-population,52967,20.3,133632,4946,3058,2522,200,1.7,,200,37.2,,200,36.7,,200,274.2,,200,77.2,,0.0,0.0,0.0,0.0,0.0,0.0,0.0,0.0,0.0,0.0,0.0,0.0,0.0,4.0,0.0,0.0,4.0,0.0,0.0,9003.0,0.0,0.0,0.0,8897.0,0.0,0.0,0.0,0.0,0.0,0.0
2026-09-27T11:51:57.316290+08:00,before-state-population,52967,25.4,118384,,,,200,2.0,,200,19.4,,200,16.4,,200,191.2,,200,40.7,,0.0,0.0,0.0,0.0,0.0,0.0,0.0,0.0,0.0,0.0,0.0,0.0,0.0,4.0,0.0,0.0,4.0,0.0,0.0,9003.0,0.0,0.0,0.0,8897.0,0.0,0.0,0.0,0.0,0.0,0.0
2026-09-27T11:52:02.318101+08:00,all-devices-state-population,52967,66.7,139280,,,,200,5.9,,200,178.0,,200,479.3,,200,915.1,,200,616.2,,0.0,0.0,0.0,0.0,0.0,0.0,0.0,0.0,0.0,0.0,0.0,0.0,1.0,4.0,0.0,223.95433562427422,4.0,0.0,0.0,9276.0,0.0,0.0,0.0,9393.0,0.0,0.0,0.0,0.0,0.0,0.0
2026-09-27T11:52:07.321305+08:00,all-devices-state-population,52967,81.1,206800,5195,2809,2517,200,1.9,,200,1233.9,,200,669.5,,200,894.8,,200,892.7,,0.0,0.0,0.0,0.0,0.0,0.0,0.0,0.0,0.0,0.0,0.0,0.0,5.0,4.0,0.0,302.9410463850246,4.0,0.0,0.0,10195.0,0.0,0.0,0.0,10699.0,0.0,0.0,0.0,0.0,0.0,0.0
2026-09-27T11:52:12.328532+08:00,all-devices-state-population,52967,52.0,204000,,,,200,16.9,,200,286.4,,200,741.1,,200,895.4,,200,1132.2,,0.0,0.0,0.0,0.0,0.0,2929.0,0.0,0.0,1295.0,0.0,1634.0,0.0,10.0,4.0,0.0,258.7456997129499,4.0,0.0,0.0,11055.0,2895.0,0.0,0.0,11998.0,0.0,0.0,0.0,0.0,0.0,0.0
2026-09-27T11:52:17.333201+08:00,all-devices-state-population,52967,67.5,190896,,,,200,3.9,,200,390.1,,200,502.4,,200,605.6,,200,722.4,,0.0,0.0,0.0,0.0,0.0,2929.0,0.0,0.0,1295.0,0.0,1634.0,0.0,13.0,4.0,0.0,186.12008776352698,4.0,0.0,0.0,11716.0,2895.0,0.0,2.0,12927.0,0.0,0.0,0.0,0.0,0.0,0.0
2026-09-27T11:52:22.339041+08:00,all-devices-state-population,52967,51.5,194688,5070,2934,2504,200,34.6,,200,231.4,,200,1356.4,,200,871.6,,200,966.2,,0.0,0.0,0.0,0.0,0.0,2929.0,0.0,0.0,1295.0,0.0,1634.0,0.0,14.0,4.0,0.0,217.05879136782485,4.0,0.0,0.0,12517.0,2895.0,0.0,8.0,14018.0,2.0,0.0,0.0,0.0,0.0,0.0
2026-09-27T11:52:27.346198+08:00,all-devices-state-population,52967,51.9,195472,,,,200,10.5,,200,167.2,,200,471.0,,200,567.2,,200,628.2,,0.0,0.0,0.0,0.0,0.0,2929.0,0.0,0.0,1295.0,0.0,1634.0,0.0,21.0,4.0,0.0,207.66532778609238,4.0,0.0,0.0,13358.0,5622.0,0.0,8.0,15054.0,4.0,0.0,0.0,0.0,0.0,0.0
2026-09-27T11:52:32.349606+08:00,all-devices-state-population,52967,34.6,174944,,,,200,3.9,,200,285.4,,200,560.8,,200,648.7,,200,800.9,,0.0,0.0,0.0,0.0,0.0,5637.0,0.0,0.0,2208.0,0.0,3429.0,0.0,17.0,4.0,0.0,225.21310690323634,4.0,0.0,0.0,14140.0,5622.0,0.0,15.0,16181.0,4.0,0.0,0.0,0.0,0.0,0.0
2026-09-27T11:52:37.364296+08:00,all-devices-state-population,52967,42.0,181024,5002,3002,2491,200,11.1,,200,257.4,,200,660.2,,200,975.0,,200,1037.5,,0.0,0.0,0.0,0.0,0.0,5637.0,0.0,0.0,2208.0,0.0,3429.0,0.0,13.0,4.0,0.0,237.41394843563023,4.0,0.0,0.0,14911.0,5622.0,0.0,23.0,17304.0,5.0,0.0,0.0,0.0,0.0,0.0
2026-09-27T11:52:42.368333+08:00,all-devices-state-population,52967,63.9,190064,,,,200,4.1,,200,210.4,,200,532.1,,200,573.7,,200,926.4,,0.0,0.0,0.0,0.0,0.0,8276.0,0.0,0.0,3200.0,0.0,5076.0,0.0,12.0,4.0,0.0,201.32535364369227,4.0,0.0,0.0,15578.0,8286.0,0.0,41.0,18312.0,7.0,0.0,0.0,0.0,0.0,0.0
2026-09-27T11:52:47.371315+08:00,all-devices-state-population,52967,61.3,203216,,,,200,10.8,,200,337.1,,200,583.5,,200,854.9,,200,856.3,,0.0,0.0,0.0,0.0,0.0,8276.0,0.0,0.0,3200.0,0.0,5076.0,0.0,15.0,4.0,0.0,221.06093121717583,4.0,0.0,0.0,16326.0,8286.0,0.0,55.0,19419.0,8.0,0.0,0.0,0.0,0.0,0.0
2026-09-27T11:52:52.377460+08:00,all-devices-state-population,52967,54.8,208384,5063,2941,2478,200,6.1,,200,296.4,,200,830.5,,200,1010.1,,200,1267.8,,0.0,0.0,0.0,0.0,0.0,8276.0,0.0,0.0,3200.0,0.0,5076.0,0.0,27.0,4.0,0.0,196.5664857450871,4.0,0.0,0.0,17096.0,8286.0,0.0,69.0,20449.0,11.0,0.0,0.0,0.0,0.0,0.0
2026-09-27T11:52:57.385239+08:00,all-devices-state-population,52967,77.6,189632,,,,200,9.0,,200,351.8,,200,627.5,,200,781.4,,200,879.2,,0.0,0.0,0.0,0.0,0.0,11011.0,0.0,0.0,4272.0,0.0,6739.0,0.0,22.0,4.0,0.0,217.05283484330988,4.0,0.0,0.0,17747.0,11015.0,0.0,83.0,21536.0,14.0,0.0,0.0,0.0,0.0,0.0
2026-09-27T11:53:02.387713+08:00,all-devices-state-population,52967,53.9,200144,,,,200,12.4,,200,303.1,,200,613.6,,200,882.8,,200,1516.5,,0.0,0.0,0.0,0.0,0.0,11011.0,0.0,0.0,4272.0,0.0,6739.0,0.0,30.0,4.0,0.0,266.73187667869627,4.0,0.0,0.0,18397.0,11015.0,0.0,85.0,22870.0,14.0,0.0,0.0,0.0,0.0,0.0
2026-09-27T11:53:07.398606+08:00,all-devices-state-population,52967,62.0,207440,4922,3081,2474,200,1.9,,200,286.3,,200,604.9,,200,854.4,,200,837.0,,0.0,0.0,0.0,0.0,0.0,11011.0,0.0,0.0,4272.0,0.0,6739.0,0.0,25.0,4.0,0.0,250.57595522984116,4.0,0.0,0.0,19181.0,11015.0,0.0,90.0,23940.0,15.0,0.0,0.0,0.0,0.0,0.0
2026-09-27T11:53:12.405339+08:00,all-devices-state-population,52967,75.0,209120,,,,200,6.2,,200,153.5,,200,546.0,,200,680.6,,200,873.4,,0.0,0.0,0.0,0.0,0.0,14017.0,0.0,0.0,5663.0,0.0,8354.0,0.0,28.0,4.0,0.0,239.86874926887592,4.0,0.0,0.0,19976.0,11015.0,0.0,101.0,25141.0,15.0,0.0,0.0,0.0,0.0,0.0
2026-09-27T11:53:17.413155+08:00,all-devices-state-population,52967,64.8,202768,,,,200,2.0,,200,156.3,,200,499.2,,200,892.4,,200,721.1,,0.0,0.0,0.0,0.0,0.0,14017.0,0.0,0.0,5663.0,0.0,8354.0,0.0,27.0,4.0,0.0,230.22388131122125,4.0,0.0,0.0,20802.0,14041.0,0.0,108.0,26294.0,16.0,0.0,0.0,0.0,0.0,0.0
2026-09-27T11:53:22.421088+08:00,all-devices-state-population,52967,61.0,205664,5014,2990,2464,200,7.6,,200,386.2,,200,922.1,,200,1228.6,,200,1202.9,,0.0,0.0,0.0,0.0,0.0,14017.0,0.0,0.0,5663.0,0.0,8354.0,0.0,26.0,4.0,0.0,209.3030191576157,4.0,0.0,0.0,21554.0,14041.0,0.0,121.0,27385.0,16.0,0.0,0.0,0.0,0.0,0.0
2026-09-27T11:53:27.433300+08:00,all-devices-state-population,52967,54.7,176928,,,,200,11.7,,200,247.3,,200,479.1,,200,767.3,,200,830.0,,0.0,0.0,0.0,0.0,0.0,16863.0,0.0,0.0,6759.0,0.0,10104.0,0.0,23.0,4.0,0.0,178.2099488909353,4.0,0.0,0.0,22236.0,16863.0,0.0,136.0,28278.0,17.0,0.0,0.0,0.0,0.0,0.0
2026-09-27T11:53:32.443993+08:00,all-devices-state-population,52967,59.1,198032,,,,200,16.2,,200,173.8,,200,676.7,,200,941.3,,200,1000.0,,0.0,0.0,0.0,0.0,0.0,16863.0,0.0,0.0,6759.0,0.0,10104.0,0.0,24.0,4.0,0.0,182.8551906029455,4.0,0.0,0.0,22775.0,16863.0,0.0,160.0,29195.0,17.0,0.0,0.0,0.0,0.0,0.0
2026-09-27T11:53:37.445997+08:00,all-devices-state-population,52967,48.4,201504,5004,3000,2457,200,9.5,,200,478.4,,200,767.8,,200,913.5,,200,1027.7,,0.0,0.0,0.0,0.0,0.0,16863.0,0.0,0.0,6759.0,0.0,10104.0,0.0,22.0,4.0,0.0,166.33193008076668,4.0,0.0,0.0,23411.0,16863.0,0.0,176.0,30021.0,19.0,0.0,0.0,0.0,0.0,0.0
2026-09-27T11:53:42.458581+08:00,all-devices-state-population,52967,71.2,220912,,,,200,16.9,,200,313.4,,200,727.0,,200,736.5,,200,709.8,,0.0,0.0,0.0,0.0,0.0,19434.0,0.0,0.0,7601.0,0.0,11833.0,0.0,17.0,4.0,0.0,251.20986749360944,4.0,0.0,0.0,24333.0,19432.0,0.0,194.0,31281.0,22.0,0.0,0.0,0.0,0.0,0.0
2026-09-27T11:53:47.456788+08:00,all-devices-state-population,52967,51.1,197888,,,,200,2.4,,200,190.4,,200,491.0,,200,786.4,,200,765.1,,0.0,0.0,0.0,0.0,0.0,19434.0,0.0,0.0,7601.0,0.0,11833.0,0.0,27.0,4.0,0.0,194.33590961977777,4.0,0.0,0.0,25089.0,19432.0,0.0,200.0,32251.0,22.0,0.0,0.0,0.0,0.0,0.0
2026-09-27T11:53:52.467490+08:00,all-devices-state-population,52967,35.1,187472,4961,3043,2449,200,5.3,,200,388.4,,200,975.5,,200,864.6,,200,1025.7,,0.0,0.0,0.0,0.0,0.0,19434.0,0.0,0.0,7601.0,0.0,11833.0,0.0,19.0,4.0,0.0,138.92915836854502,4.0,0.0,0.0,25687.0,19432.0,0.0,217.0,33056.0,23.0,0.0,0.0,0.0,0.0,0.0
2026-09-27T11:53:57.469432+08:00,all-devices-state-population,52967,66.1,197712,,,,200,5.5,,200,139.8,,200,407.2,,200,526.2,,200,632.7,,0.0,0.0,0.0,0.0,0.0,21976.0,0.0,0.0,8438.0,0.0,13538.0,0.0,23.0,4.0,0.0,196.62936994849295,4.0,0.0,0.0,26405.0,21982.0,0.0,244.0,34040.0,24.0,0.0,0.0,0.0,0.0,0.0
2026-09-27T11:54:02.480645+08:00,all-devices-state-population,52967,56.4,205952,,,,200,10.3,,200,182.6,,200,412.5,,200,568.2,,200,646.3,,0.0,0.0,0.0,0.0,0.0,21976.0,0.0,0.0,8438.0,0.0,13538.0,0.0,16.0,4.0,0.0,274.0726681805767,4.0,0.0,0.0,27144.0,21982.0,0.0,251.0,35413.0,25.0,0.0,0.0,0.0,0.0,0.0
2026-09-27T11:54:07.491732+08:00,all-devices-state-population,52967,53.5,181824,4971,3033,2441,200,23.2,,200,408.6,,200,870.2,,200,834.7,,200,1118.1,,0.0,0.0,0.0,0.0,0.0,21976.0,0.0,0.0,8438.0,0.0,13538.0,0.0,34.0,4.0,0.0,229.30858318900096,4.0,0.0,0.0,28005.0,21982.0,0.0,253.0,36580.0,25.0,0.0,0.0,0.0,0.0,0.0
2026-09-27T11:54:12.499006+08:00,all-devices-state-population,52967,64.9,202944,,,,200,14.1,,200,130.2,,200,508.5,,200,800.7,,200,951.4,,0.0,0.0,0.0,0.0,0.0,25098.0,0.0,0.0,9588.0,0.0,15510.0,0.0,38.0,4.0,0.0,200.9571390569547,4.0,0.0,0.0,28800.0,25097.0,0.0,262.0,37587.0,25.0,0.0,0.0,0.0,0.0,0.0
2026-09-27T11:54:17.503827+08:00,all-devices-state-population,52967,81.2,206416,,,,200,14.5,,200,343.7,,200,644.3,,200,861.8,,200,834.3,,0.0,0.0,0.0,0.0,0.0,25098.0,0.0,0.0,9588.0,0.0,15510.0,0.0,35.0,4.0,0.0,217.61309297339798,4.0,0.0,0.0,29606.0,25097.0,0.0,280.0,38677.0,29.0,0.0,0.0,0.0,0.0,0.0
2026-09-27T11:54:22.506858+08:00,all-devices-state-population,52967,44.3,203728,4995,3008,2435,200,24.8,,200,305.6,,200,787.4,,200,1233.9,,200,1292.7,,0.0,0.0,0.0,0.0,0.0,25098.0,0.0,0.0,9588.0,0.0,15510.0,0.0,18.0,4.0,0.0,206.0058346670689,4.0,0.0,0.0,30245.0,25097.0,0.0,287.0,39680.0,32.0,0.0,0.0,0.0,0.0,0.0
2026-09-27T11:54:27.515573+08:00,all-devices-state-population,52967,57.7,209584,,,,200,5.5,,200,203.0,,200,517.0,,200,704.4,,200,721.9,,0.0,0.0,0.0,0.0,0.0,27367.0,0.0,0.0,10498.0,0.0,16869.0,0.0,22.0,4.0,0.0,201.71051515417648,4.0,0.0,0.0,30797.0,27370.0,0.0,300.0,40690.0,32.0,0.0,0.0,0.0,0.0,0.0
2026-09-27T11:54:32.527904+08:00,all-devices-state-population,52967,64.5,220784,,,,200,14.1,,200,216.8,,200,691.2,,200,734.0,,200,818.8,,0.0,0.0,0.0,0.0,0.0,27367.0,0.0,0.0,10498.0,0.0,16869.0,0.0,31.0,4.0,0.0,254.09199587257106,4.0,0.0,0.0,31405.0,27370.0,0.0,306.0,41966.0,32.0,0.0,0.0,0.0,0.0,0.0
2026-09-27T11:54:37.535383+08:00,all-devices-state-population,52967,55.8,199104,4985,3019,2429,200,18.7,,200,229.7,,200,747.8,,200,720.7,,200,957.7,,0.0,0.0,0.0,0.0,0.0,27367.0,0.0,0.0,10498.0,0.0,16869.0,0.0,34.0,4.0,0.0,217.26059437376674,4.0,0.0,0.0,32173.0,27370.0,0.0,311.0,43050.0,32.0,0.0,0.0,0.0,0.0,0.0
2026-09-27T11:54:42.538720+08:00,all-devices-state-population,52967,94.6,217040,,,,200,9.0,,200,180.9,,200,452.4,,200,738.3,,200,607.6,,0.0,0.0,0.0,0.0,0.0,30691.0,0.0,0.0,11966.0,0.0,18725.0,0.0,16.0,4.0,0.0,228.84892529319353,4.0,0.0,0.0,33085.0,30630.0,0.0,317.0,44192.0,32.0,0.0,0.0,0.0,0.0,0.0
2026-09-27T11:54:47.549045+08:00,all-devices-state-population,52967,48.5,204688,,,,200,2.4,,200,243.4,,200,529.9,,200,881.4,,200,1178.3,,0.0,0.0,0.0,0.0,0.0,30691.0,0.0,0.0,11966.0,0.0,18725.0,0.0,30.0,4.0,0.0,210.65146838246014,4.0,0.0,0.0,33847.0,30630.0,0.0,327.0,45247.0,32.0,0.0,0.0,0.0,0.0,0.0
2026-09-27T11:54:52.557230+08:00,all-devices-state-population,52967,80.5,220672,5002,3002,2419,200,18.5,,200,1285.9,,200,533.9,,200,705.8,,200,728.6,,0.0,0.0,0.0,0.0,0.0,30691.0,0.0,0.0,11966.0,0.0,18725.0,0.0,31.0,4.0,0.0,287.62314467785563,4.0,0.0,0.0,34815.0,30630.0,0.0,330.0,46527.0,32.0,0.0,0.0,0.0,0.0,0.0
2026-09-27T11:54:57.567937+08:00,all-devices-state-population,52967,68.9,211824,,,,200,54.6,,200,338.1,,200,623.8,,200,853.0,,200,829.1,,0.0,0.0,0.0,0.0,0.0,33757.0,0.0,0.0,13008.0,0.0,20749.0,0.0,22.0,4.0,0.0,266.06356705276346,4.0,0.0,0.0,35686.0,33770.0,0.0,336.0,47860.0,33.0,0.0,0.0,0.0,0.0,0.0
2026-09-27T11:55:02.576735+08:00,all-devices-state-population,52967,64.4,186560,,,,200,3.4,,200,178.1,,200,556.7,,200,964.1,,200,816.4,,0.0,0.0,0.0,0.0,0.0,33757.0,0.0,0.0,13008.0,0.0,20749.0,0.0,18.0,4.0,0.0,245.31028041452913,4.0,0.0,0.0,36484.0,33770.0,0.0,341.0,49088.0,33.0,0.0,0.0,0.0,0.0,0.0
2026-09-27T11:55:07.578397+08:00,all-devices-state-population,52967,61.3,210912,4996,3008,2415,200,17.5,,200,346.1,,200,655.7,,200,1009.2,,200,1197.3,,0.0,0.0,0.0,0.0,0.0,33757.0,0.0,0.0,13008.0,0.0,20749.0,0.0,9.0,4.0,0.0,230.77150609342547,4.0,0.0,0.0,37474.0,33770.0,0.0,348.0,50262.0,34.0,0.0,0.0,0.0,0.0,0.0
2026-09-27T11:55:12.583600+08:00,all-devices-state-population,52967,62.9,202720,,,,200,8.0,,200,390.4,,200,401.0,,200,602.5,,200,835.8,,0.0,0.0,0.0,0.0,0.0,36860.0,0.0,0.0,13978.0,0.0,22882.0,0.0,6.0,4.0,0.0,211.38238006411203,4.0,0.0,0.0,38270.0,36899.0,0.0,357.0,51320.0,35.0,0.0,0.0,0.0,0.0,0.0
2026-09-27T11:55:17.589441+08:00,all-devices-state-population,52967,60.9,210064,,,,200,2.3,,200,177.5,,200,533.9,,200,740.1,,200,728.8,,0.0,0.0,0.0,0.0,0.0,36860.0,0.0,0.0,13978.0,0.0,22882.0,0.0,19.0,4.0,0.0,229.67161168576047,4.0,0.0,0.0,38986.0,36899.0,0.0,366.0,52469.0,38.0,0.0,0.0,0.0,0.0,0.0
2026-09-27T11:55:22.589742+08:00,all-devices-state-population,52967,21.2,164080,5079,2924,2412,200,5.2,,200,309.6,,200,1120.0,,200,1345.9,,200,1596.1,,0.0,0.0,0.0,0.0,0.0,36860.0,0.0,0.0,13978.0,0.0,22882.0,0.0,35.0,4.0,0.0,138.46625568733222,4.0,0.0,0.0,39508.0,36899.0,0.0,377.0,53253.0,38.0,0.0,0.0,0.0,0.0,0.0
2026-09-27T11:55:27.601572+08:00,all-devices-state-population,52967,57.2,177936,,,,200,3.0,,200,355.0,,200,698.2,,200,857.6,,200,1113.6,,0.0,0.0,0.0,0.0,0.0,39179.0,0.0,0.0,14899.0,0.0,24280.0,0.0,23.0,4.0,0.0,97.41425779929763,4.0,0.0,0.0,39868.0,39186.0,0.0,450.0,53741.0,41.0,0.0,0.0,0.0,0.0,0.0
2026-09-27T11:55:32.609263+08:00,all-devices-state-population,52967,61.9,205488,,,,200,5.8,,200,208.6,,200,440.8,,200,787.6,,200,747.2,,0.0,0.0,0.0,0.0,0.0,39179.0,0.0,0.0,14899.0,0.0,24280.0,0.0,27.0,4.0,0.0,220.2488150704105,4.0,0.0,0.0,40546.0,39186.0,0.0,482.0,54844.0,42.0,0.0,0.0,0.0,0.0,0.0
2026-09-27T11:55:37.618276+08:00,all-devices-state-population,52967,65.7,209040,5058,2945,2405,200,3.3,,200,194.1,,200,635.8,,200,759.0,,200,827.5,,0.0,0.0,0.0,0.0,0.0,39179.0,0.0,0.0,14899.0,0.0,24280.0,0.0,14.0,4.0,0.0,258.2449800500435,4.0,0.0,0.0,41369.0,39186.0,0.0,484.0,56093.0,42.0,0.0,0.0,0.0,0.0,0.0
2026-09-27T11:55:42.624505+08:00,all-devices-state-population,52967,73.1,214992,,,,200,6.0,,200,130.0,,200,424.7,,200,593.3,,200,751.9,,0.0,0.0,0.0,0.0,0.0,42505.0,0.0,0.0,16155.0,0.0,26350.0,0.0,4.0,4.0,0.0,278.5410484780892,4.0,0.0,0.0,42376.0,42491.0,0.0,484.0,57489.0,42.0,0.0,0.0,0.0,0.0,0.0
2026-09-27T11:55:47.629608+08:00,all-devices-state-population,52967,41.3,192512,,,,200,12.2,,200,413.2,,200,551.3,,200,819.6,,200,802.9,,0.0,0.0,0.0,0.0,0.0,42505.0,0.0,0.0,16155.0,0.0,26350.0,0.0,13.0,4.0,0.0,231.80522371361076,4.0,0.0,0.0,43142.0,42491.0,0.0,487.0,58649.0,42.0,0.0,0.0,0.0,0.0,0.0
2026-09-27T11:55:52.636401+08:00,all-devices-state-population,52967,54.3,194624,5039,2965,2402,200,9.7,,200,277.1,,200,545.2,,200,767.6,,200,722.9,,0.0,0.0,0.0,0.0,0.0,42505.0,0.0,0.0,16155.0,0.0,26350.0,0.0,11.0,4.0,0.0,258.0881908640458,4.0,0.0,0.0,44099.0,42491.0,0.0,500.0,59871.0,43.0,0.0,0.0,0.0,0.0,0.0
2026-09-27T11:55:57.641852+08:00,all-devices-state-population,52967,68.4,218976,,,,200,9.8,,200,367.6,,200,671.4,,200,712.3,,200,964.7,,0.0,0.0,0.0,0.0,0.0,45876.0,0.0,0.0,17201.0,0.0,28675.0,0.0,32.0,4.0,0.0,249.75128308682721,4.0,0.0,0.0,45089.0,45841.0,0.0,509.0,61121.0,43.0,0.0,0.0,0.0,0.0,0.0
2026-09-27T11:56:02.649275+08:00,all-devices-state-population,52967,73.4,213840,,,,200,2.5,,200,381.1,,200,455.0,,200,1003.2,,200,830.8,,0.0,0.0,0.0,0.0,0.0,45876.0,0.0,0.0,17201.0,0.0,28675.0,0.0,30.0,4.0,0.0,194.90893924553623,4.0,0.0,0.0,45835.0,45841.0,0.0,522.0,62097.0,45.0,0.0,0.0,0.0,0.0,0.0
2026-09-27T11:56:07.656624+08:00,all-devices-state-population,52967,61.6,207120,5087,2917,2398,200,8.7,,200,580.1,,200,1224.6,,200,1041.5,,200,2005.6,,0.0,0.0,0.0,0.0,0.0,45876.0,0.0,0.0,17201.0,0.0,28675.0,0.0,25.0,4.0,0.0,200.02067836726155,4.0,0.0,0.0,46498.0,45841.0,0.0,542.0,63051.0,48.0,0.0,0.0,0.0,0.0,0.0
2026-09-27T11:56:12.658520+08:00,all-devices-state-population,52967,76.8,232256,,,,200,12.3,,200,296.3,,200,494.5,,200,787.6,,200,714.9,,0.0,0.0,0.0,0.0,0.0,48228.0,0.0,0.0,17848.0,0.0,30380.0,0.0,19.0,4.0,0.0,179.37196739542486,4.0,0.0,0.0,47136.0,48215.0,0.0,560.0,63949.0,49.0,0.0,0.0,0.0,0.0,0.0
2026-09-27T11:56:17.669945+08:00,all-devices-state-population,52967,48.5,185840,,,,200,3.1,,200,274.9,,200,525.2,,200,743.9,,200,907.3,,0.0,0.0,0.0,0.0,0.0,48228.0,0.0,0.0,17848.0,0.0,30380.0,0.0,25.0,4.0,0.0,234.6466115100559,4.0,0.0,0.0,47918.0,48215.0,0.0,568.0,65123.0,53.0,0.0,0.0,0.0,0.0,0.0
2026-09-27T11:56:22.676864+08:00,all-devices-state-population,52967,56.6,199408,5056,2948,2395,200,7.2,,200,212.2,,200,555.5,,200,750.8,,200,897.7,,0.0,0.0,0.0,0.0,0.0,48228.0,0.0,0.0,17848.0,0.0,30380.0,0.0,30.0,4.0,0.0,224.73719895826417,4.0,0.0,0.0,48720.0,48215.0,0.0,575.0,66173.0,54.0,0.0,0.0,0.0,0.0,0.0
2026-09-27T11:56:27.681543+08:00,all-devices-state-population,52967,98.7,224960,,,,200,11.4,,200,285.6,,200,715.9,,200,769.4,,200,943.1,,0.0,0.0,0.0,0.0,1.0,51181.0,0.0,0.0,18906.0,0.0,32275.0,0.0,34.0,4.0,0.0,206.26408979848782,4.0,0.0,0.0,49435.0,51181.0,0.0,598.0,67207.0,56.0,0.0,0.0,0.0,0.0,0.0
2026-09-27T11:56:32.686679+08:00,all-devices-state-population,52967,86.5,223312,,,,200,6.0,,200,830.3,,200,1305.4,,200,1776.6,,200,2059.5,,0.0,0.0,0.0,0.0,1.0,51181.0,0.0,0.0,18906.0,0.0,32275.0,0.0,29.0,4.0,0.0,83.20903511994403,4.0,0.0,0.0,49787.0,51181.0,0.0,622.0,67623.0,56.0,0.0,0.0,0.0,0.0,0.0
2026-09-27T11:56:37.692597+08:00,all-devices-state-population,52967,74.3,223168,5098,2906,2392,200,11.9,,200,536.3,,200,998.1,,200,1503.2,,200,1518.4,,0.0,0.0,0.0,0.0,1.0,51181.0,0.0,0.0,18906.0,0.0,32275.0,0.0,26.0,4.0,0.0,11.906319319622733,4.0,0.0,0.0,50196.0,51181.0,0.0,651.0,67692.0,56.0,0.0,0.0,0.0,0.0,0.0
2026-09-27T11:56:42.699233+08:00,all-devices-state-population,52967,47.0,220048,,,,200,8.8,,200,157.9,,200,370.2,,200,890.7,,200,656.5,,0.0,0.0,0.0,0.0,1.0,51181.0,0.0,0.0,18906.0,0.0,32275.0,0.0,31.0,4.0,0.0,0.0,4.0,0.0,0.0,50985.0,51484.0,0.0,651.0,67692.0,56.0,0.0,0.0,0.0,0.0,0.0
2026-09-27T11:56:47.711520+08:00,all-devices-state-population,52967,9.7,107248,,,,200,19.6,,200,870.1,,200,1868.2,,200,2773.3,,200,2591.9,,0.0,0.0,0.0,0.0,1.0,51427.0,0.0,0.0,17893.0,0.0,33534.0,0.0,29.0,4.0,0.0,0.0,4.0,0.0,0.0,51491.0,51484.0,0.0,651.0,67692.0,56.0,0.0,0.0,0.0,0.0,0.0
2026-09-27T11:56:52.719789+08:00,all-devices-state-population,52967,69.4,240656,5038,2965,2388,200,45.7,,200,1722.9,,200,1533.8,,200,3187.7,,200,1658.7,,0.0,0.0,0.0,0.0,1.0,51427.0,0.0,0.0,17893.0,0.0,33534.0,0.0,23.0,4.0,0.0,0.0,4.0,0.0,0.0,51877.0,51484.0,0.0,651.0,67692.0,56.0,0.0,0.0,0.0,0.0,0.0
2026-09-27T11:56:57.719329+08:00,all-devices-state-population,52967,64.1,239136,,,,200,6.2,,200,176.8,,200,243.1,,200,1364.4,,200,1122.7,,0.0,0.0,0.0,0.0,1.0,51427.0,0.0,0.0,17893.0,0.0,33534.0,0.0,20.0,4.0,0.0,0.0,4.0,0.0,0.0,52138.0,51484.0,0.0,651.0,67692.0,56.0,0.0,0.0,0.0,0.0,0.0
2026-09-27T11:57:02.727589+08:00,all-devices-state-drain,52967,27.7,194944,,,,200,6.0,,200,123.4,,200,97.4,,200,1062.5,,200,293.9,,0.0,0.0,0.0,0.0,1.0,51055.0,0.0,0.0,16582.0,0.0,34473.0,0.0,17.0,4.0,0.0,0.0,4.0,0.0,0.0,52440.0,51132.0,0.0,651.0,67692.0,56.0,0.0,0.0,0.0,0.0,0.0
2026-09-27T11:57:07.734152+08:00,all-devices-state-drain,52967,39.2,191920,5066,2938,2385,200,17.3,,200,131.4,,200,277.3,,200,915.2,,200,603.9,,0.0,0.0,0.0,0.0,1.0,51055.0,0.0,0.0,16582.0,0.0,34473.0,0.0,43.0,4.0,0.0,0.0,4.0,0.0,0.0,54323.0,51132.0,0.0,651.0,67692.0,56.0,0.0,0.0,0.0,0.0,0.0
2026-09-27T11:57:12.734333+08:00,all-devices-state-drain,52967,54.8,189136,,,,200,8.8,,200,102.3,,200,165.5,,200,439.3,,200,232.9,,0.0,0.0,0.0,0.0,1.0,50634.0,0.0,0.0,12822.0,0.0,37812.0,0.0,42.0,4.0,0.0,0.0,4.0,0.0,0.0,56423.0,50634.0,0.0,651.0,67692.0,56.0,0.0,0.0,0.0,0.0,0.0
2026-09-27T11:57:17.736464+08:00,all-devices-state-drain,52967,24.7,121184,,,,200,2.1,,200,198.6,,200,212.7,,200,1079.8,,200,656.6,,0.0,0.0,0.0,0.0,1.0,50634.0,0.0,0.0,12822.0,0.0,37812.0,0.0,39.0,4.0,0.0,0.0,4.0,0.0,0.0,57984.0,50634.0,0.0,651.0,67692.0,56.0,0.0,0.0,0.0,0.0,0.0
2026-09-27T11:57:22.742307+08:00,all-devices-state-drain,52967,43.1,130912,5204,2800,2378,200,20.8,,200,1174.5,,200,386.7,,200,866.1,,200,659.1,,0.0,0.0,0.0,0.0,1.0,50634.0,0.0,0.0,12822.0,0.0,37812.0,0.0,21.0,4.0,0.0,0.0,4.0,0.0,0.0,59238.0,50634.0,0.0,651.0,67692.0,56.0,0.0,0.0,0.0,0.0,0.0
2026-09-27T11:57:27.743628+08:00,all-devices-state-drain,52967,29.5,143312,,,,200,3.1,,200,133.8,,200,131.3,,200,519.0,,200,240.5,,0.0,0.0,0.0,0.0,1.0,49414.0,0.0,0.0,8240.0,0.0,41174.0,0.0,24.0,4.0,0.0,0.0,4.0,0.0,0.0,60673.0,49411.0,0.0,651.0,67692.0,56.0,0.0,0.0,0.0,0.0,0.0
2026-09-27T11:57:32.749520+08:00,all-devices-state-drain,52967,38.2,139840,,,,200,11.8,,200,128.0,,200,272.8,,200,1314.6,,200,933.9,,0.0,0.0,0.0,0.0,1.0,49414.0,0.0,0.0,8240.0,0.0,41174.0,0.0,29.0,4.0,0.0,0.0,4.0,0.0,0.0,62386.0,49411.0,0.0,651.0,67692.0,56.0,0.0,0.0,0.0,0.0,0.0
2026-09-27T11:57:37.755057+08:00,all-devices-state-drain,52967,27.1,137968,5182,2822,2376,200,20.0,,200,213.3,,200,107.6,,200,863.5,,200,172.8,,0.0,0.0,0.0,0.0,1.0,49414.0,0.0,0.0,8240.0,0.0,41174.0,0.0,18.0,4.0,0.0,0.0,4.0,0.0,0.0,64576.0,49411.0,0.0,651.0,67692.0,56.0,0.0,0.0,0.0,0.0,0.0
2026-09-27T11:57:42.765263+08:00,all-devices-state-drain,52967,46.8,147216,,,,200,10.0,,200,314.4,,200,128.5,,200,429.1,,200,209.1,,0.0,0.0,0.0,0.0,1.0,48850.0,0.0,0.0,2772.0,0.0,46078.0,0.0,39.0,4.0,0.0,0.0,4.0,0.0,0.0,66547.0,48847.0,0.0,651.0,67692.0,56.0,0.0,0.0,0.0,0.0,0.0
2026-09-27T11:57:47.764086+08:00,all-devices-state-drain,52967,45.8,175584,,,,200,6.0,,200,212.7,,200,435.8,,200,864.3,,200,486.6,,0.0,0.0,0.0,0.0,1.0,48850.0,0.0,0.0,2772.0,0.0,46078.0,0.0,55.0,4.0,0.0,0.0,4.0,0.0,0.0,67782.0,48847.0,0.0,651.0,67692.0,56.0,0.0,0.0,0.0,0.0,0.0
2026-09-27T11:57:52.772011+08:00,all-devices-state-drain,52967,35.9,128352,5189,2814,2372,200,25.6,,200,84.9,,200,78.2,,200,1072.7,,200,195.2,,0.0,0.0,0.0,0.0,1.0,48850.0,0.0,0.0,2772.0,0.0,46078.0,0.0,65.0,4.0,0.0,0.0,4.0,0.0,0.0,68667.0,48847.0,0.0,651.0,67692.0,56.0,0.0,0.0,0.0,0.0,0.0
2026-09-27T11:57:57.772800+08:00,all-devices-state-drain,52967,40.0,155616,,,,200,11.5,,200,64.2,,200,57.0,,200,532.9,,200,253.9,,0.0,0.0,0.0,0.0,1.0,47375.0,0.0,0.0,0.0,0.0,47375.0,0.0,54.0,4.0,0.0,0.0,4.0,0.0,0.0,68667.0,47375.0,0.0,651.0,67692.0,56.0,0.0,0.0,0.0,0.0,0.0
2026-09-27T11:58:02.778520+08:00,all-devices-state-drain,52967,22.8,119440,,,,200,164.3,,200,490.1,,200,758.9,,200,1770.9,,200,796.1,,0.0,0.0,0.0,0.0,1.0,47375.0,0.0,0.0,0.0,0.0,47375.0,0.0,62.0,4.0,0.0,0.0,4.0,0.0,0.0,68667.0,47375.0,0.0,651.0,67692.0,56.0,0.0,0.0,0.0,0.0,0.0
2026-09-27T11:58:07.777024+08:00,all-devices-state-drain,52967,36.5,177120,5182,2821,2366,200,19.2,,200,79.2,,200,76.2,,200,1041.0,,200,196.0,,0.0,0.0,0.0,0.0,1.0,47375.0,0.0,0.0,0.0,0.0,47375.0,0.0,49.0,4.0,0.0,0.0,4.0,0.0,0.0,68667.0,47375.0,0.0,651.0,67692.0,56.0,0.0,0.0,0.0,0.0,0.0
2026-09-27T11:58:12.782525+08:00,all-devices-state-drain,52967,33.4,106320,,,,200,9.6,,200,130.1,,200,84.2,,200,755.0,,200,148.7,,0.0,0.0,0.0,0.0,1.0,45888.0,0.0,0.0,0.0,0.0,45888.0,0.0,29.0,4.0,0.0,0.0,4.0,0.0,0.0,68667.0,45888.0,0.0,651.0,67692.0,56.0,0.0,0.0,0.0,0.0,0.0
2026-09-27T11:58:17.784699+08:00,all-devices-state-drain,52967,43.5,177664,,,,200,11.4,,200,224.6,,200,218.5,,200,945.6,,200,279.8,,0.0,0.0,0.0,0.0,1.0,45888.0,0.0,0.0,0.0,0.0,45888.0,0.0,44.0,4.0,0.0,0.0,4.0,0.0,0.0,68667.0,45888.0,0.0,651.0,67692.0,56.0,0.0,0.0,0.0,0.0,0.0
2026-09-27T11:58:22.789032+08:00,all-devices-state-drain,52967,33.8,152112,5136,2868,2364,200,45.6,,200,221.6,,200,101.8,,200,577.1,,200,275.1,,0.0,0.0,0.0,0.0,1.0,45888.0,0.0,0.0,0.0,0.0,45888.0,0.0,37.0,4.0,0.0,0.0,4.0,0.0,0.0,68667.0,45888.0,0.0,651.0,67692.0,56.0,0.0,0.0,0.0,0.0,0.0
2026-09-27T11:58:27.791394+08:00,all-devices-state-drain,52967,43.8,180160,,,,200,1.6,,200,146.4,,200,78.0,,200,524.1,,200,167.7,,0.0,0.0,0.0,0.0,1.0,44515.0,0.0,0.0,0.0,0.0,44515.0,0.0,38.0,4.0,0.0,0.0,4.0,0.0,0.0,68667.0,44515.0,0.0,651.0,67692.0,56.0,0.0,0.0,0.0,0.0,0.0
2026-09-27T11:58:32.793073+08:00,all-devices-state-drain,52967,38.4,159312,,,,200,8.9,,200,82.1,,200,72.9,,200,424.1,,200,101.9,,0.0,0.0,0.0,0.0,1.0,44515.0,0.0,0.0,0.0,0.0,44515.0,0.0,56.0,4.0,0.0,0.0,4.0,0.0,0.0,68667.0,44515.0,0.0,651.0,67692.0,56.0,0.0,0.0,0.0,0.0,0.0
2026-09-27T11:58:37.813732+08:00,all-devices-state-drain,52967,72.1,189568,5143,2860,2364,200,39.1,,200,135.3,,200,110.6,,200,1080.9,,200,590.1,,0.0,0.0,0.0,0.0,1.0,44515.0,0.0,0.0,0.0,0.0,44515.0,0.0,42.0,4.0,0.0,0.0,4.0,0.0,0.0,68667.0,44515.0,0.0,651.0,67692.0,56.0,0.0,0.0,0.0,0.0,0.0
2026-09-27T11:58:42.810716+08:00,all-devices-state-drain,52967,34.9,128704,,,,200,5.8,,200,124.5,,200,247.0,,200,942.5,,200,386.0,,0.0,0.0,0.0,0.0,1.0,43210.0,0.0,0.0,0.0,0.0,43210.0,0.0,40.0,4.0,0.0,0.0,4.0,0.0,0.0,68667.0,43210.0,0.0,651.0,67692.0,56.0,0.0,0.0,0.0,0.0,0.0
2026-09-27T11:58:47.817180+08:00,all-devices-state-drain,52967,100.6,191360,,,,200,10.5,,200,56.3,,200,61.3,,200,630.1,,200,102.9,,0.0,0.0,0.0,0.0,1.0,43210.0,0.0,0.0,0.0,0.0,43210.0,0.0,27.0,4.0,0.0,0.0,4.0,0.0,0.0,68667.0,43210.0,0.0,651.0,67692.0,56.0,0.0,0.0,0.0,0.0,0.0
2026-09-27T11:58:52.822798+08:00,all-devices-state-drain,52967,33.9,120432,5214,2789,2365,200,14.1,,200,151.7,,200,103.2,,200,1590.8,,200,125.8,,0.0,0.0,0.0,0.0,1.0,43210.0,0.0,0.0,0.0,0.0,43210.0,0.0,17.0,4.0,0.0,0.0,4.0,0.0,0.0,68667.0,43210.0,0.0,651.0,67692.0,56.0,0.0,0.0,0.0,0.0,0.0
2026-09-27T11:58:57.859657+08:00,all-devices-state-drain,52967,29.5,146080,,,,200,29.8,,200,192.8,,200,115.0,,200,922.0,,200,159.6,,0.0,0.0,0.0,0.0,1.0,41752.0,0.0,0.0,0.0,0.0,41752.0,0.0,17.0,4.0,0.0,0.0,4.0,0.0,0.0,68667.0,41752.0,0.0,651.0,67692.0,56.0,0.0,0.0,0.0,0.0,0.0
2026-09-27T11:59:02.838320+08:00,all-devices-state-drain,52967,32.4,174528,,,,200,14.1,,200,77.7,,200,86.1,,200,422.0,,200,101.6,,0.0,0.0,0.0,0.0,1.0,41752.0,0.0,0.0,0.0,0.0,41752.0,0.0,50.0,4.0,0.0,0.0,4.0,0.0,0.0,68667.0,41752.0,0.0,651.0,67692.0,56.0,0.0,0.0,0.0,0.0,0.0
2026-09-27T11:59:07.839936+08:00,all-devices-state-drain,52967,31.9,148016,5157,2847,2361,200,12.0,,200,198.5,,200,188.7,,200,759.9,,200,283.8,,0.0,0.0,0.0,0.0,1.0,41752.0,0.0,0.0,0.0,0.0,41752.0,0.0,37.0,4.0,0.0,0.0,4.0,0.0,0.0,68667.0,41752.0,0.0,651.0,67692.0,56.0,0.0,0.0,0.0,0.0,0.0
2026-09-27T11:59:12.839454+08:00,all-devices-state-drain,52967,31.0,145856,,,,200,5.9,,200,51.1,,200,63.0,,200,426.7,,200,73.9,,0.0,0.0,0.0,0.0,1.0,40538.0,0.0,0.0,0.0,0.0,40538.0,0.0,36.0,4.0,0.0,0.0,4.0,0.0,0.0,68667.0,40538.0,0.0,651.0,67692.0,56.0,0.0,0.0,0.0,0.0,0.0
2026-09-27T11:59:17.841555+08:00,all-devices-state-drain,52967,35.9,159312,,,,200,10.7,,200,95.3,,200,144.8,,200,585.4,,200,136.2,,0.0,0.0,0.0,0.0,1.0,40538.0,0.0,0.0,0.0,0.0,40538.0,0.0,38.0,4.0,0.0,0.0,4.0,0.0,0.0,68667.0,40538.0,0.0,651.0,67692.0,56.0,0.0,0.0,0.0,0.0,0.0
2026-09-27T11:59:22.843254+08:00,all-devices-state-drain,52967,36.2,173376,5182,2822,2355,200,5.9,,200,60.7,,200,53.0,,200,554.8,,200,142.9,,0.0,0.0,0.0,0.0,1.0,40538.0,0.0,0.0,0.0,0.0,40538.0,0.0,32.0,4.0,0.0,0.0,4.0,0.0,0.0,68667.0,40538.0,0.0,651.0,67692.0,56.0,0.0,0.0,0.0,0.0,0.0
2026-09-27T11:59:27.845839+08:00,all-devices-state-drain,52967,38.4,139616,,,,200,9.6,,200,87.6,,200,192.5,,200,927.3,,200,177.1,,0.0,0.0,0.0,0.0,0.0,39056.0,0.0,0.0,0.0,0.0,39056.0,0.0,50.0,4.0,0.0,0.0,4.0,0.0,0.0,68667.0,39056.0,0.0,651.0,67692.0,56.0,0.0,0.0,0.0,0.0,0.0
2026-09-27T11:59:32.851039+08:00,all-devices-state-drain,52967,51.6,198752,,,,200,11.3,,200,29.9,,200,42.7,,200,352.3,,200,57.9,,0.0,0.0,0.0,0.0,0.0,39056.0,0.0,0.0,0.0,0.0,39056.0,0.0,16.0,4.0,0.0,0.0,4.0,0.0,0.0,68667.0,39056.0,0.0,651.0,67692.0,56.0,0.0,0.0,0.0,0.0,0.0
2026-09-27T11:59:37.852668+08:00,all-devices-state-drain,52967,35.6,170816,5222,2781,2350,200,10.6,,200,68.1,,200,69.7,,200,711.2,,200,219.4,,0.0,0.0,0.0,0.0,0.0,39056.0,0.0,0.0,0.0,0.0,39056.0,0.0,18.0,4.0,0.0,0.0,4.0,0.0,0.0,68667.0,39056.0,0.0,651.0,67692.0,56.0,0.0,0.0,0.0,0.0,0.0
2026-09-27T11:59:42.859154+08:00,all-devices-state-drain,52967,73.5,191024,,,,200,4.9,,200,40.5,,200,34.6,,200,442.4,,200,82.0,,0.0,0.0,0.0,0.0,0.0,37655.0,0.0,0.0,0.0,0.0,37655.0,0.0,41.0,4.0,0.0,0.0,4.0,0.0,0.0,68667.0,37693.0,0.0,651.0,67692.0,56.0,0.0,0.0,0.0,0.0,0.0
2026-09-27T11:59:47.864539+08:00,all-devices-state-drain,52967,29.0,150512,,,,200,4.8,,200,28.3,,200,43.4,,200,365.8,,200,86.6,,0.0,0.0,0.0,0.0,0.0,37655.0,0.0,0.0,0.0,0.0,37655.0,0.0,53.0,4.0,0.0,0.0,4.0,0.0,0.0,68667.0,37693.0,0.0,651.0,67692.0,56.0,0.0,0.0,0.0,0.0,0.0
2026-09-27T11:59:52.869063+08:00,all-devices-state-drain,52967,30.8,149328,5240,2764,2349,200,28.9,,200,71.3,,200,84.7,,200,845.9,,200,131.6,,0.0,0.0,0.0,0.0,0.0,37655.0,0.0,0.0,0.0,0.0,37655.0,0.0,51.0,4.0,0.0,0.0,4.0,0.0,0.0,68667.0,37693.0,0.0,651.0,67692.0,56.0,0.0,0.0,0.0,0.0,0.0
2026-09-27T11:59:57.871070+08:00,all-devices-state-drain,52967,37.5,190288,,,,200,5.4,,200,1195.1,,200,280.7,,200,917.0,,200,317.4,,0.0,0.0,0.0,0.0,0.0,36573.0,0.0,0.0,0.0,0.0,36573.0,0.0,51.0,4.0,0.0,0.0,4.0,0.0,0.0,68667.0,36573.0,0.0,651.0,67692.0,56.0,0.0,0.0,0.0,0.0,0.0
2026-09-27T12:00:02.876318+08:00,all-devices-state-drain,52967,34.6,155840,,,,200,9.4,,200,35.7,,200,61.6,,200,463.8,,200,69.2,,0.0,0.0,0.0,0.0,0.0,36573.0,0.0,0.0,0.0,0.0,36573.0,0.0,56.0,4.0,0.0,0.0,4.0,0.0,0.0,68667.0,36573.0,0.0,651.0,67692.0,56.0,0.0,0.0,0.0,0.0,0.0
2026-09-27T12:00:07.873250+08:00,all-devices-state-drain,52967,78.5,200160,5191,2812,2342,200,1.9,,200,53.6,,200,50.8,,200,431.5,,200,103.8,,0.0,0.0,0.0,0.0,0.0,36573.0,0.0,0.0,0.0,0.0,36573.0,0.0,39.0,4.0,0.0,0.0,4.0,0.0,0.0,68667.0,36573.0,0.0,651.0,67692.0,56.0,0.0,0.0,0.0,0.0,0.0
2026-09-27T12:00:12.875221+08:00,all-devices-state-drain,52967,39.1,169424,,,,200,6.5,,200,60.9,,200,192.0,,200,477.9,,200,234.9,,0.0,0.0,0.0,0.0,0.0,34945.0,0.0,0.0,0.0,0.0,34945.0,0.0,45.0,4.0,0.0,0.0,4.0,0.0,0.0,68667.0,34945.0,0.0,651.0,67692.0,56.0,0.0,0.0,0.0,0.0,0.0
2026-09-27T12:00:17.876631+08:00,all-devices-state-drain,52967,35.8,119296,,,,200,5.2,,200,107.4,,200,130.3,,200,499.0,,200,173.7,,0.0,0.0,0.0,0.0,0.0,34945.0,0.0,0.0,0.0,0.0,34945.0,0.0,20.0,4.0,0.0,0.0,4.0,0.0,0.0,68667.0,34945.0,0.0,651.0,67692.0,56.0,0.0,0.0,0.0,0.0,0.0
2026-09-27T12:00:22.880091+08:00,all-devices-state-drain,52967,30.5,164960,5308,2696,2339,200,2.2,,200,154.7,,200,137.2,,200,696.6,,200,186.8,,0.0,0.0,0.0,0.0,0.0,34945.0,0.0,0.0,0.0,0.0,34945.0,0.0,34.0,4.0,0.0,0.0,4.0,0.0,0.0,68667.0,34945.0,0.0,651.0,67692.0,56.0,0.0,0.0,0.0,0.0,0.0
2026-09-27T12:00:27.882971+08:00,all-devices-state-drain,52967,27.9,141408,,,,200,7.1,,200,77.0,,200,131.8,,200,559.3,,200,274.7,,0.0,0.0,0.0,0.0,0.0,33666.0,0.0,0.0,0.0,0.0,33666.0,0.0,12.0,4.0,0.0,0.0,4.0,0.0,0.0,68667.0,33666.0,0.0,651.0,67692.0,56.0,0.0,0.0,0.0,0.0,0.0
2026-09-27T12:00:32.886390+08:00,all-devices-state-drain,52967,59.1,198144,,,,200,14.0,,200,95.0,,200,75.2,,200,569.0,,200,270.0,,0.0,0.0,0.0,0.0,0.0,33666.0,0.0,0.0,0.0,0.0,33666.0,0.0,35.0,4.0,0.0,0.0,4.0,0.0,0.0,68667.0,33666.0,0.0,651.0,67692.0,56.0,0.0,0.0,0.0,0.0,0.0
2026-09-27T12:00:37.891226+08:00,all-devices-state-drain,52967,31.6,176960,5244,2760,2332,200,14.7,,200,84.5,,200,109.9,,200,603.8,,200,145.7,,0.0,0.0,0.0,0.0,0.0,33666.0,0.0,0.0,0.0,0.0,33666.0,0.0,49.0,4.0,0.0,0.0,4.0,0.0,0.0,68667.0,33666.0,0.0,651.0,67692.0,56.0,0.0,0.0,0.0,0.0,0.0
2026-09-27T12:00:42.895110+08:00,all-devices-state-drain,52967,90.4,194144,,,,200,10.9,,200,89.2,,200,103.5,,200,447.0,,200,188.1,,0.0,0.0,0.0,0.0,0.0,32550.0,0.0,0.0,0.0,0.0,32550.0,0.0,50.0,4.0,0.0,0.0,4.0,0.0,0.0,68667.0,32550.0,0.0,651.0,67692.0,56.0,0.0,0.0,0.0,0.0,0.0
2026-09-27T12:00:47.902665+08:00,all-devices-state-drain,52967,22.3,174656,,,,200,11.2,,200,200.6,,200,215.5,,200,679.2,,200,263.2,,0.0,0.0,0.0,0.0,0.0,32550.0,0.0,0.0,0.0,0.0,32550.0,0.0,51.0,4.0,0.0,0.0,4.0,0.0,0.0,68667.0,32550.0,0.0,651.0,67692.0,56.0,0.0,0.0,0.0,0.0,0.0
2026-09-27T12:00:52.909519+08:00,all-devices-state-drain,52967,25.1,163888,5259,2745,2325,200,11.4,,200,309.8,,200,376.0,,200,943.5,,200,345.3,,0.0,0.0,0.0,0.0,0.0,32550.0,0.0,0.0,0.0,0.0,32550.0,0.0,58.0,4.0,0.0,0.0,4.0,0.0,0.0,68667.0,32550.0,0.0,651.0,67692.0,56.0,0.0,0.0,0.0,0.0,0.0
2026-09-27T12:00:57.914611+08:00,all-devices-state-drain,52967,78.0,185760,,,,200,4.7,,200,62.7,,200,80.0,,200,484.6,,200,107.2,,0.0,0.0,0.0,0.0,0.0,31193.0,0.0,0.0,0.0,0.0,31193.0,0.0,37.0,4.0,0.0,0.0,4.0,0.0,0.0,68667.0,31201.0,0.0,651.0,67692.0,56.0,0.0,0.0,0.0,0.0,0.0
2026-09-27T12:01:02.915306+08:00,all-devices-state-drain,52967,32.7,144208,,,,200,4.5,,200,206.6,,200,261.9,,200,728.9,,200,232.6,,0.0,0.0,0.0,0.0,0.0,31193.0,0.0,0.0,0.0,0.0,31193.0,0.0,41.0,4.0,0.0,0.0,4.0,0.0,0.0,68667.0,31201.0,0.0,651.0,67692.0,56.0,0.0,0.0,0.0,0.0,0.0
2026-09-27T12:01:07.917359+08:00,all-devices-state-drain,52967,8.9,112704,5221,2782,2323,200,34.0,,200,442.0,,200,754.7,,200,2527.8,,200,1272.4,,0.0,0.0,0.0,0.0,0.0,31193.0,0.0,0.0,0.0,0.0,31193.0,0.0,42.0,4.0,0.0,0.0,4.0,0.0,0.0,68667.0,31201.0,0.0,651.0,67692.0,56.0,0.0,0.0,0.0,0.0,0.0
2026-09-27T12:01:12.926364+08:00,all-devices-state-drain,52967,52.3,134480,,,,200,5.0,,200,59.7,,200,117.4,,200,382.2,,200,382.2,,0.0,0.0,0.0,0.0,0.0,30199.0,0.0,0.0,0.0,0.0,30199.0,0.0,37.0,4.0,0.0,0.0,4.0,0.0,0.0,68667.0,30199.0,0.0,651.0,67692.0,56.0,0.0,0.0,0.0,0.0,0.0
2026-09-27T12:01:17.930550+08:00,all-devices-state-drain,52967,22.8,178992,,,,200,2.1,,200,233.0,,200,164.2,,200,867.2,,200,207.1,,0.0,0.0,0.0,0.0,0.0,30199.0,0.0,0.0,0.0,0.0,30199.0,0.0,20.0,4.0,0.0,0.0,4.0,0.0,0.0,68667.0,30199.0,0.0,651.0,67692.0,56.0,0.0,0.0,0.0,0.0,0.0
2026-09-27T12:01:22.935059+08:00,all-devices-state-drain,52967,29.1,180576,5245,2758,2315,200,4.9,,200,34.2,,200,50.5,,200,469.2,,200,62.0,,0.0,0.0,0.0,0.0,0.0,30199.0,0.0,0.0,0.0,0.0,30199.0,0.0,38.0,4.0,0.0,0.0,4.0,0.0,0.0,68667.0,30199.0,0.0,651.0,67692.0,56.0,0.0,0.0,0.0,0.0,0.0
2026-09-27T12:01:27.937950+08:00,all-devices-state-drain,52967,86.0,217952,,,,200,12.3,,200,88.0,,200,105.6,,200,489.7,,200,112.8,,0.0,0.0,0.0,0.0,0.0,28733.0,0.0,0.0,0.0,0.0,28733.0,0.0,60.0,4.0,0.0,0.0,4.0,0.0,0.0,68667.0,28733.0,0.0,651.0,67692.0,56.0,0.0,0.0,0.0,0.0,0.0
2026-09-27T12:01:32.947069+08:00,all-devices-state-drain,52967,33.4,208880,,,,200,2.4,,200,114.6,,200,116.0,,200,568.3,,200,116.2,,0.0,0.0,0.0,0.0,0.0,28733.0,0.0,0.0,0.0,0.0,28733.0,0.0,55.0,4.0,0.0,0.0,4.0,0.0,0.0,68667.0,28733.0,0.0,651.0,67692.0,56.0,0.0,0.0,0.0,0.0,0.0
2026-09-27T12:01:37.950098+08:00,all-devices-state-drain,52967,34.0,172752,5280,2724,2311,200,16.3,,200,90.8,,200,105.6,,200,668.1,,200,137.7,,0.0,0.0,0.0,0.0,0.0,28733.0,0.0,0.0,0.0,0.0,28733.0,0.0,49.0,4.0,0.0,0.0,4.0,0.0,0.0,68667.0,28733.0,0.0,651.0,67692.0,56.0,0.0,0.0,0.0,0.0,0.0
2026-09-27T12:01:42.953241+08:00,all-devices-state-drain,52967,74.8,222752,,,,200,5.4,,200,38.5,,200,79.3,,200,366.5,,200,79.0,,0.0,0.0,0.0,0.0,0.0,27272.0,0.0,0.0,0.0,0.0,27272.0,0.0,44.0,4.0,0.0,0.0,4.0,0.0,0.0,68667.0,27272.0,0.0,651.0,67692.0,56.0,0.0,0.0,0.0,0.0,0.0
2026-09-27T12:01:47.963441+08:00,all-devices-state-drain,52967,34.5,207392,,,,200,10.5,,200,38.7,,200,58.2,,200,409.2,,200,64.9,,0.0,0.0,0.0,0.0,0.0,27272.0,0.0,0.0,0.0,0.0,27272.0,0.0,12.0,4.0,0.0,0.0,4.0,0.0,0.0,68667.0,27272.0,0.0,651.0,67692.0,56.0,0.0,0.0,0.0,0.0,0.0
2026-09-27T12:01:52.958971+08:00,all-devices-state-drain,52967,33.8,156672,5285,2719,2308,200,8.7,,200,158.7,,200,145.6,,200,689.8,,200,131.4,,0.0,0.0,0.0,0.0,0.0,27272.0,0.0,0.0,0.0,0.0,27272.0,0.0,7.0,4.0,0.0,0.0,4.0,0.0,0.0,68667.0,27272.0,0.0,651.0,67692.0,56.0,0.0,0.0,0.0,0.0,0.0
2026-09-27T12:02:00.994670+08:00,all-devices-state-drain,52967,4.9,193888,,,,200,13.6,,200,425.0,,200,575.9,,200,1686.2,,200,405.8,,0.0,0.0,0.0,0.0,0.0,26239.0,0.0,0.0,0.0,0.0,26239.0,0.0,18.0,4.0,0.0,0.0,4.0,0.0,0.0,68667.0,26239.0,0.0,651.0,67692.0,56.0,0.0,0.0,0.0,0.0,0.0
2026-09-27T12:02:05.994093+08:00,all-devices-state-drain,52967,24.0,167520,,,,200,2.9,,200,253.7,,200,220.4,,200,714.9,,200,237.5,,0.0,0.0,0.0,0.0,0.0,26239.0,0.0,0.0,0.0,0.0,26239.0,0.0,7.0,4.0,0.0,0.0,4.0,0.0,0.0,68667.0,26239.0,0.0,651.0,67692.0,56.0,0.0,0.0,0.0,0.0,0.0
2026-09-27T12:02:10.997254+08:00,all-devices-state-drain,52967,57.8,217600,5309,2695,2295,200,3.0,,200,32.0,,200,51.6,,200,408.4,,200,110.7,,0.0,0.0,0.0,0.0,0.0,26239.0,0.0,0.0,0.0,0.0,26239.0,0.0,35.0,4.0,0.0,0.0,4.0,0.0,0.0,68667.0,26239.0,0.0,651.0,67692.0,56.0,0.0,0.0,0.0,0.0,0.0
2026-09-27T12:02:15.999620+08:00,all-devices-state-drain,52967,30.0,214640,,,,200,10.2,,200,100.7,,200,103.3,,200,534.3,,200,242.6,,0.0,0.0,0.0,0.0,0.0,25525.0,0.0,0.0,0.0,0.0,25525.0,0.0,42.0,4.0,0.0,0.0,4.0,0.0,0.0,68667.0,25525.0,0.0,651.0,67692.0,56.0,0.0,0.0,0.0,0.0,0.0
2026-09-27T12:02:21.004015+08:00,all-devices-state-drain,52967,29.8,211424,,,,200,10.1,,200,61.3,,200,76.6,,200,395.5,,200,82.8,,0.0,0.0,0.0,0.0,0.0,25525.0,0.0,0.0,0.0,0.0,25525.0,0.0,29.0,4.0,0.0,0.0,4.0,0.0,0.0,68667.0,25525.0,0.0,651.0,67692.0,56.0,0.0,0.0,0.0,0.0,0.0
2026-09-27T12:02:26.010153+08:00,all-devices-state-drain,52967,33.6,201200,5256,2747,2277,200,31.8,,200,147.7,,200,174.5,,200,577.4,,200,169.5,,0.0,0.0,0.0,0.0,0.0,25525.0,0.0,0.0,0.0,0.0,25525.0,0.0,26.0,4.0,0.0,0.0,4.0,0.0,0.0,68667.0,25525.0,0.0,651.0,67692.0,56.0,0.0,0.0,0.0,0.0,0.0
2026-09-27T12:02:31.014495+08:00,all-devices-state-drain,52967,29.0,172272,,,,200,4.7,,200,129.3,,200,144.1,,200,463.8,,200,167.1,,0.0,0.0,0.0,0.0,0.0,24106.0,0.0,0.0,0.0,0.0,24106.0,0.0,32.0,4.0,0.0,0.0,4.0,0.0,0.0,68667.0,24106.0,0.0,651.0,67692.0,56.0,0.0,0.0,0.0,0.0,0.0
2026-09-27T12:02:36.012950+08:00,all-devices-state-drain,52967,73.5,223792,,,,200,6.1,,200,94.9,,200,213.2,,200,728.7,,200,253.2,,0.0,0.0,0.0,0.0,0.0,24106.0,0.0,0.0,0.0,0.0,24106.0,0.0,36.0,4.0,0.0,0.0,4.0,0.0,0.0,68667.0,24106.0,0.0,651.0,67692.0,56.0,0.0,0.0,0.0,0.0,0.0
2026-09-27T12:02:41.017177+08:00,all-devices-state-drain,52967,36.9,233648,5280,2724,2275,200,18.0,,200,57.6,,200,89.3,,200,794.9,,200,56.6,,0.0,0.0,0.0,0.0,0.0,24106.0,0.0,0.0,0.0,0.0,24106.0,0.0,21.0,4.0,0.0,0.0,4.0,0.0,0.0,68667.0,24106.0,0.0,651.0,67692.0,56.0,0.0,0.0,0.0,0.0,0.0
2026-09-27T12:02:46.019517+08:00,all-devices-state-drain,52967,28.4,197552,,,,200,2.8,,200,74.8,,200,140.8,,200,675.5,,200,193.7,,0.0,0.0,0.0,0.0,0.0,22696.0,0.0,0.0,0.0,0.0,22696.0,0.0,41.0,4.0,0.0,0.0,4.0,0.0,0.0,68667.0,22696.0,0.0,651.0,67692.0,56.0,0.0,0.0,0.0,0.0,0.0
2026-09-27T12:02:51.028093+08:00,all-devices-state-drain,52967,75.9,231536,,,,200,13.7,,200,156.2,,200,220.1,,200,662.7,,200,249.4,,0.0,0.0,0.0,0.0,0.0,22696.0,0.0,0.0,0.0,0.0,22696.0,0.0,39.0,4.0,0.0,0.0,4.0,0.0,0.0,68667.0,22696.0,0.0,651.0,67692.0,56.0,0.0,0.0,0.0,0.0,0.0
2026-09-27T12:02:56.027962+08:00,all-devices-state-drain,52967,45.2,222960,5326,2678,2273,200,12.9,,200,168.4,,200,180.9,,200,858.4,,200,237.1,,0.0,0.0,0.0,0.0,0.0,22696.0,0.0,0.0,0.0,0.0,22696.0,0.0,42.0,4.0,0.0,0.0,4.0,0.0,0.0,68667.0,22696.0,0.0,651.0,67692.0,56.0,0.0,0.0,0.0,0.0,0.0
2026-09-27T12:03:01.030398+08:00,all-devices-state-drain,52967,28.8,181312,,,,200,7.9,,200,55.4,,200,156.5,,200,831.9,,200,174.1,,0.0,0.0,0.0,0.0,0.0,21556.0,0.0,0.0,0.0,0.0,21556.0,0.0,37.0,4.0,0.0,0.0,4.0,0.0,0.0,68667.0,21556.0,0.0,651.0,67692.0,56.0,0.0,0.0,0.0,0.0,0.0
2026-09-27T12:03:06.033727+08:00,all-devices-state-drain,52967,91.5,219024,,,,200,6.0,,200,49.8,,200,115.9,,200,567.8,,200,114.2,,0.0,0.0,0.0,0.0,0.0,21556.0,0.0,0.0,0.0,0.0,21556.0,0.0,56.0,4.0,0.0,0.0,4.0,0.0,0.0,68667.0,21556.0,0.0,651.0,67692.0,56.0,0.0,0.0,0.0,0.0,0.0
2026-09-27T12:03:11.043378+08:00,all-devices-state-drain,52967,29.9,212064,5291,2712,2271,200,32.3,,200,356.8,,200,236.6,,200,733.5,,200,335.9,,0.0,0.0,0.0,0.0,0.0,21556.0,0.0,0.0,0.0,0.0,21556.0,0.0,38.0,4.0,0.0,0.0,4.0,0.0,0.0,68667.0,21556.0,0.0,651.0,67692.0,56.0,0.0,0.0,0.0,0.0,0.0
2026-09-27T12:03:16.049426+08:00,all-devices-state-drain,52967,16.7,179360,,,,200,64.8,,200,412.8,,200,528.7,,200,1323.9,,200,529.3,,0.0,0.0,0.0,0.0,0.0,20113.0,0.0,0.0,0.0,0.0,20113.0,0.0,24.0,4.0,0.0,0.0,4.0,0.0,0.0,68667.0,20113.0,0.0,651.0,67692.0,56.0,0.0,0.0,0.0,0.0,0.0
2026-09-27T12:03:21.051397+08:00,all-devices-state-drain,52967,63.2,199568,,,,200,11.4,,200,120.2,,200,102.6,,200,1391.9,,200,178.9,,0.0,0.0,0.0,0.0,0.0,20113.0,0.0,0.0,0.0,0.0,20113.0,0.0,43.0,4.0,0.0,0.0,4.0,0.0,0.0,68667.0,20113.0,0.0,651.0,67692.0,56.0,0.0,0.0,0.0,0.0,0.0
2026-09-27T12:03:26.052343+08:00,all-devices-state-drain,52967,94.3,258272,5342,2662,2269,200,14.6,,200,405.6,,200,140.2,,200,1550.4,,200,212.9,,0.0,0.0,0.0,0.0,0.0,20113.0,0.0,0.0,0.0,0.0,20113.0,0.0,58.0,4.0,0.0,0.0,4.0,0.0,0.0,68667.0,20113.0,0.0,651.0,67692.0,56.0,0.0,0.0,0.0,0.0,0.0
2026-09-27T12:03:31.057363+08:00,all-devices-state-drain,52967,36.7,277424,,,,200,8.8,,200,105.1,,200,146.1,,200,868.3,,200,152.6,,0.0,0.0,0.0,0.0,0.0,18803.0,0.0,0.0,0.0,0.0,18803.0,0.0,21.0,4.0,0.0,0.0,4.0,0.0,0.0,68667.0,18806.0,0.0,651.0,67692.0,56.0,0.0,0.0,0.0,0.0,0.0
2026-09-27T12:03:36.061602+08:00,all-devices-state-drain,52967,32.6,216400,,,,200,6.4,,200,49.8,,200,73.2,,200,389.8,,200,75.1,,0.0,0.0,0.0,0.0,0.0,18803.0,0.0,0.0,0.0,0.0,18803.0,0.0,41.0,4.0,0.0,0.0,4.0,0.0,0.0,68667.0,18806.0,0.0,651.0,67692.0,56.0,0.0,0.0,0.0,0.0,0.0
2026-09-27T12:03:41.066850+08:00,all-devices-state-drain,52967,70.2,239264,5216,2787,2267,200,4.9,,200,58.2,,200,103.0,,200,446.9,,200,88.3,,0.0,0.0,0.0,0.0,0.0,18803.0,0.0,0.0,0.0,0.0,18803.0,0.0,40.0,4.0,0.0,0.0,4.0,0.0,0.0,68667.0,18806.0,0.0,651.0,67692.0,56.0,0.0,0.0,0.0,0.0,0.0
2026-09-27T12:03:46.071878+08:00,all-devices-state-drain,52967,34.2,197488,,,,200,5.1,,200,31.3,,200,97.1,,200,471.8,,200,74.0,,0.0,0.0,0.0,0.0,0.0,17251.0,0.0,0.0,0.0,0.0,17251.0,0.0,28.0,4.0,0.0,0.0,4.0,0.0,0.0,68667.0,17251.0,0.0,651.0,67692.0,56.0,0.0,0.0,0.0,0.0,0.0
2026-09-27T12:03:51.078096+08:00,all-devices-state-drain,52967,31.6,273248,,,,200,9.0,,200,56.3,,200,527.6,,200,1590.3,,200,463.3,,0.0,0.0,0.0,0.0,0.0,17251.0,0.0,0.0,0.0,0.0,17251.0,0.0,36.0,4.0,0.0,0.0,4.0,0.0,0.0,68667.0,17251.0,0.0,651.0,67692.0,56.0,0.0,0.0,0.0,0.0,0.0
2026-09-27T12:03:56.077949+08:00,all-devices-state-drain,52967,69.4,160944,5271,2733,2264,200,8.0,,200,113.6,,200,132.5,,200,566.3,,200,170.3,,0.0,0.0,0.0,0.0,0.0,17251.0,0.0,0.0,0.0,0.0,17251.0,0.0,33.0,4.0,0.0,0.0,4.0,0.0,0.0,68667.0,17251.0,0.0,651.0,67692.0,56.0,0.0,0.0,0.0,0.0,0.0
2026-09-27T12:04:01.081531+08:00,all-devices-state-drain,52967,73.0,230576,,,,200,8.7,,200,26.0,,200,74.3,,200,456.7,,200,66.4,,0.0,0.0,0.0,0.0,0.0,15983.0,0.0,0.0,0.0,0.0,15983.0,0.0,55.0,4.0,0.0,0.0,4.0,0.0,0.0,68667.0,15983.0,0.0,651.0,67692.0,56.0,0.0,0.0,0.0,0.0,0.0
2026-09-27T12:04:06.083587+08:00,all-devices-state-drain,52967,36.4,184896,,,,200,5.8,,200,63.7,,200,89.1,,200,542.7,,200,84.9,,0.0,0.0,0.0,0.0,0.0,15983.0,0.0,0.0,0.0,0.0,15983.0,0.0,25.0,4.0,0.0,0.0,4.0,0.0,0.0,68667.0,15983.0,0.0,651.0,67692.0,56.0,0.0,0.0,0.0,0.0,0.0
2026-09-27T12:04:11.086222+08:00,all-devices-state-drain,52967,26.1,227488,5305,2699,2259,200,12.3,,200,117.7,,200,268.7,,200,1862.1,,200,516.8,,0.0,0.0,0.0,0.0,0.0,15983.0,0.0,0.0,0.0,0.0,15983.0,0.0,25.0,4.0,0.0,0.0,4.0,0.0,0.0,68667.0,15983.0,0.0,651.0,67692.0,56.0,0.0,0.0,0.0,0.0,0.0
2026-09-27T12:04:16.089533+08:00,all-devices-state-drain,52967,49.5,160544,,,,200,7.9,,200,144.2,,200,182.5,,200,740.6,,200,153.0,,0.0,0.0,0.0,0.0,0.0,14735.0,0.0,0.0,0.0,0.0,14735.0,0.0,31.0,4.0,0.0,0.0,4.0,0.0,0.0,68667.0,14735.0,0.0,651.0,67692.0,56.0,0.0,0.0,0.0,0.0,0.0
2026-09-27T12:04:21.098188+08:00,all-devices-state-drain,52967,71.3,228912,,,,200,7.8,,200,100.5,,200,76.3,,200,458.6,,200,81.0,,0.0,0.0,0.0,0.0,0.0,14735.0,0.0,0.0,0.0,0.0,14735.0,0.0,9.0,4.0,0.0,0.0,4.0,0.0,0.0,68667.0,14735.0,0.0,651.0,67692.0,56.0,0.0,0.0,0.0,0.0,0.0
2026-09-27T12:04:26.119562+08:00,all-devices-state-drain,52967,36.5,214976,5305,2699,2257,200,52.8,,200,76.0,,200,122.9,,200,731.5,,200,183.6,,0.0,0.0,0.0,0.0,0.0,14735.0,0.0,0.0,0.0,0.0,14735.0,0.0,15.0,4.0,0.0,0.0,4.0,0.0,0.0,68667.0,14735.0,0.0,651.0,67692.0,56.0,0.0,0.0,0.0,0.0,0.0
2026-09-27T12:04:31.100446+08:00,all-devices-state-drain,52967,26.8,176944,,,,200,14.8,,200,74.0,,200,219.6,,200,717.1,,200,126.0,,0.0,0.0,0.0,0.0,0.0,13773.0,0.0,0.0,0.0,0.0,13773.0,0.0,48.0,4.0,0.0,0.0,4.0,0.0,0.0,68667.0,13773.0,0.0,651.0,67692.0,56.0,0.0,0.0,0.0,0.0,0.0
2026-09-27T12:04:36.105104+08:00,all-devices-state-drain,52967,95.3,238672,,,,200,10.7,,200,108.6,,200,117.4,,200,440.2,,200,124.8,,0.0,0.0,0.0,0.0,0.0,13773.0,0.0,0.0,0.0,0.0,13773.0,0.0,17.0,4.0,0.0,0.0,4.0,0.0,0.0,68667.0,13773.0,0.0,651.0,67692.0,56.0,0.0,0.0,0.0,0.0,0.0
2026-09-27T12:04:41.106395+08:00,all-devices-state-drain,52967,37.5,221680,5327,2677,2254,200,19.4,,200,118.6,,200,252.7,,200,845.7,,200,199.6,,0.0,0.0,0.0,0.0,0.0,13773.0,0.0,0.0,0.0,0.0,13773.0,0.0,17.0,4.0,0.0,0.0,4.0,0.0,0.0,68667.0,13773.0,0.0,651.0,67692.0,56.0,0.0,0.0,0.0,0.0,0.0
2026-09-27T12:04:46.107429+08:00,all-devices-state-drain,52967,33.0,198080,,,,200,4.2,,200,41.5,,200,61.7,,200,444.2,,200,120.0,,0.0,0.0,0.0,0.0,0.0,12564.0,0.0,0.0,0.0,0.0,12564.0,0.0,25.0,4.0,0.0,0.0,4.0,0.0,0.0,68667.0,12550.0,0.0,651.0,67692.0,56.0,0.0,0.0,0.0,0.0,0.0
2026-09-27T12:04:51.113075+08:00,all-devices-state-drain,52967,36.6,200096,,,,200,28.7,,200,455.7,,200,544.7,,200,1148.8,,200,583.3,,0.0,0.0,0.0,0.0,0.0,12564.0,0.0,0.0,0.0,0.0,12564.0,0.0,49.0,4.0,0.0,0.0,4.0,0.0,0.0,68667.0,12550.0,0.0,651.0,67692.0,56.0,0.0,0.0,0.0,0.0,0.0
2026-09-27T12:04:56.113821+08:00,all-devices-state-drain,52967,105.3,234400,5293,2711,2252,200,23.8,,200,386.1,,200,388.0,,200,738.8,,200,203.4,,0.0,0.0,0.0,0.0,0.0,12564.0,0.0,0.0,0.0,0.0,12564.0,0.0,59.0,4.0,0.0,0.0,4.0,0.0,0.0,68667.0,12550.0,0.0,651.0,67692.0,56.0,0.0,0.0,0.0,0.0,0.0
2026-09-27T12:05:01.118762+08:00,all-devices-state-drain,52967,39.8,225232,,,,200,7.7,,200,51.1,,200,142.5,,200,489.0,,200,158.3,,0.0,0.0,0.0,0.0,0.0,11260.0,0.0,0.0,0.0,0.0,11260.0,0.0,61.0,4.0,0.0,0.0,4.0,0.0,0.0,68667.0,11260.0,0.0,651.0,67692.0,56.0,0.0,0.0,0.0,0.0,0.0
2026-09-27T12:05:06.118742+08:00,all-devices-state-drain,52967,30.0,214144,,,,200,5.0,,200,101.1,,200,141.8,,200,427.9,,200,127.8,,0.0,0.0,0.0,0.0,0.0,11260.0,0.0,0.0,0.0,0.0,11260.0,0.0,49.0,4.0,0.0,0.0,4.0,0.0,0.0,68667.0,11260.0,0.0,651.0,67692.0,56.0,0.0,0.0,0.0,0.0,0.0
2026-09-27T12:05:11.125054+08:00,all-devices-state-drain,52967,32.0,198288,5227,2776,2249,200,8.4,,200,64.8,,200,180.7,,200,623.9,,200,201.9,,0.0,0.0,0.0,0.0,0.0,11260.0,0.0,0.0,0.0,0.0,11260.0,0.0,31.0,4.0,0.0,0.0,4.0,0.0,0.0,68667.0,11260.0,0.0,651.0,67692.0,56.0,0.0,0.0,0.0,0.0,0.0
2026-09-27T12:05:16.126101+08:00,all-devices-state-drain,52967,104.0,252160,,,,200,13.5,,200,145.4,,200,206.5,,200,648.9,,200,214.5,,0.0,0.0,0.0,0.0,0.0,9823.0,0.0,0.0,0.0,0.0,9823.0,0.0,20.0,4.0,0.0,0.0,4.0,0.0,0.0,68667.0,9830.0,0.0,651.0,67692.0,56.0,0.0,0.0,0.0,0.0,0.0
2026-09-27T12:05:21.131643+08:00,all-devices-state-drain,52967,39.2,243920,,,,200,6.2,,200,30.2,,200,68.0,,200,501.3,,200,127.8,,0.0,0.0,0.0,0.0,0.0,9823.0,0.0,0.0,0.0,0.0,9823.0,0.0,55.0,4.0,0.0,0.0,4.0,0.0,0.0,68667.0,9830.0,0.0,651.0,67692.0,56.0,0.0,0.0,0.0,0.0,0.0
2026-09-27T12:05:26.135206+08:00,all-devices-state-drain,52967,36.6,236480,5224,2779,2241,200,4.0,,200,72.0,,200,243.0,,200,1304.7,,200,155.1,,0.0,0.0,0.0,0.0,0.0,9823.0,0.0,0.0,0.0,0.0,9823.0,0.0,50.0,4.0,0.0,0.0,4.0,0.0,0.0,68667.0,9830.0,0.0,651.0,67692.0,56.0,0.0,0.0,0.0,0.0,0.0
2026-09-27T12:05:31.137859+08:00,all-devices-state-drain,52967,32.1,220128,,,,200,8.9,,200,31.2,,200,262.1,,200,793.8,,200,253.3,,0.0,0.0,0.0,0.0,0.0,8623.0,0.0,0.0,0.0,0.0,8623.0,0.0,61.0,4.0,0.0,0.0,4.0,0.0,0.0,68667.0,8614.0,0.0,651.0,67692.0,56.0,0.0,0.0,0.0,0.0,0.0
2026-09-27T12:05:36.140808+08:00,all-devices-state-drain,52967,120.8,258416,,,,200,7.1,,200,95.4,,200,173.1,,200,419.5,,200,162.6,,0.0,0.0,0.0,0.0,0.0,8623.0,0.0,0.0,0.0,0.0,8623.0,0.0,32.0,4.0,0.0,0.0,4.0,0.0,0.0,68667.0,8614.0,0.0,651.0,67692.0,56.0,0.0,0.0,0.0,0.0,0.0
2026-09-27T12:05:41.142460+08:00,all-devices-state-drain,52967,44.7,241248,5364,2640,2238,200,25.1,,200,50.3,,200,171.5,,200,748.7,,200,165.8,,0.0,0.0,0.0,0.0,0.0,8623.0,0.0,0.0,0.0,0.0,8623.0,0.0,13.0,4.0,0.0,0.0,4.0,0.0,0.0,68667.0,8614.0,0.0,651.0,67692.0,56.0,0.0,0.0,0.0,0.0,0.0
2026-09-27T12:05:46.142848+08:00,all-devices-state-drain,52967,32.6,220160,,,,200,7.5,,200,85.5,,200,140.4,,200,551.7,,200,107.1,,0.0,0.0,0.0,0.0,0.0,7164.0,0.0,0.0,0.0,0.0,7164.0,0.0,26.0,4.0,0.0,0.0,4.0,0.0,0.0,68667.0,7147.0,0.0,651.0,67692.0,56.0,0.0,0.0,0.0,0.0,0.0
2026-09-27T12:05:51.145726+08:00,all-devices-state-drain,52967,30.1,204320,,,,200,3.4,,200,98.9,,200,167.8,,200,801.3,,200,162.5,,0.0,0.0,0.0,0.0,0.0,7164.0,0.0,0.0,0.0,0.0,7164.0,0.0,30.0,4.0,0.0,0.0,4.0,0.0,0.0,68667.0,7147.0,0.0,651.0,67692.0,56.0,0.0,0.0,0.0,0.0,0.0
2026-09-27T12:05:56.154405+08:00,all-devices-state-drain,52967,106.6,233696,5257,2747,2236,200,21.6,,200,413.5,,200,185.9,,200,886.0,,200,190.4,,0.0,0.0,0.0,0.0,0.0,7164.0,0.0,0.0,0.0,0.0,7164.0,0.0,16.0,4.0,0.0,0.0,4.0,0.0,0.0,68667.0,7147.0,0.0,651.0,67692.0,56.0,0.0,0.0,0.0,0.0,0.0
2026-09-27T12:06:01.155440+08:00,all-devices-state-drain,52967,37.7,223792,,,,200,19.5,,200,180.2,,200,199.1,,200,532.2,,200,139.4,,0.0,0.0,0.0,0.0,0.0,5824.0,0.0,0.0,0.0,0.0,5824.0,0.0,35.0,4.0,0.0,0.0,4.0,0.0,0.0,68667.0,5824.0,0.0,651.0,67692.0,56.0,0.0,0.0,0.0,0.0,0.0
2026-09-27T12:06:06.159531+08:00,all-devices-state-drain,52967,31.6,219376,,,,200,11.5,,200,120.0,,200,135.8,,200,521.9,,200,145.3,,0.0,0.0,0.0,0.0,0.0,5824.0,0.0,0.0,0.0,0.0,5824.0,0.0,54.0,4.0,0.0,0.0,4.0,0.0,0.0,68667.0,5824.0,0.0,651.0,67692.0,56.0,0.0,0.0,0.0,0.0,0.0
2026-09-27T12:06:11.174733+08:00,all-devices-state-drain,52967,27.3,223776,5293,2711,2235,200,19.6,,200,53.8,,200,161.9,,200,615.3,,200,203.2,,0.0,0.0,0.0,0.0,0.0,5824.0,0.0,0.0,0.0,0.0,5824.0,0.0,21.0,4.0,0.0,0.0,4.0,0.0,0.0,68667.0,5824.0,0.0,651.0,67692.0,56.0,0.0,0.0,0.0,0.0,0.0
2026-09-27T12:06:16.179611+08:00,all-devices-state-drain,52967,90.0,242752,,,,200,6.1,,200,121.0,,200,158.6,,200,750.8,,200,143.2,,0.0,0.0,0.0,0.0,0.0,4672.0,0.0,0.0,0.0,0.0,4672.0,0.0,29.0,4.0,0.0,0.0,4.0,0.0,0.0,68667.0,4672.0,0.0,651.0,67692.0,56.0,0.0,0.0,0.0,0.0,0.0
2026-09-27T12:06:21.182296+08:00,all-devices-state-drain,52967,48.6,245808,,,,200,2.8,,200,45.9,,200,97.2,,200,549.2,,200,79.4,,0.0,0.0,0.0,0.0,0.0,4672.0,0.0,0.0,0.0,0.0,4672.0,0.0,20.0,4.0,0.0,0.0,4.0,0.0,0.0,68667.0,4672.0,0.0,651.0,67692.0,56.0,0.0,0.0,0.0,0.0,0.0
2026-09-27T12:06:26.186529+08:00,all-devices-state-drain,52967,19.5,242848,5388,2615,2233,200,16.4,,200,197.3,,200,209.6,,200,869.9,,200,99.6,,0.0,0.0,0.0,0.0,0.0,4672.0,0.0,0.0,0.0,0.0,4672.0,0.0,30.0,4.0,0.0,0.0,4.0,0.0,0.0,68667.0,4672.0,0.0,651.0,67692.0,56.0,0.0,0.0,0.0,0.0,0.0
2026-09-27T12:06:31.186240+08:00,all-devices-state-drain,52967,34.2,196416,,,,200,5.8,,200,65.4,,200,85.9,,200,471.1,,200,94.0,,0.0,0.0,0.0,0.0,0.0,3304.0,0.0,0.0,0.0,0.0,3304.0,0.0,16.0,4.0,0.0,0.0,4.0,0.0,0.0,68667.0,3304.0,0.0,651.0,67692.0,56.0,0.0,0.0,0.0,0.0,0.0
2026-09-27T12:06:36.192797+08:00,all-devices-state-drain,52967,27.8,163616,,,,200,24.3,,200,338.9,,200,394.1,,200,715.0,,200,286.7,,0.0,0.0,0.0,0.0,0.0,3304.0,0.0,0.0,0.0,0.0,3304.0,0.0,61.0,4.0,0.0,0.0,4.0,0.0,0.0,68667.0,3304.0,0.0,651.0,67692.0,56.0,0.0,0.0,0.0,0.0,0.0
2026-09-27T12:06:41.196704+08:00,all-devices-state-drain,52967,116.3,263936,5301,2703,2231,200,14.7,,200,74.3,,200,124.0,,200,800.3,,200,124.5,,0.0,0.0,0.0,0.0,0.0,3304.0,0.0,0.0,0.0,0.0,3304.0,0.0,35.0,4.0,0.0,0.0,4.0,0.0,0.0,68667.0,3304.0,0.0,651.0,67692.0,56.0,0.0,0.0,0.0,0.0,0.0
2026-09-27T12:06:46.197852+08:00,all-devices-state-drain,52967,18.9,243136,,,,200,16.5,,200,116.9,,200,201.0,,200,923.4,,200,215.9,,0.0,0.0,0.0,0.0,0.0,2173.0,0.0,0.0,0.0,0.0,2173.0,0.0,36.0,4.0,0.0,0.0,4.0,0.0,0.0,68667.0,2173.0,0.0,651.0,67692.0,56.0,0.0,0.0,0.0,0.0,0.0
2026-09-27T12:06:51.201329+08:00,all-devices-state-drain,52967,37.9,250144,,,,200,6.2,,200,46.4,,200,116.6,,200,432.9,,200,81.9,,0.0,0.0,0.0,0.0,0.0,2173.0,0.0,0.0,0.0,0.0,2173.0,0.0,41.0,4.0,0.0,0.0,4.0,0.0,0.0,68667.0,2173.0,0.0,651.0,67692.0,56.0,0.0,0.0,0.0,0.0,0.0
2026-09-27T12:06:56.206880+08:00,all-devices-state-drain,52967,65.9,250096,5387,2617,2228,200,8.5,,200,34.8,,200,99.5,,200,539.8,,200,85.9,,0.0,0.0,0.0,0.0,0.0,2173.0,0.0,0.0,0.0,0.0,2173.0,0.0,22.0,4.0,0.0,0.0,4.0,0.0,0.0,68667.0,2173.0,0.0,651.0,67692.0,56.0,0.0,0.0,0.0,0.0,0.0
2026-09-27T12:07:01.207940+08:00,all-devices-state-drain,52967,68.7,258816,,,,200,5.4,,200,40.8,,200,120.0,,200,616.5,,200,95.7,,0.0,0.0,0.0,0.0,0.0,874.0,0.0,0.0,0.0,0.0,874.0,0.0,16.0,4.0,0.0,0.0,4.0,0.0,0.0,68667.0,874.0,0.0,651.0,67692.0,56.0,0.0,0.0,0.0,0.0,0.0
2026-09-27T12:07:06.251724+08:00,all-devices-state-drain,52967,33.9,224736,,,,200,19.4,,200,155.6,,200,309.2,,200,703.9,,200,253.9,,0.0,0.0,0.0,0.0,0.0,874.0,0.0,0.0,0.0,0.0,874.0,0.0,18.0,4.0,0.0,0.0,4.0,0.0,0.0,68667.0,874.0,0.0,651.0,67692.0,56.0,0.0,0.0,0.0,0.0,0.0
2026-09-27T12:07:11.247488+08:00,all-devices-state-drain,52967,18.1,243872,5367,2637,2229,200,4.9,,200,91.8,,200,129.2,,200,688.3,,200,174.0,,0.0,0.0,0.0,0.0,0.0,874.0,0.0,0.0,0.0,0.0,874.0,0.0,13.0,4.0,0.0,0.0,4.0,0.0,0.0,68667.0,874.0,0.0,651.0,67692.0,56.0,0.0,0.0,0.0,0.0,0.0
2026-09-27T12:07:16.258713+08:00,all-devices-state-drain,52967,19.6,239392,,,,200,6.7,,200,54.9,,200,180.1,,200,1355.9,,200,156.8,,0.0,0.0,0.0,0.0,0.0,0.0,0.0,0.0,0.0,0.0,0.0,0.0,1.0,4.0,0.0,0.0,4.0,0.0,0.0,68667.0,0.0,0.0,651.0,67692.0,56.0,0.0,0.0,0.0,0.0,0.0
2026-09-27T12:07:21.266505+08:00,all-devices-state-drain,52967,32.4,250464,,,,200,5.7,,200,70.6,,200,74.5,,200,372.2,,200,75.5,,0.0,0.0,0.0,0.0,0.0,0.0,0.0,0.0,0.0,0.0,0.0,0.0,1.0,4.0,0.0,0.0,4.0,0.0,0.0,68667.0,0.0,0.0,651.0,67692.0,56.0,0.0,0.0,0.0,0.0,0.0
2026-09-27T12:07:26.270714+08:00,all-devices-state-drain,52967,107.3,270256,5227,2777,2229,200,14.3,,200,359.7,,200,295.6,,200,673.6,,200,345.8,,0.0,0.0,0.0,0.0,0.0,0.0,0.0,0.0,0.0,0.0,0.0,0.0,2.0,4.0,0.0,0.0,4.0,0.0,0.0,68667.0,0.0,0.0,651.0,67692.0,56.0,0.0,0.0,0.0,0.0,0.0
2026-09-27T12:07:31.277355+08:00,all-devices-state-drain,52967,25.7,272352,,,,200,5.4,,200,33.5,,200,48.9,,200,315.9,,200,58.4,,0.0,0.0,0.0,0.0,0.0,0.0,0.0,0.0,0.0,0.0,0.0,0.0,5.0,4.0,0.0,0.0,4.0,0.0,0.0,68667.0,0.0,0.0,651.0,67692.0,56.0,0.0,0.0,0.0,0.0,0.0
2026-09-27T12:07:36.284311+08:00,all-devices-state-recovery,52967,17.1,247280,,,,200,3.7,,200,29.6,,200,53.4,,200,294.5,,200,49.2,,0.0,0.0,0.0,0.0,0.0,0.0,0.0,0.0,0.0,0.0,0.0,0.0,3.0,4.0,0.0,0.0,4.0,0.0,0.0,68667.0,0.0,0.0,651.0,67692.0,56.0,0.0,0.0,0.0,0.0,0.0
2026-09-27T12:07:41.285359+08:00,all-devices-state-recovery,52967,16.8,269280,5247,2756,2225,200,4.1,,200,36.0,,200,54.5,,200,332.2,,200,57.7,,0.0,0.0,0.0,0.0,0.0,0.0,0.0,0.0,0.0,0.0,0.0,0.0,2.0,4.0,0.0,0.0,4.0,0.0,0.0,68667.0,0.0,0.0,651.0,67692.0,56.0,0.0,0.0,0.0,0.0,0.0
2026-09-27T12:07:46.289153+08:00,all-devices-state-recovery,52967,62.8,242592,,,,200,2.5,,200,55.4,,200,67.2,,200,683.5,,200,208.0,,0.0,0.0,0.0,0.0,0.0,0.0,0.0,0.0,0.0,0.0,0.0,0.0,5.0,4.0,0.0,0.0,4.0,0.0,0.0,68667.0,0.0,0.0,651.0,67692.0,56.0,0.0,0.0,0.0,0.0,0.0
2026-09-27T12:07:51.292549+08:00,before-mixed,52967,20.3,229728,,,,200,5.7,,200,34.4,,200,77.3,,200,346.2,,200,96.6,,0.0,0.0,0.0,0.0,0.0,0.0,0.0,0.0,0.0,0.0,0.0,0.0,4.0,4.0,0.0,0.0,4.0,0.0,0.0,68667.0,0.0,0.0,651.0,67692.0,56.0,0.0,0.0,0.0,0.0,0.0
2026-09-27T12:07:56.301587+08:00,before-mixed,52967,17.7,231904,5278,2726,2224,200,7.1,,200,275.1,,200,120.1,,200,476.8,,200,123.9,,0.0,0.0,0.0,0.0,0.0,0.0,0.0,0.0,0.0,0.0,0.0,0.0,4.0,4.0,0.0,0.0,4.0,0.0,0.0,68667.0,0.0,0.0,651.0,67692.0,56.0,0.0,0.0,0.0,0.0,0.0
2026-09-27T12:08:01.308850+08:00,mixed-inspection-refresh,52967,65.4,309056,,,,200,5.9,,200,225.7,,200,214.8,,200,607.0,,200,185.7,,0.0,0.0,0.0,0.0,0.0,0.0,0.0,0.0,0.0,0.0,0.0,0.0,2.0,4.0,0.0,0.0,4.0,0.0,0.0,68667.0,0.0,0.0,651.0,67692.0,56.0,0.0,0.0,0.0,0.0,0.0
2026-09-27T12:08:06.313938+08:00,mixed-inspection-refresh,52967,96.6,383696,,,,200,6.7,,200,113.9,,200,278.5,,200,629.8,,200,203.7,,0.0,0.0,0.0,0.0,0.0,0.0,0.0,0.0,0.0,0.0,0.0,0.0,4.0,4.0,0.0,0.0,4.0,0.0,0.0,68667.0,0.0,0.0,651.0,67692.0,56.0,0.0,0.0,0.0,0.0,0.0
2026-09-27T12:08:11.315496+08:00,mixed-inspection-refresh,52967,18.6,291264,5395,2609,2218,200,15.8,,200,136.8,,200,134.3,,200,685.4,,200,96.0,,0.0,0.0,0.0,0.0,0.0,0.0,0.0,0.0,0.0,0.0,0.0,0.0,2.0,4.0,0.0,0.0,4.0,0.0,0.0,68667.0,0.0,0.0,651.0,67692.0,56.0,0.0,0.0,0.0,0.0,0.0
2026-09-27T12:08:16.323527+08:00,mixed-inspection-refresh,52967,17.8,475424,,,,200,4.3,,200,45.1,,200,249.5,,200,592.6,,200,218.3,,0.0,0.0,0.0,0.0,0.0,0.0,0.0,0.0,0.0,0.0,0.0,0.0,2.0,4.0,0.0,0.0,4.0,0.0,0.0,68667.0,0.0,0.0,651.0,67692.0,56.0,0.0,0.0,0.0,0.0,0.0
2026-09-27T12:08:21.333121+08:00,mixed-inspection-refresh,52967,107.9,484464,,,,200,3.5,,200,27.9,,200,66.4,,200,370.0,,200,52.9,,0.0,0.0,0.0,0.0,0.0,0.0,0.0,0.0,0.0,0.0,0.0,0.0,1.0,4.0,0.0,0.0,4.0,0.0,0.0,68667.0,0.0,0.0,651.0,67692.0,56.0,0.0,0.0,0.0,0.0,0.0
2026-09-27T12:08:26.342231+08:00,mixed-inspection-refresh,52967,84.3,432384,5344,2660,2216,200,2.0,,200,138.9,,200,185.9,,200,518.7,,200,156.0,,0.0,0.0,0.0,0.0,0.0,0.0,0.0,0.0,0.0,0.0,0.0,0.0,0.0,4.0,0.0,0.0,4.0,0.0,0.0,68667.0,0.0,0.0,651.0,67692.0,56.0,0.0,0.0,0.0,0.0,0.0
2026-09-27T12:08:31.356703+08:00,mixed-50,52967,31.9,295920,,,,200,32.7,,200,320.0,,200,523.8,,200,1770.7,,200,655.7,,0.0,0.0,0.0,0.0,0.0,0.0,0.0,0.0,0.0,0.0,0.0,0.0,2.0,4.0,0.0,38.015595051632374,4.0,0.0,0.0,68805.0,0.0,0.0,651.0,67838.0,56.0,0.0,0.0,0.0,0.0,0.0
2026-09-27T12:08:36.358586+08:00,mixed-50,52967,43.9,298752,,,,200,19.9,,200,597.4,,200,2192.5,,,4013.9,timed out,200,2320.5,,0.0,0.0,0.0,1.0,0.0,0.0,0.0,0.0,0.0,0.0,0.0,0.0,21.0,4.0,0.0,16.480417120270076,4.0,0.0,0.0,68956.0,0.0,0.0,651.0,67988.0,56.0,0.0,0.0,0.0,0.0,0.0
2026-09-27T12:08:41.366432+08:00,mixed-50,52967,101.5,340048,5469,2535,2226,200,15.1,,200,912.7,,200,2428.1,,,4003.1,timed out,200,2410.5,,0.0,0.0,0.0,1.0,0.0,0.0,0.0,0.0,0.0,0.0,0.0,0.0,12.0,4.0,0.0,30.362759571363913,4.0,0.0,0.0,69064.0,0.0,0.0,651.0,68140.0,56.0,0.0,0.0,0.0,0.0,0.0
2026-09-27T12:08:46.798818+08:00,mixed-50,52967,61.0,317920,,,,200,20.3,,200,1194.7,,200,1707.3,,200,3186.3,,200,2393.6,,0.0,0.0,0.0,1.0,0.0,352.0,1.0,0.0,85.0,0.0,266.0,0.0,11.0,4.0,0.0,32.9633913915643,4.0,0.0,0.0,69238.0,335.0,0.0,651.0,68319.0,56.0,0.0,0.0,0.0,0.0,0.0
2026-09-27T12:08:51.811729+08:00,mixed-50,52967,56.8,364992,,,,200,19.9,,200,481.9,,200,969.5,,200,1098.1,,200,1049.7,,0.0,0.0,0.0,2.0,0.0,352.0,1.0,0.0,85.0,0.0,266.0,0.0,13.0,4.0,0.0,55.973060914466124,4.0,0.0,0.0,69482.0,335.0,0.0,651.0,68548.0,56.0,0.0,0.0,0.0,0.0,0.0
2026-09-27T12:08:56.840788+08:00,mixed-50,52967,58.8,285936,5449,2554,2221,200,28.6,,200,831.2,,200,1795.9,,200,1943.9,,200,1727.3,,0.0,0.0,1.0,2.0,0.0,352.0,1.0,0.0,85.0,0.0,266.0,0.0,15.0,4.0,0.0,66.0024026955738,4.0,0.0,0.0,69828.0,335.0,0.0,651.0,68881.0,56.0,0.0,0.0,0.0,0.0,0.0
2026-09-27T12:09:01.831589+08:00,mixed-50,52967,67.1,332144,,,,200,8.8,,200,536.8,,200,1447.9,,200,2355.9,,200,1519.1,,0.0,0.0,1.0,2.0,0.0,875.0,1.0,0.0,83.0,0.0,791.0,0.0,10.0,4.0,0.0,44.8230683465732,4.0,0.0,0.0,70034.0,865.0,0.0,651.0,69104.0,56.0,0.0,0.0,0.0,0.0,0.0
2026-09-27T12:09:06.836146+08:00,mixed-50,52967,49.5,323056,,,,200,3.3,,200,280.0,,200,991.6,,200,1756.6,,200,1130.5,,0.0,0.0,1.0,2.0,0.0,875.0,1.0,0.0,83.0,0.0,791.0,0.0,20.0,4.0,0.0,52.79995066032423,4.0,0.0,0.0,70304.0,865.0,0.0,651.0,69339.0,56.0,0.0,0.0,0.0,0.0,0.0
2026-09-27T12:09:11.841674+08:00,mixed-50,52967,36.7,264544,5458,2545,2247,200,12.5,,200,139.1,,200,636.5,,200,1126.9,,200,100.6,,0.0,0.0,1.0,8.0,0.0,875.0,1.0,0.0,83.0,0.0,791.0,0.0,13.0,4.0,0.0,0.0,4.0,0.0,0.0,70573.0,865.0,0.0,651.0,69548.0,56.0,0.0,0.0,0.0,0.0,0.0
2026-09-27T12:09:16.864313+08:00,mixed-50-drain,52967,21.9,185696,,,,200,50.5,,200,429.1,,200,457.1,,200,1663.9,,200,685.0,,0.0,0.0,2.0,12.0,0.0,1192.0,7.0,0.0,0.0,0.0,1185.0,0.0,47.0,4.0,0.0,0.0,4.0,0.0,0.0,70573.0,1185.0,0.0,651.0,69548.0,56.0,0.0,0.0,0.0,0.0,0.0
2026-09-27T12:09:21.861628+08:00,mixed-50-drain,52967,52.6,234112,,,,200,14.0,,200,136.4,,200,442.6,,200,1210.9,,200,238.3,,0.0,0.0,2.0,18.0,0.0,1192.0,7.0,0.0,0.0,0.0,1185.0,0.0,30.0,4.0,0.0,0.0,4.0,0.0,0.0,70573.0,1185.0,0.0,651.0,69548.0,56.0,0.0,0.0,0.0,0.0,0.0
2026-09-27T12:09:26.870014+08:00,mixed-50-drain,52967,54.2,233760,5661,2343,2244,200,8.4,,200,350.6,,200,715.3,,200,1100.0,,200,289.5,,0.0,0.0,3.0,19.0,0.0,1192.0,7.0,0.0,0.0,0.0,1185.0,0.0,42.0,4.0,0.0,0.0,4.0,0.0,0.0,70573.0,1185.0,0.0,651.0,69548.0,56.0,0.0,0.0,0.0,0.0,0.0
2026-09-27T12:09:31.878655+08:00,mixed-50-recovery,52967,114.1,267936,,,,200,7.9,,200,117.0,,200,84.1,,200,439.5,,200,47.9,,0.0,0.0,3.0,19.0,0.0,16.0,16.0,0.0,0.0,0.0,0.0,0.0,4.0,4.0,0.0,0.0,4.0,0.0,0.0,70573.0,0.0,0.0,651.0,69548.0,56.0,0.0,0.0,0.0,0.0,0.0
2026-09-27T12:09:36.879295+08:00,mixed-50-recovery,52967,18.3,245376,,,,200,5.5,,200,29.2,,200,62.5,,200,302.5,,200,71.7,,0.0,0.0,4.0,19.0,0.0,16.0,16.0,0.0,0.0,0.0,0.0,0.0,1.0,4.0,0.0,0.0,4.0,0.0,0.0,70573.0,0.0,0.0,651.0,69548.0,56.0,0.0,0.0,0.0,0.0,0.0
2026-09-27T12:09:41.880857+08:00,mixed-100,52967,41.7,330576,5524,2480,2241,200,19.2,,200,1053.0,,200,1230.5,,200,2460.0,,200,1326.0,,0.0,0.0,4.0,19.0,0.0,16.0,16.0,0.0,0.0,0.0,0.0,0.0,2.0,4.0,0.0,9.786891122729207,4.0,0.0,0.0,70573.0,0.0,0.0,651.0,69560.0,56.0,0.0,0.0,0.0,0.0,0.0
2026-09-27T12:09:46.894111+08:00,mixed-100,52967,116.8,442544,,,,200,10.9,,200,403.7,,200,1095.7,,200,1905.8,,200,1735.2,,0.0,0.0,5.0,19.0,0.0,54.0,15.0,0.0,39.0,0.0,0.0,0.0,0.0,4.0,0.0,57.53418137978864,4.0,0.0,0.0,70798.0,21.0,0.0,651.0,69848.0,56.0,0.0,0.0,0.0,0.0,0.0
2026-09-27T12:09:51.899418+08:00,mixed-100,52967,48.6,375696,,,,200,54.1,,200,1822.4,,200,2540.0,,200,3251.7,,200,3007.3,,0.0,0.0,5.0,19.0,0.0,54.0,15.0,0.0,39.0,0.0,0.0,0.0,3.0,4.0,0.0,68.63592789058042,4.0,0.0,0.0,71072.0,21.0,0.0,651.0,70187.0,56.0,0.0,0.0,0.0,0.0,0.0
2026-09-27T12:09:56.904648+08:00,mixed-100,52967,131.8,477264,5591,2412,2231,200,22.9,,200,477.8,,200,1264.9,,200,1279.5,,200,1127.3,,0.0,0.0,5.0,20.0,0.0,54.0,15.0,0.0,39.0,0.0,0.0,0.0,1.0,4.0,0.0,74.75175642363499,4.0,0.0,0.0,71368.0,21.0,0.0,651.0,70558.0,56.0,0.0,0.0,0.0,0.0,0.0
2026-09-27T12:10:01.914364+08:00,mixed-100,52967,71.3,387152,,,,200,22.1,,200,1037.4,,200,1725.1,,200,3254.0,,200,1810.7,,0.0,0.0,5.0,21.0,0.0,1012.0,15.0,0.0,348.0,0.0,649.0,0.0,1.0,4.0,0.0,84.69032277161268,4.0,0.0,0.0,71737.0,1024.0,0.0,651.0,70983.0,56.0,0.0,0.0,0.0,0.0,0.0
2026-09-27T12:10:06.915069+08:00,mixed-100,52967,114.1,430240,,,,200,15.6,,200,556.5,,200,2291.9,,,4013.3,timed out,200,2205.6,,0.0,0.0,6.0,23.0,0.0,1012.0,15.0,0.0,348.0,0.0,649.0,0.0,1.0,4.0,0.0,61.94990934115073,4.0,0.0,0.0,72002.0,1024.0,0.0,651.0,71259.0,56.0,0.0,0.0,0.0,0.0,0.0
2026-09-27T12:10:11.931190+08:00,mixed-100,52967,92.1,353408,5875,2129,2230,200,28.4,,200,1326.7,,200,3671.4,,,4002.8,timed out,200,3044.6,,0.0,0.0,6.0,23.0,0.0,1012.0,15.0,0.0,348.0,0.0,649.0,0.0,1.0,4.0,0.0,43.3137464433491,4.0,0.0,0.0,72194.0,1024.0,0.0,651.0,71476.0,56.0,0.0,0.0,0.0,0.0,0.0
2026-09-27T12:10:17.745482+08:00,mixed-100,52967,114.5,385072,,,,200,16.4,,200,586.5,,200,1226.1,,200,1951.5,,200,941.3,,0.0,0.0,6.0,23.0,0.0,1791.0,17.0,0.0,491.0,0.0,1283.0,0.0,3.0,4.0,0.0,49.50039442687723,4.0,0.0,0.0,72437.0,1766.0,0.0,651.0,71764.0,56.0,0.0,0.0,0.0,0.0,0.0
2026-09-27T12:10:22.757363+08:00,mixed-100,52967,44.7,376784,,,,200,3.0,,200,129.6,,200,404.8,,200,1125.0,,200,288.5,,0.0,0.0,6.0,24.0,0.0,1791.0,17.0,0.0,491.0,0.0,1283.0,0.0,1.0,4.0,0.0,207.7946503647591,4.0,0.0,0.0,72918.0,1766.0,0.0,651.0,72244.0,56.0,0.0,0.0,0.0,0.0,0.0
2026-09-27T12:10:27.764747+08:00,mixed-100-drain,52967,75.9,251792,5670,2334,2223,200,24.9,,200,653.3,,200,862.4,,200,1411.0,,200,263.5,,0.0,0.0,7.0,32.0,0.0,1762.0,22.0,0.0,0.0,0.0,1740.0,0.0,2.0,4.0,0.0,0.0,4.0,0.0,0.0,73405.0,1740.0,0.0,651.0,72301.0,56.0,0.0,0.0,0.0,0.0,0.0
2026-09-27T12:10:32.769597+08:00,mixed-100-drain,52967,76.7,234416,,,,200,14.0,,200,88.3,,200,136.6,,200,445.4,,200,69.0,,0.0,0.0,7.0,35.0,0.0,1762.0,22.0,0.0,0.0,0.0,1740.0,0.0,24.0,4.0,0.0,0.0,4.0,0.0,0.0,73405.0,1740.0,0.0,651.0,72301.0,56.0,0.0,0.0,0.0,0.0,0.0
2026-09-27T12:10:37.772141+08:00,mixed-100-drain,52967,87.3,355840,,,,200,24.2,,200,136.0,,200,249.9,,200,927.8,,200,140.3,,0.0,10.0,8.0,38.0,0.0,1762.0,22.0,0.0,0.0,0.0,1740.0,0.0,51.0,4.0,0.0,0.0,4.0,0.0,0.0,73405.0,1740.0,0.0,651.0,72301.0,56.0,0.0,0.0,0.0,0.0,0.0
2026-09-27T12:10:42.782842+08:00,mixed-100-drain,52967,29.5,257216,5551,2453,2218,200,4.0,,200,56.8,,200,152.7,,200,496.6,,200,56.1,,0.0,10.0,8.0,40.0,0.0,163.0,22.0,0.0,0.0,0.0,141.0,0.0,7.0,4.0,0.0,0.0,4.0,0.0,0.0,73405.0,141.0,0.0,651.0,72301.0,56.0,0.0,0.0,0.0,0.0,0.0
2026-09-27T12:10:47.789470+08:00,mixed-100-drain,52967,16.9,243200,,,,200,3.4,,200,39.3,,200,129.4,,200,383.7,,200,52.6,,0.0,10.0,9.0,40.0,0.0,163.0,22.0,0.0,0.0,0.0,141.0,0.0,3.0,4.0,0.0,0.0,4.0,0.0,0.0,73405.0,141.0,0.0,651.0,72301.0,56.0,0.0,0.0,0.0,0.0,0.0
2026-09-27T12:10:52.795625+08:00,mixed-100-drain,52967,16.8,176368,,,,200,4.9,,200,37.7,,200,66.4,,200,409.1,,200,38.5,,0.0,10.0,9.0,40.0,0.0,163.0,22.0,0.0,0.0,0.0,141.0,0.0,5.0,4.0,0.0,0.0,4.0,0.0,0.0,73405.0,141.0,0.0,651.0,72301.0,56.0,0.0,0.0,0.0,0.0,0.0
2026-09-27T12:10:57.802513+08:00,mixed-100-recovery,52967,90.2,291808,5595,2409,2216,200,2.0,,200,213.0,,200,213.5,,200,1058.7,,200,71.3,,0.0,10.0,10.0,40.0,0.0,20.0,20.0,0.0,0.0,0.0,0.0,0.0,4.0,4.0,0.0,0.0,4.0,0.0,0.0,73405.0,0.0,0.0,651.0,72301.0,56.0,0.0,0.0,0.0,0.0,0.0
2026-09-27T12:11:02.806118+08:00,mixed-100-recovery,52967,19.1,302592,,,,200,4.2,,200,53.8,,200,128.8,,200,525.8,,200,64.8,,0.0,10.0,11.0,40.0,0.0,20.0,20.0,0.0,0.0,0.0,0.0,0.0,5.0,4.0,0.0,0.0,4.0,0.0,0.0,73405.0,0.0,0.0,651.0,72301.0,56.0,0.0,0.0,0.0,0.0,0.0
2026-09-27T12:11:07.808302+08:00,mixed-100-recovery,52967,18.8,194496,,,,200,5.5,,200,49.1,,200,122.7,,200,550.5,,200,61.8,,0.0,10.0,11.0,40.0,0.0,20.0,20.0,0.0,0.0,0.0,0.0,0.0,2.0,4.0,0.0,0.0,4.0,0.0,0.0,73405.0,0.0,0.0,651.0,72301.0,56.0,0.0,0.0,0.0,0.0,0.0
2026-09-27T12:11:12.819561+08:00,mixed-200,52967,167.3,436384,5538,2466,2238,200,3.3,,200,1321.8,,,4009.9,timed out,,4011.2,timed out,200,3090.5,,0.0,10.0,11.0,40.0,0.0,84.0,19.0,0.0,26.0,0.0,39.0,0.0,0.0,4.0,0.0,27.11238342786098,4.0,0.0,0.0,73447.0,60.0,0.0,651.0,72365.0,56.0,0.0,0.0,0.0,0.0,0.0
2026-09-27T12:11:17.826974+08:00,mixed-200,52967,63.7,422208,,,,200,8.6,,200,1485.8,,,4008.4,timed out,,4009.5,timed out,,4009.6,timed out,0.0,10.0,12.0,40.0,0.0,84.0,19.0,0.0,26.0,0.0,39.0,0.0,1.0,4.0,0.0,22.93493282953585,4.0,0.0,0.0,73507.0,60.0,0.0,651.0,72480.0,56.0,0.0,0.0,0.0,0.0,0.0
2026-09-27T12:11:22.837460+08:00,mixed-200,52967,29.1,319168,,,,200,12.5,,200,1254.3,,,4011.2,timed out,,4008.2,timed out,,4012.3,timed out,0.0,10.0,12.0,40.0,0.0,84.0,19.0,0.0,26.0,0.0,39.0,0.0,1.0,4.0,0.0,29.296814645312534,4.0,0.0,0.0,73605.0,60.0,0.0,651.0,72636.0,56.0,0.0,0.0,0.0,0.0,0.0
2026-09-27T12:11:27.863015+08:00,mixed-200,52967,80.6,486320,5398,2606,2259,200,24.9,,200,2528.1,,,4041.7,timed out,,4042.5,timed out,200,3987.9,,0.0,10.0,12.0,40.0,0.0,84.0,19.0,0.0,26.0,0.0,39.0,0.0,3.0,4.0,0.0,23.68701491435557,4.0,0.0,0.0,73669.0,438.0,0.0,666.0,72755.0,56.0,0.0,0.0,0.0,0.0,0.0
2026-09-27T12:11:32.854719+08:00,mixed-200,52967,46.0,274768,,,,200,3.6,,200,2288.4,,,4002.7,timed out,,4017.7,timed out,,4016.3,timed out,0.0,10.0,12.0,40.0,0.0,482.0,18.0,0.0,248.0,0.0,216.0,0.0,3.0,4.0,0.0,6.608020540438329,4.0,0.0,0.0,73738.0,438.0,0.0,718.0,72788.0,57.0,0.0,0.0,0.0,0.0,0.0
2026-09-27T12:11:37.860691+08:00,mixed-200,52967,33.3,392192,,,,200,7.8,,200,617.2,,,4004.8,timed out,,4003.0,timed out,,4006.4,timed out,0.0,10.0,13.0,40.0,0.0,482.0,18.0,0.0,248.0,0.0,216.0,0.0,2.0,4.0,0.0,19.715113369197763,4.0,0.0,0.0,73802.0,438.0,0.0,729.0,72875.0,58.0,0.0,0.0,0.0,0.0,0.0
2026-09-27T12:11:42.873899+08:00,mixed-200,52967,46.9,403680,5317,2687,2349,200,8.8,,,3010.8,HTTP Error 503: Service Unavailable,,4008.2,timed out,,4014.0,timed out,,4022.7,timed out,0.0,10.0,13.0,40.0,0.0,482.0,18.0,0.0,248.0,0.0,216.0,0.0,1.0,4.0,0.0,30.321772858203126,4.0,0.0,0.0,73873.0,438.0,0.0,762.0,73027.0,58.0,0.0,0.0,0.0,0.0,0.0
2026-09-27T12:11:50.331499+08:00,mixed-200,52967,110.3,412560,,,,200,17.5,,200,1278.2,,200,3667.1,,,4009.0,timed out,200,3508.5,,0.0,10.0,13.0,41.0,0.0,777.0,17.0,0.0,368.0,0.0,392.0,0.0,3.0,4.0,0.0,11.172136498518176,4.0,0.0,0.0,73945.0,764.0,0.0,815.0,73057.0,60.0,0.0,0.0,0.0,0.0,0.0
2026-09-27T12:11:55.337312+08:00,mixed-200,52967,78.1,310256,,,,200,9.6,,200,815.6,,200,1484.6,,200,1884.2,,200,1231.4,,0.0,10.0,13.0,41.0,0.0,777.0,17.0,0.0,368.0,0.0,392.0,0.0,0.0,4.0,0.0,37.16359577540979,4.0,0.0,0.0,74075.0,764.0,0.0,832.0,73243.0,62.0,0.0,0.0,0.0,0.0,0.0
2026-09-27T12:12:00.340380+08:00,mixed-200-drain,52967,54.9,349184,5351,2653,2338,200,1.8,,200,83.4,,200,194.7,,200,668.1,,200,86.3,,0.0,10.0,13.0,46.0,0.0,1111.0,18.0,0.0,470.0,0.0,623.0,0.0,2.0,4.0,0.0,0.0,4.0,0.0,0.0,74761.0,1095.0,0.0,856.0,73621.0,65.0,0.0,0.0,0.0,0.0,0.0
2026-09-27T12:12:05.356871+08:00,mixed-200-drain,52967,16.8,127648,,,,200,15.1,,200,143.3,,200,226.2,,200,772.1,,200,100.4,,0.0,10.0,14.0,54.0,0.0,1111.0,18.0,0.0,470.0,0.0,623.0,0.0,3.0,4.0,0.0,0.0,4.0,0.0,0.0,74857.0,1095.0,0.0,856.0,73621.0,65.0,0.0,0.0,0.0,0.0,0.0
2026-09-27T12:12:10.355759+08:00,mixed-200-drain,52967,47.2,197632,,,,200,7.2,,200,73.5,,200,143.3,,200,516.0,,200,121.1,,0.0,10.0,14.0,54.0,0.0,1111.0,18.0,0.0,470.0,0.0,623.0,0.0,3.0,4.0,0.0,0.0,4.0,0.0,0.0,74905.0,1095.0,0.0,856.0,73621.0,65.0,0.0,0.0,0.0,0.0,0.0
2026-09-27T12:12:15.368545+08:00,mixed-200-recovery,52967,36.8,239728,5366,2637,2312,200,32.7,,200,69.1,,200,94.0,,200,364.2,,200,74.2,,0.0,11.0,15.0,54.0,0.0,28.0,28.0,0.0,0.0,0.0,0.0,0.0,3.0,4.0,0.0,0.0,4.0,0.0,0.0,74905.0,0.0,0.0,856.0,73621.0,65.0,0.0,0.0,0.0,0.0,0.0
2026-09-27T12:12:20.375453+08:00,mixed-200-recovery,52967,16.4,227120,,,,200,7.9,,200,38.8,,200,67.6,,200,297.2,,200,47.2,,0.0,11.0,15.0,54.0,0.0,28.0,28.0,0.0,0.0,0.0,0.0,0.0,3.0,4.0,0.0,0.0,4.0,0.0,0.0,74905.0,0.0,0.0,856.0,73621.0,65.0,0.0,0.0,0.0,0.0,0.0
2026-09-27T12:12:25.382559+08:00,mixed-200-recovery,52967,16.8,202032,,,,200,4.4,,200,25.9,,200,76.5,,200,293.6,,200,30.6,,0.0,11.0,16.0,54.0,0.0,28.0,28.0,0.0,0.0,0.0,0.0,0.0,2.0,4.0,0.0,0.0,4.0,0.0,0.0,74905.0,0.0,0.0,856.0,73621.0,65.0,0.0,0.0,0.0,0.0,0.0
2026-09-27T12:12:30.393814+08:00,mixed-alarm-recovery,52967,99.7,256144,5256,2748,2308,200,25.1,,200,136.9,,200,497.0,,200,1102.8,,200,234.5,,0.0,12.0,17.0,54.0,0.0,71.0,27.0,0.0,14.0,0.0,30.0,0.0,2.0,4.0,0.0,90.23582014302617,4.0,0.0,0.0,75290.0,40.0,0.0,856.0,74019.0,65.0,0.0,0.0,0.0,0.0,0.0
2026-09-27T12:12:35.401292+08:00,mixed-alarm-recovery,52967,112.3,270416,,,,200,6.1,,200,74.6,,200,131.0,,200,834.6,,200,103.7,,0.0,12.0,17.0,54.0,0.0,71.0,27.0,0.0,14.0,0.0,30.0,0.0,4.0,4.0,0.0,106.43912981010885,4.0,0.0,0.0,75844.0,40.0,0.0,856.0,74548.0,65.0,0.0,0.0,0.0,0.0,0.0
2026-09-27T12:12:40.409490+08:00,mixed-alarm-recovery,52967,39.1,237616,,,,200,13.3,,200,253.1,,200,434.5,,200,1438.7,,200,634.1,,0.0,12.0,17.0,54.0,0.0,71.0,27.0,0.0,14.0,0.0,30.0,0.0,1.0,4.0,0.0,72.64647982650663,4.0,0.0,0.0,76196.0,40.0,0.0,856.0,74912.0,65.0,0.0,0.0,0.0,0.0,0.0
2026-09-27T12:12:45.417139+08:00,mixed-alarm-recovery,52967,46.8,251904,5507,2496,2306,200,20.6,,200,165.1,,200,448.9,,200,1534.0,,200,451.2,,0.0,16.0,18.0,54.0,0.0,204.0,22.0,0.0,39.0,0.0,143.0,0.0,3.0,4.0,0.0,103.47714591000575,4.0,0.0,0.0,76731.0,182.0,0.0,856.0,75430.0,65.0,0.0,0.0,0.0,0.0,0.0
2026-09-27T12:12:50.419376+08:00,mixed-alarm-recovery,52967,30.4,236112,,,,200,11.3,,200,429.5,,200,576.3,,200,1594.7,,200,497.5,,0.0,16.0,18.0,54.0,0.0,204.0,22.0,0.0,39.0,0.0,143.0,0.0,4.0,4.0,0.0,74.98149109922679,4.0,0.0,0.0,77248.0,182.0,0.0,856.0,75937.0,65.0,0.0,0.0,0.0,0.0,0.0
2026-09-27T12:12:55.432714+08:00,mixed-alarm-recovery,52967,31.9,253168,,,,200,18.4,,200,89.9,,200,346.6,,200,1160.8,,200,236.7,,0.0,20.0,19.0,54.0,0.0,204.0,22.0,0.0,39.0,0.0,143.0,0.0,3.0,4.0,0.0,100.05274112829649,4.0,0.0,0.0,77768.0,182.0,0.0,856.0,76439.0,65.0,0.0,0.0,0.0,0.0,0.0
2026-09-27T12:13:00.430343+08:00,mixed-alarm-recovery,52967,47.2,233968,5381,2623,2424,200,12.8,,200,63.2,,200,415.3,,200,1057.2,,200,588.4,,0.0,20.0,19.0,54.0,0.0,204.0,22.0,0.0,39.0,0.0,143.0,0.0,1.0,4.0,0.0,105.22535236135793,4.0,0.0,0.0,78251.0,956.0,0.0,856.0,76964.0,65.0,0.0,0.0,0.0,0.0,0.0
2026-09-27T12:13:05.436642+08:00,mixed-alarm-recovery,52967,25.7,233872,,,,200,10.8,,200,404.2,,200,1087.4,,200,1573.4,,200,1094.3,,0.0,20.0,19.0,54.0,0.0,572.0,15.0,0.0,26.0,0.0,531.0,0.0,16.0,4.0,0.0,82.69264387371892,4.0,0.0,0.0,78707.0,956.0,0.0,856.0,77384.0,65.0,0.0,0.0,0.0,0.0,0.0
2026-09-27T12:13:10.435801+08:00,mixed-alarm-recovery,52967,45.9,258752,,,,200,6.9,,200,67.3,,200,401.0,,200,559.1,,200,210.3,,0.0,34.0,20.0,54.0,0.0,572.0,15.0,0.0,26.0,0.0,531.0,0.0,22.0,4.0,0.0,117.06552255632516,4.0,0.0,0.0,79339.0,956.0,0.0,856.0,77969.0,65.0,0.0,0.0,0.0,0.0,0.0
2026-09-27T12:13:15.441170+08:00,mixed-alarm-recovery,52967,80.0,239760,5291,2713,2441,200,8.4,,200,370.5,,200,636.6,,200,2730.2,,200,694.0,,0.0,34.0,20.0,54.0,0.0,1458.0,0.0,0.0,20.0,0.0,1438.0,0.0,46.0,4.0,0.0,96.17995229165074,4.0,0.0,0.0,79840.0,1478.0,0.0,856.0,78451.0,65.0,0.0,0.0,0.0,0.0,0.0
2026-09-27T12:13:20.452134+08:00,mixed-alarm-recovery,52967,23.6,171808,,,,200,20.4,,200,795.0,,200,1621.9,,200,2416.6,,200,1558.1,,0.0,34.0,20.0,54.0,0.0,1458.0,0.0,0.0,20.0,0.0,1438.0,0.0,50.0,4.0,0.0,61.74040369728539,4.0,0.0,0.0,80080.0,1478.0,0.0,856.0,78731.0,65.0,0.0,0.0,0.0,0.0,0.0
2026-09-27T12:13:25.467079+08:00,mixed-alarm-recovery,52967,25.1,183104,,,,200,8.9,,200,554.1,,200,1489.5,,200,2356.9,,200,1697.5,,0.0,34.0,20.0,54.0,0.0,1458.0,0.0,0.0,20.0,0.0,1438.0,0.0,46.0,4.0,0.0,90.8250021641502,4.0,0.0,0.0,80489.0,1478.0,0.0,856.0,79186.0,65.0,0.0,0.0,0.0,0.0,0.0
2026-09-27T12:13:30.473146+08:00,mixed-alarm-recovery,52967,20.8,224656,5455,2549,2431,200,19.1,,200,398.8,,200,762.4,,200,1985.7,,200,512.2,,0.0,34.0,20.0,54.0,0.0,2272.0,0.0,0.0,128.0,0.0,2144.0,0.0,39.0,4.0,0.0,0.0,4.0,0.0,0.0,80870.0,2282.0,0.0,856.0,79436.0,65.0,0.0,0.0,0.0,0.0,0.0
2026-09-27T12:13:35.479440+08:00,mixed-alarm-drain,52967,23.8,232976,,,,200,6.5,,200,42.6,,200,186.2,,200,907.8,,200,77.3,,0.0,34.0,20.0,54.0,0.0,2272.0,0.0,0.0,128.0,0.0,2144.0,0.0,40.0,4.0,0.0,0.0,4.0,0.0,0.0,80870.0,2282.0,0.0,856.0,79436.0,65.0,0.0,0.0,0.0,0.0,0.0
2026-09-27T12:13:40.506908+08:00,mixed-alarm-drain,52967,13.1,194464,,,,200,72.6,,200,240.3,,200,779.7,,200,2056.3,,200,365.9,,0.0,34.0,20.0,54.0,0.0,2272.0,0.0,0.0,128.0,0.0,2144.0,0.0,42.0,4.0,0.0,0.0,4.0,0.0,0.0,80870.0,2282.0,0.0,856.0,79436.0,65.0,0.0,0.0,0.0,0.0,0.0
2026-09-27T12:13:45.506171+08:00,mixed-alarm-drain,52967,34.5,207024,5247,2756,2452,200,11.2,,200,216.9,,200,191.8,,200,1307.4,,200,184.7,,0.0,34.0,20.0,54.0,0.0,1467.0,0.0,0.0,0.0,0.0,1467.0,0.0,41.0,4.0,0.0,0.0,4.0,0.0,0.0,80870.0,1500.0,0.0,856.0,79436.0,65.0,0.0,0.0,0.0,0.0,0.0
2026-09-27T12:13:50.516820+08:00,mixed-alarm-drain,52967,45.5,223024,,,,200,5.5,,200,132.7,,200,376.8,,200,1510.8,,200,199.9,,0.0,34.0,20.0,54.0,0.0,1467.0,0.0,0.0,0.0,0.0,1467.0,0.0,13.0,4.0,0.0,0.0,4.0,0.0,0.0,80870.0,1500.0,0.0,856.0,79436.0,65.0,0.0,0.0,0.0,0.0,0.0
2026-09-27T12:13:55.522610+08:00,mixed-alarm-drain,52967,42.4,127600,,,,200,11.4,,200,324.8,,200,645.1,,200,983.4,,200,461.5,,0.0,34.0,20.0,54.0,0.0,1467.0,0.0,0.0,0.0,0.0,1467.0,0.0,7.0,4.0,0.0,0.0,4.0,0.0,0.0,80870.0,1500.0,0.0,856.0,79436.0,65.0,0.0,0.0,0.0,0.0,0.0
2026-09-27T12:14:00.525336+08:00,http-sustain-200,52967,43.2,211248,5151,2853,2678,200,13.1,,200,387.6,,200,1301.5,,200,1598.7,,200,1749.2,,0.0,34.0,20.0,54.0,0.0,0.0,0.0,0.0,0.0,0.0,0.0,0.0,1.0,4.0,0.0,83.29759706555146,4.0,0.0,0.0,80977.0,0.0,0.0,856.0,79601.0,65.0,0.0,0.0,0.0,0.0,0.0
2026-09-27T12:14:05.527908+08:00,http-sustain-200,52967,30.6,224672,,,,200,9.7,,200,827.3,,200,1815.3,,200,1944.7,,200,1814.2,,0.0,34.0,20.0,54.0,0.0,0.0,0.0,0.0,0.0,0.0,0.0,0.0,1.0,4.0,0.0,204.8241969130254,4.0,0.0,0.0,81334.0,0.0,0.0,856.0,80088.0,65.0,0.0,0.0,0.0,0.0,0.0
2026-09-27T12:14:10.535379+08:00,http-sustain-200,52967,26.4,168192,,,,200,22.8,,200,349.6,,200,1003.9,,200,1015.3,,200,989.3,,0.0,34.0,20.0,54.0,0.0,0.0,0.0,0.0,0.0,0.0,0.0,0.0,0.0,4.0,0.0,79.5008990622181,4.0,0.0,0.0,81666.0,0.0,0.0,856.0,80487.0,65.0,0.0,0.0,0.0,0.0,0.0
2026-09-27T12:14:15.545067+08:00,http-sustain-200,52967,37.1,238384,5279,2725,2635,200,8.0,,200,291.8,,200,838.3,,200,1124.3,,200,867.7,,0.0,34.0,20.0,54.0,0.0,1188.0,0.0,0.0,436.0,0.0,752.0,0.0,0.0,4.0,0.0,148.3199636783985,4.0,0.0,0.0,82289.0,1186.0,0.0,857.0,81228.0,66.0,0.0,0.0,0.0,0.0,0.0
2026-09-27T12:14:20.547436+08:00,http-sustain-200,52967,32.4,257248,,,,200,6.6,,200,416.0,,200,947.9,,200,1794.2,,200,1092.6,,0.0,34.0,20.0,54.0,0.0,1188.0,0.0,0.0,436.0,0.0,752.0,0.0,1.0,4.0,0.0,144.06537467051305,4.0,0.0,0.0,82954.0,1186.0,0.0,857.0,81952.0,66.0,0.0,0.0,0.0,0.0,0.0
2026-09-27T12:14:25.559917+08:00,http-sustain-200,52967,23.6,124128,,,,200,3.7,,200,696.0,,200,1164.8,,200,1931.2,,200,1179.2,,0.0,34.0,20.0,54.0,0.0,1188.0,0.0,0.0,436.0,0.0,752.0,0.0,2.0,4.0,0.0,108.5158395327696,4.0,0.0,0.0,83435.0,1186.0,0.0,857.0,82496.0,66.0,0.0,0.0,0.0,0.0,0.0
2026-09-27T12:14:30.562676+08:00,http-sustain-200,52967,29.6,276240,5045,2959,2722,200,3.0,,200,414.6,,200,924.6,,200,1491.1,,200,923.8,,0.0,34.0,20.0,54.0,0.0,2803.0,0.0,0.0,729.0,0.0,2074.0,0.0,1.0,4.0,0.0,140.77623930769045,4.0,0.0,0.0,84065.0,2833.0,0.0,864.0,83200.0,67.0,0.0,0.0,0.0,0.0,0.0
2026-09-27T12:14:35.564252+08:00,http-sustain-200,52967,39.6,263056,,,,200,8.5,,200,162.4,,200,504.4,,200,982.9,,200,722.3,,0.0,34.0,20.0,54.0,0.0,2803.0,0.0,0.0,729.0,0.0,2074.0,0.0,1.0,4.0,0.0,131.51209997632577,4.0,0.0,0.0,84638.0,2833.0,0.0,865.0,83875.0,67.0,0.0,0.0,0.0,0.0,0.0
2026-09-27T12:14:40.574708+08:00,http-sustain-200,52967,39.4,245280,,,,200,4.5,,200,520.9,,200,1422.6,,200,2640.0,,200,1812.4,,0.0,34.0,20.0,54.0,0.0,2803.0,0.0,0.0,729.0,0.0,2074.0,0.0,2.0,4.0,0.0,176.61230948882562,4.0,0.0,0.0,85336.0,2833.0,0.0,865.0,84760.0,67.0,0.0,0.0,0.0,0.0,0.0
2026-09-27T12:14:45.668657+08:00,http-sustain-200,52967,29.8,180512,5246,2758,2787,200,75.5,,200,997.3,,200,2688.7,,,4004.6,timed out,200,2780.2,,0.0,34.0,20.0,54.0,0.0,4658.0,0.0,0.0,1246.0,0.0,3412.0,0.0,2.0,4.0,0.0,98.82240144355067,4.0,0.0,0.0,85732.0,4650.0,0.0,865.0,85265.0,67.0,0.0,0.0,0.0,0.0,0.0
2026-09-27T12:14:50.687497+08:00,http-sustain-200,52967,19.2,240528,,,,200,142.5,,200,597.6,,200,1647.6,,200,2658.2,,200,1655.2,,0.0,34.0,20.0,54.0,0.0,4658.0,0.0,0.0,1246.0,0.0,3412.0,0.0,2.0,4.0,0.0,118.71223178175501,4.0,0.0,0.0,85996.0,4650.0,0.0,868.0,85631.0,68.0,0.0,0.0,0.0,0.0,0.0
2026-09-27T12:14:55.680845+08:00,http-sustain-200,52967,38.8,282448,,,,200,12.3,,200,303.9,,200,883.1,,200,1743.7,,200,808.3,,0.0,34.0,20.0,54.0,0.0,4658.0,0.0,0.0,1246.0,0.0,3412.0,0.0,1.0,4.0,0.0,114.26048726541951,4.0,0.0,0.0,86454.0,4650.0,0.0,870.0,86201.0,69.0,0.0,0.0,0.0,0.0,0.0
2026-09-27T12:15:00.690291+08:00,http-sustain-200,52967,33.9,241952,5258,2745,2771,200,10.9,,200,1635.2,,200,782.4,,200,1598.4,,200,777.1,,0.0,34.0,20.0,54.0,0.0,6025.0,0.0,0.0,1710.0,0.0,4315.0,0.0,1.0,4.0,0.0,149.57193755909108,4.0,0.0,0.0,87019.0,6006.0,0.0,870.0,86951.0,69.0,0.0,0.0,0.0,0.0,0.0
2026-09-27T12:15:05.693324+08:00,http-sustain-200,52967,44.9,259120,,,,200,6.9,,200,270.5,,200,616.7,,200,1056.0,,200,610.7,,0.0,34.0,20.0,54.0,0.0,6025.0,0.0,0.0,1710.0,0.0,4315.0,0.0,2.0,4.0,0.0,151.81242010878805,4.0,0.0,0.0,87554.0,6006.0,0.0,870.0,87719.0,69.0,0.0,0.0,0.0,0.0,0.0
2026-09-27T12:15:10.699982+08:00,http-sustain-200,52967,54.0,267856,,,,200,8.8,,200,193.7,,200,739.3,,200,1400.8,,200,439.2,,0.0,34.0,20.0,54.0,0.0,6025.0,0.0,0.0,1710.0,0.0,4315.0,0.0,1.0,4.0,0.0,229.9378766040481,4.0,0.0,0.0,88393.0,6006.0,0.0,870.0,88871.0,69.0,0.0,0.0,0.0,0.0,0.0
2026-09-27T12:15:15.699385+08:00,http-sustain-200,52967,36.5,236448,5230,2774,2756,200,6.0,,200,598.5,,200,1232.6,,200,1889.7,,200,1334.9,,0.0,34.0,20.0,54.0,0.0,8192.0,0.0,0.0,2511.0,0.0,5681.0,0.0,1.0,4.0,0.0,158.48002845236772,4.0,0.0,0.0,88929.0,8194.0,0.0,870.0,89663.0,69.0,0.0,0.0,0.0,0.0,0.0
2026-09-27T12:15:20.705625+08:00,http-sustain-200,52967,44.9,248000,,,,200,8.7,,200,409.7,,200,763.2,,200,1595.0,,200,941.0,,0.0,34.0,20.0,54.0,0.0,8192.0,0.0,0.0,2511.0,0.0,5681.0,0.0,2.0,4.0,0.0,111.02872995069436,4.0,0.0,0.0,89396.0,8194.0,0.0,870.0,90348.0,69.0,0.0,0.0,0.0,0.0,0.0
2026-09-27T12:15:25.718261+08:00,http-sustain-200,52967,28.4,264880,,,,200,9.4,,200,511.9,,200,1360.3,,200,1873.7,,200,1364.7,,0.0,34.0,20.0,54.0,0.0,8192.0,0.0,0.0,2511.0,0.0,5681.0,0.0,1.0,4.0,0.0,222.50668230372054,4.0,0.0,0.0,90062.0,8194.0,0.0,870.0,91463.0,69.0,0.0,0.0,0.0,0.0,0.0
2026-09-27T12:15:30.722214+08:00,http-sustain-200,52967,48.0,260928,5265,2739,2816,200,16.0,,200,575.4,,200,1004.7,,200,2744.6,,200,1053.9,,0.0,34.0,20.0,54.0,0.0,10256.0,0.0,0.0,3392.0,0.0,6864.0,0.0,2.0,4.0,0.0,101.09662447563477,4.0,0.0,0.0,90347.0,10257.0,0.0,870.0,91969.0,69.0,0.0,0.0,0.0,0.0,0.0
2026-09-27T12:15:35.726492+08:00,http-sustain-200,52967,33.1,262096,,,,200,8.5,,200,159.9,,200,640.7,,200,1709.7,,200,666.5,,0.0,34.0,20.0,54.0,0.0,10256.0,0.0,0.0,3392.0,0.0,6864.0,0.0,0.0,4.0,0.0,112.65763676152675,4.0,0.0,0.0,90781.0,10257.0,0.0,874.0,92521.0,69.0,0.0,0.0,0.0,0.0,0.0
2026-09-27T12:15:40.749374+08:00,http-sustain-200,52967,58.1,277600,,,,200,7.8,,200,740.2,,200,1429.4,,200,2486.7,,200,1407.5,,0.0,34.0,20.0,54.0,0.0,10256.0,0.0,0.0,3392.0,0.0,6864.0,0.0,2.0,4.0,0.0,215.84759844135314,4.0,0.0,0.0,91473.0,10257.0,0.0,874.0,93604.0,69.0,0.0,0.0,0.0,0.0,0.0
2026-09-27T12:15:45.736181+08:00,http-sustain-200,52967,43.4,267600,5297,2707,2803,200,17.9,,200,229.5,,200,513.9,,200,1184.7,,200,530.0,,0.0,34.0,20.0,54.0,0.0,11952.0,0.0,0.0,4074.0,0.0,7878.0,0.0,2.0,4.0,0.0,192.41136425996413,4.0,0.0,0.0,92006.0,11942.0,0.0,874.0,94564.0,69.0,0.0,0.0,0.0,0.0,0.0
2026-09-27T12:15:50.749228+08:00,http-sustain-200,52967,50.7,267808,,,,200,14.4,,200,249.8,,200,817.2,,200,2009.6,,200,847.5,,0.0,34.0,20.0,54.0,0.0,11952.0,0.0,0.0,4074.0,0.0,7878.0,0.0,1.0,4.0,0.0,208.8111686116937,4.0,0.0,0.0,92583.0,11942.0,0.0,874.0,95519.0,69.0,0.0,0.0,0.0,0.0,0.0
2026-09-27T12:15:55.755950+08:00,http-sustain-200,52967,53.8,279168,,,,200,2.5,,200,333.4,,200,800.6,,200,1586.3,,200,780.4,,0.0,34.0,20.0,54.0,0.0,11952.0,0.0,0.0,4074.0,0.0,7878.0,0.0,1.0,4.0,0.0,139.25198675169864,4.0,0.0,0.0,93022.0,11942.0,0.0,874.0,96216.0,69.0,0.0,0.0,0.0,0.0,0.0
2026-09-27T12:16:00.764390+08:00,http-sustain-200,52967,41.4,273760,5243,2761,2796,200,21.7,,200,519.4,,200,643.2,,200,1595.1,,200,1112.6,,0.0,34.0,20.0,54.0,0.0,14306.0,0.0,0.0,5291.0,0.0,9015.0,0.0,1.0,4.0,0.0,215.6058969218571,4.0,0.0,0.0,93753.0,14288.0,0.0,875.0,97299.0,69.0,0.0,0.0,0.0,0.0,0.0
2026-09-27T12:16:05.776680+08:00,http-sustain-200,52967,34.4,266400,,,,200,12.6,,200,495.3,,200,807.5,,200,1296.3,,200,850.6,,0.0,34.0,20.0,54.0,0.0,14306.0,0.0,0.0,5291.0,0.0,9015.0,0.0,0.0,4.0,0.0,178.62642917924902,4.0,0.0,0.0,94204.0,14288.0,0.0,875.0,98156.0,70.0,0.0,0.0,0.0,0.0,0.0
2026-09-27T12:16:10.783150+08:00,http-sustain-200,52967,42.1,266512,,,,200,9.5,,200,251.0,,200,565.5,,200,1144.5,,200,575.0,,0.0,34.0,20.0,54.0,0.0,14306.0,0.0,0.0,5291.0,0.0,9015.0,0.0,0.0,4.0,0.0,174.1179544431242,4.0,0.0,0.0,94697.0,14288.0,0.0,875.0,99029.0,70.0,0.0,0.0,0.0,0.0,0.0
2026-09-27T12:16:15.795421+08:00,http-sustain-200,52967,39.9,266480,5285,2718,2786,200,13.7,,200,641.5,,200,1034.6,,200,3357.5,,200,1426.8,,0.0,34.0,20.0,54.0,0.0,16503.0,0.0,0.0,6294.0,0.0,10209.0,0.0,2.0,4.0,0.0,201.3074733867521,4.0,0.0,0.0,95359.0,16503.0,0.0,875.0,100037.0,70.0,0.0,0.0,0.0,0.0,0.0
2026-09-27T12:16:20.801473+08:00,http-sustain-200,52967,55.7,277904,,,,200,5.7,,200,388.2,,200,681.7,,200,1179.6,,200,663.8,,0.0,34.0,20.0,54.0,0.0,16503.0,0.0,0.0,6294.0,0.0,10209.0,0.0,2.0,4.0,0.0,112.37638855138002,4.0,0.0,0.0,95686.0,16503.0,0.0,875.0,100600.0,70.0,0.0,0.0,0.0,0.0,0.0
2026-09-27T12:16:25.802738+08:00,http-sustain-200,52967,35.3,243152,,,,200,7.9,,200,165.3,,200,578.4,,200,1607.2,,200,558.3,,0.0,34.0,20.0,54.0,0.0,16503.0,0.0,0.0,6294.0,0.0,10209.0,0.0,1.0,4.0,0.0,207.9433978071169,4.0,0.0,0.0,96273.0,16503.0,0.0,877.0,101640.0,70.0,0.0,0.0,0.0,0.0,0.0
2026-09-27T12:16:30.809961+08:00,http-sustain-200,52967,39.1,269088,5389,2615,2778,200,24.1,,200,673.8,,200,1311.9,,200,2369.2,,200,1286.4,,0.0,34.0,20.0,54.0,0.0,18614.0,0.0,0.0,7333.0,0.0,11281.0,0.0,1.0,4.0,0.0,184.75643252804153,4.0,0.0,0.0,96638.0,18622.0,0.0,877.0,102565.0,70.0,0.0,0.0,0.0,0.0,0.0
2026-09-27T12:16:35.822440+08:00,http-sustain-200,52967,31.2,264048,,,,200,16.7,,200,425.6,,200,1371.1,,200,2332.7,,200,1361.8,,0.0,34.0,20.0,54.0,0.0,18614.0,0.0,0.0,7333.0,0.0,11281.0,0.0,2.0,4.0,0.0,218.11020199915956,4.0,0.0,0.0,96892.0,18622.0,0.0,877.0,103370.0,70.0,0.0,0.0,0.0,0.0,0.0
2026-09-27T12:16:40.822825+08:00,http-sustain-200,52967,44.8,296416,,,,200,6.5,,200,625.7,,200,1312.7,,200,1901.1,,200,1005.9,,0.0,34.0,20.0,54.0,0.0,18614.0,0.0,0.0,7333.0,0.0,11281.0,0.0,1.0,4.0,0.0,169.0291242325852,4.0,0.0,0.0,97321.0,18622.0,0.0,877.0,104216.0,70.0,0.0,0.0,0.0,0.0,0.0
2026-09-27T12:16:45.837323+08:00,http-sustain-200,52967,42.8,254800,5419,2584,2774,200,21.2,,200,195.5,,200,936.0,,200,1141.4,,200,866.6,,0.0,34.0,20.0,54.0,0.0,20695.0,0.0,0.0,8945.0,0.0,11750.0,0.0,2.0,4.0,0.0,135.09471070316187,4.0,0.0,0.0,97637.0,20694.0,0.0,877.0,104893.0,70.0,0.0,0.0,0.0,0.0,0.0
2026-09-27T12:16:50.841553+08:00,http-sustain-200,52967,52.3,305792,,,,200,4.6,,200,139.7,,200,531.3,,200,1298.2,,200,509.0,,0.0,34.0,20.0,54.0,0.0,20695.0,0.0,0.0,8945.0,0.0,11750.0,0.0,0.0,4.0,0.0,225.75205412485414,4.0,0.0,0.0,98167.0,20694.0,0.0,877.0,105838.0,70.0,0.0,0.0,0.0,0.0,0.0
2026-09-27T12:16:55.846813+08:00,http-sustain-200,52967,38.0,275744,,,,200,17.7,,200,273.5,,200,1503.5,,200,2418.2,,200,932.4,,0.0,34.0,20.0,54.0,0.0,20695.0,0.0,0.0,8945.0,0.0,11750.0,0.0,1.0,4.0,0.0,201.14143951210266,4.0,0.0,0.0,98880.0,20694.0,0.0,877.0,106848.0,70.0,0.0,0.0,0.0,0.0,0.0
2026-09-27T12:17:00.865254+08:00,http-sustain-200,52967,27.7,250480,5366,2637,2771,200,16.3,,200,343.1,,200,732.5,,200,2716.1,,200,767.6,,0.0,34.0,20.0,54.0,0.0,22933.0,0.0,0.0,10090.0,0.0,12843.0,0.0,0.0,4.0,0.0,127.14448725979054,4.0,0.0,0.0,99278.0,22922.0,0.0,878.0,107485.0,70.0,0.0,0.0,0.0,0.0,0.0
2026-09-27T12:17:05.861210+08:00,http-sustain-200,52967,23.7,226704,,,,200,10.0,,200,181.0,,200,449.5,,200,1319.5,,200,588.6,,0.0,34.0,20.0,54.0,0.0,22933.0,0.0,0.0,10090.0,0.0,12843.0,0.0,1.0,4.0,0.0,8.097367790109995,4.0,0.0,0.0,100272.0,22922.0,0.0,878.0,107597.0,70.0,0.0,0.0,0.0,0.0,0.0
2026-09-27T12:17:10.872354+08:00,http-sustain-200-drain,52967,46.8,268640,,,,200,10.2,,200,80.9,,200,171.1,,200,1052.5,,200,103.9,,0.0,34.0,20.0,54.0,0.0,22933.0,0.0,0.0,10090.0,0.0,12843.0,0.0,1.0,4.0,0.0,0.0,4.0,0.0,0.0,102370.0,22922.0,0.0,878.0,107598.0,70.0,0.0,0.0,0.0,0.0,0.0
2026-09-27T12:17:15.881991+08:00,http-sustain-200-drain,52967,55.2,232352,5253,2750,2766,200,9.5,,200,89.1,,200,454.9,,200,1490.5,,200,359.3,,0.0,34.0,20.0,54.0,0.0,22624.0,0.0,0.0,7021.0,0.0,15603.0,0.0,2.0,4.0,0.0,0.0,4.0,0.0,0.0,104876.0,22612.0,0.0,878.0,107598.0,70.0,0.0,0.0,0.0,0.0,0.0
2026-09-27T12:17:20.890862+08:00,http-sustain-200-drain,52967,51.9,229168,,,,200,19.0,,200,90.7,,200,268.5,,200,1258.0,,200,239.1,,0.0,34.0,20.0,54.0,0.0,22624.0,0.0,0.0,7021.0,0.0,15603.0,0.0,1.0,4.0,0.0,0.0,4.0,0.0,0.0,107277.0,22612.0,0.0,878.0,107598.0,70.0,0.0,0.0,0.0,0.0,0.0
2026-09-27T12:17:25.892799+08:00,http-sustain-200-drain,52967,101.3,256368,,,,200,6.1,,200,73.7,,200,100.9,,200,880.0,,200,48.2,,0.0,34.0,20.0,54.0,0.0,22624.0,0.0,0.0,7021.0,0.0,15603.0,0.0,0.0,4.0,0.0,0.0,4.0,0.0,0.0,109228.0,22612.0,0.0,878.0,107598.0,70.0,0.0,0.0,0.0,0.0,0.0
2026-09-27T12:17:30.893955+08:00,http-sustain-200-drain,52967,114.9,254832,5315,2688,2759,200,2.1,,200,229.6,,200,476.7,,200,1121.1,,200,327.1,,0.0,34.0,20.0,54.0,0.0,20274.0,0.0,0.0,164.0,0.0,20110.0,0.0,0.0,4.0,0.0,0.0,4.0,0.0,0.0,109453.0,20274.0,0.0,878.0,107598.0,70.0,0.0,0.0,0.0,0.0,0.0
2026-09-27T12:17:35.907485+08:00,http-sustain-200-drain,52967,45.4,220144,,,,200,13.6,,200,161.8,,200,218.1,,200,739.8,,200,184.0,,0.0,34.0,20.0,54.0,0.0,20274.0,0.0,0.0,164.0,0.0,20110.0,0.0,1.0,4.0,0.0,0.0,4.0,0.0,0.0,109453.0,20274.0,0.0,878.0,107598.0,70.0,0.0,0.0,0.0,0.0,0.0
2026-09-27T12:17:40.910053+08:00,http-sustain-200-drain,52967,40.0,141312,,,,200,9.3,,200,61.3,,200,367.3,,200,914.8,,200,62.9,,0.0,34.0,20.0,54.0,0.0,20274.0,0.0,0.0,164.0,0.0,20110.0,0.0,2.0,4.0,0.0,0.0,4.0,0.0,0.0,109453.0,20274.0,0.0,878.0,107598.0,70.0,0.0,0.0,0.0,0.0,0.0
2026-09-27T12:17:45.911654+08:00,http-sustain-200-drain,52967,35.2,216976,5326,2678,2741,200,7.8,,200,155.6,,200,212.2,,200,1032.9,,200,151.4,,0.0,34.0,20.0,54.0,0.0,16928.0,0.0,0.0,0.0,0.0,16928.0,0.0,1.0,4.0,0.0,0.0,4.0,0.0,0.0,109453.0,16928.0,0.0,878.0,107598.0,70.0,0.0,0.0,0.0,0.0,0.0
2026-09-27T12:17:50.919953+08:00,http-sustain-200-drain,52967,42.2,194768,,,,200,6.5,,200,89.5,,200,90.0,,200,1422.1,,200,41.1,,0.0,34.0,20.0,54.0,0.0,16928.0,0.0,0.0,0.0,0.0,16928.0,0.0,2.0,4.0,0.0,0.0,4.0,0.0,0.0,109453.0,16928.0,0.0,878.0,107598.0,70.0,0.0,0.0,0.0,0.0,0.0
2026-09-27T12:17:55.924234+08:00,http-sustain-200-drain,52967,37.3,225376,,,,200,3.1,,200,137.2,,200,175.9,,200,933.0,,200,140.2,,0.0,34.0,20.0,54.0,0.0,16928.0,0.0,0.0,0.0,0.0,16928.0,0.0,0.0,4.0,0.0,0.0,4.0,0.0,0.0,109453.0,16928.0,0.0,878.0,107598.0,70.0,0.0,0.0,0.0,0.0,0.0
2026-09-27T12:18:00.931956+08:00,http-sustain-200-drain,52967,91.8,241904,5428,2576,2706,200,8.6,,200,122.8,,200,178.9,,200,887.6,,200,106.8,,0.0,34.0,20.0,54.0,0.0,13904.0,0.0,0.0,0.0,0.0,13904.0,0.0,3.0,4.0,0.0,0.0,4.0,0.0,0.0,109453.0,13904.0,0.0,878.0,107598.0,70.0,0.0,0.0,0.0,0.0,0.0
2026-09-27T12:18:05.944944+08:00,http-sustain-200-drain,52967,60.7,261888,,,,200,68.3,,200,164.2,,200,345.9,,200,945.2,,200,311.4,,0.0,34.0,20.0,54.0,0.0,13904.0,0.0,0.0,0.0,0.0,13904.0,0.0,1.0,4.0,0.0,0.0,4.0,0.0,0.0,109453.0,13904.0,0.0,878.0,107598.0,70.0,0.0,0.0,0.0,0.0,0.0
2026-09-27T12:18:10.946050+08:00,http-sustain-200-drain,52967,17.5,112928,,,,200,7.3,,200,392.9,,200,471.5,,200,1322.3,,200,380.0,,0.0,34.0,20.0,54.0,0.0,13904.0,0.0,0.0,0.0,0.0,13904.0,0.0,1.0,4.0,0.0,0.0,4.0,0.0,0.0,109453.0,13904.0,0.0,878.0,107598.0,70.0,0.0,0.0,0.0,0.0,0.0
2026-09-27T12:18:15.957157+08:00,http-sustain-200-drain,52967,40.3,218992,5384,2620,2677,200,13.3,,200,132.6,,200,261.7,,200,1080.0,,200,236.5,,0.0,34.0,20.0,54.0,0.0,10912.0,0.0,0.0,0.0,0.0,10912.0,0.0,1.0,4.0,0.0,0.0,4.0,0.0,0.0,109453.0,10912.0,0.0,878.0,107598.0,70.0,0.0,0.0,0.0,0.0,0.0
2026-09-27T12:18:20.958824+08:00,http-sustain-200-drain,52967,22.3,182800,,,,200,11.7,,200,146.4,,200,340.6,,200,929.8,,200,235.6,,0.0,34.0,20.0,54.0,0.0,10912.0,0.0,0.0,0.0,0.0,10912.0,0.0,0.0,4.0,0.0,0.0,4.0,0.0,0.0,109453.0,10912.0,0.0,878.0,107598.0,70.0,0.0,0.0,0.0,0.0,0.0
2026-09-27T12:18:25.969116+08:00,http-sustain-200-drain,52967,35.0,212272,,,,200,11.2,,200,55.6,,200,456.7,,200,895.2,,200,317.7,,0.0,34.0,20.0,54.0,0.0,10912.0,0.0,0.0,0.0,0.0,10912.0,0.0,1.0,4.0,0.0,0.0,4.0,0.0,0.0,109453.0,10912.0,0.0,878.0,107598.0,70.0,0.0,0.0,0.0,0.0,0.0
2026-09-27T12:18:30.982270+08:00,http-sustain-200-drain,52967,45.4,215392,5456,2548,2663,200,16.8,,200,167.5,,200,377.8,,200,1839.1,,200,421.1,,0.0,34.0,20.0,54.0,0.0,8283.0,0.0,0.0,0.0,0.0,8283.0,0.0,3.0,4.0,0.0,0.0,4.0,0.0,0.0,109453.0,8283.0,0.0,878.0,107598.0,70.0,0.0,0.0,0.0,0.0,0.0
2026-09-27T12:18:35.983646+08:00,http-sustain-200-drain,52967,76.6,206368,,,,200,13.0,,200,640.2,,200,645.7,,200,959.9,,200,427.8,,0.0,34.0,20.0,54.0,0.0,8283.0,0.0,0.0,0.0,0.0,8283.0,0.0,1.0,4.0,0.0,0.0,4.0,0.0,0.0,109453.0,8283.0,0.0,878.0,107598.0,70.0,0.0,0.0,0.0,0.0,0.0
2026-09-27T12:18:40.987099+08:00,http-sustain-200-drain,52967,111.2,267808,,,,200,6.9,,200,77.5,,200,106.7,,200,364.4,,200,91.9,,0.0,34.0,20.0,54.0,0.0,8283.0,0.0,0.0,0.0,0.0,8283.0,0.0,0.0,4.0,0.0,0.0,4.0,0.0,0.0,109453.0,8283.0,0.0,878.0,107598.0,70.0,0.0,0.0,0.0,0.0,0.0
2026-09-27T12:18:45.991602+08:00,http-sustain-200-drain,52967,61.7,342240,5364,2640,2669,200,20.8,,200,160.0,,200,652.8,,200,1035.0,,200,370.6,,0.0,34.0,20.0,54.0,0.0,5992.0,0.0,0.0,0.0,0.0,5992.0,0.0,2.0,4.0,0.0,0.0,4.0,0.0,0.0,109453.0,5992.0,0.0,878.0,107598.0,70.0,0.0,0.0,0.0,0.0,0.0
2026-09-27T12:18:50.996105+08:00,http-sustain-200-drain,52967,26.6,179888,,,,200,12.8,,200,128.0,,200,266.5,,200,548.3,,200,93.5,,0.0,34.0,20.0,54.0,0.0,5992.0,0.0,0.0,0.0,0.0,5992.0,0.0,0.0,4.0,0.0,0.0,4.0,0.0,0.0,109453.0,5992.0,0.0,878.0,107598.0,70.0,0.0,0.0,0.0,0.0,0.0
2026-09-27T12:18:55.997019+08:00,http-sustain-200-drain,52967,39.2,232016,,,,200,9.0,,200,95.1,,200,133.7,,200,592.4,,200,60.9,,0.0,34.0,20.0,54.0,0.0,5992.0,0.0,0.0,0.0,0.0,5992.0,0.0,2.0,4.0,0.0,0.0,4.0,0.0,0.0,109453.0,5992.0,0.0,878.0,107598.0,70.0,0.0,0.0,0.0,0.0,0.0
2026-09-27T12:19:01.007332+08:00,http-sustain-200-drain,52967,43.4,217520,5307,2697,2676,200,26.9,,200,1138.1,,200,319.7,,200,999.4,,200,128.5,,0.0,34.0,20.0,54.0,0.0,2221.0,0.0,0.0,0.0,0.0,2221.0,0.0,2.0,4.0,0.0,0.0,4.0,0.0,0.0,109453.0,2221.0,0.0,878.0,107598.0,70.0,0.0,0.0,0.0,0.0,0.0
2026-09-27T12:19:06.002456+08:00,http-sustain-200-drain,52967,59.4,172976,,,,200,1.9,,200,51.6,,200,106.6,,200,477.3,,200,76.8,,0.0,34.0,20.0,54.0,0.0,2221.0,0.0,0.0,0.0,0.0,2221.0,0.0,1.0,4.0,0.0,0.0,4.0,0.0,0.0,109453.0,2221.0,0.0,878.0,107598.0,70.0,0.0,0.0,0.0,0.0,0.0
2026-09-27T12:19:11.006065+08:00,http-sustain-200-drain,52967,55.8,328688,,,,200,2.0,,200,91.1,,200,96.6,,200,352.3,,200,111.8,,0.0,34.0,20.0,54.0,0.0,2221.0,0.0,0.0,0.0,0.0,2221.0,0.0,0.0,4.0,0.0,0.0,4.0,0.0,0.0,109453.0,2221.0,0.0,878.0,107598.0,70.0,0.0,0.0,0.0,0.0,0.0
2026-09-27T12:19:16.014381+08:00,http-sustain-200-recovery,52967,20.9,328480,5198,2805,2678,200,7.9,,200,59.9,,200,101.1,,200,267.5,,200,43.2,,0.0,34.0,20.0,54.0,0.0,0.0,0.0,0.0,0.0,0.0,0.0,0.0,1.0,4.0,0.0,0.0,4.0,0.0,0.0,109453.0,0.0,0.0,878.0,107598.0,70.0,0.0,0.0,0.0,0.0,0.0
2026-09-27T12:19:21.022262+08:00,http-sustain-200-recovery,52967,16.8,192048,,,,200,4.3,,200,54.7,,200,83.2,,200,203.0,,200,57.5,,0.0,34.0,20.0,54.0,0.0,0.0,0.0,0.0,0.0,0.0,0.0,0.0,3.0,4.0,0.0,0.0,4.0,0.0,0.0,109453.0,0.0,0.0,878.0,107598.0,70.0,0.0,0.0,0.0,0.0,0.0
2026-09-27T12:19:26.024441+08:00,http-sustain-100,52967,79.9,261040,,,,200,3.6,,200,341.6,,200,94.2,,200,662.1,,200,61.7,,0.0,34.0,20.0,54.0,0.0,0.0,0.0,0.0,0.0,0.0,0.0,0.0,5.0,4.0,0.0,39.400119935541085,4.0,0.0,0.0,109453.0,0.0,0.0,878.0,107603.0,70.0,0.0,0.0,0.0,0.0,0.0
2026-09-27T12:19:31.035013+08:00,http-sustain-100,52967,102.7,264976,5315,2689,2685,200,9.5,,200,359.9,,200,840.6,,200,1307.9,,200,301.9,,0.0,34.0,20.0,54.0,0.0,74.0,0.0,0.0,15.0,0.0,59.0,0.0,2.0,4.0,0.0,93.90209092144715,4.0,0.0,0.0,109930.0,74.0,0.0,878.0,108074.0,70.0,0.0,0.0,0.0,0.0,0.0
2026-09-27T12:19:36.040964+08:00,http-sustain-100,52967,74.8,241440,,,,200,11.4,,200,157.3,,200,449.2,,200,617.3,,200,409.1,,0.0,34.0,20.0,54.0,0.0,74.0,0.0,0.0,15.0,0.0,59.0,0.0,1.0,4.0,0.0,59.179210545696776,4.0,0.0,0.0,110303.0,74.0,0.0,878.0,108461.0,70.0,0.0,0.0,0.0,0.0,0.0
2026-09-27T12:19:41.055256+08:00,http-sustain-100,52967,50.3,235680,,,,200,107.5,,200,317.8,,200,353.8,,200,713.7,,200,226.6,,0.0,34.0,20.0,54.0,0.0,74.0,0.0,0.0,15.0,0.0,59.0,0.0,1.0,4.0,0.0,122.56106034982591,4.0,0.0,0.0,110952.0,74.0,0.0,878.0,109078.0,70.0,0.0,0.0,0.0,0.0,0.0
2026-09-27T12:19:46.055462+08:00,http-sustain-100,52967,34.9,256176,5343,2661,2682,200,28.5,,200,125.9,,200,335.5,,200,1208.3,,200,302.8,,0.0,34.0,20.0,54.0,0.0,76.0,0.0,0.0,17.0,0.0,59.0,0.0,3.0,4.0,0.0,97.85226009265676,4.0,0.0,0.0,111438.0,79.0,0.0,878.0,109565.0,70.0,0.0,0.0,0.0,0.0,0.0
2026-09-27T12:19:51.062902+08:00,http-sustain-100,52967,38.1,224592,,,,200,8.6,,200,65.0,,200,175.5,,200,759.4,,200,87.0,,0.0,34.0,20.0,54.0,0.0,76.0,0.0,0.0,17.0,0.0,59.0,0.0,1.0,4.0,0.0,101.97232489837843,4.0,0.0,0.0,111944.0,79.0,0.0,878.0,110061.0,70.0,0.0,0.0,0.0,0.0,0.0
2026-09-27T12:19:56.069170+08:00,http-sustain-100,52967,32.6,198192,,,,200,7.6,,200,328.6,,200,517.4,,200,978.8,,200,282.4,,0.0,34.0,20.0,54.0,0.0,76.0,0.0,0.0,17.0,0.0,59.0,0.0,1.0,4.0,0.0,99.46142205171495,4.0,0.0,0.0,112450.0,79.0,0.0,878.0,110559.0,70.0,0.0,0.0,0.0,0.0,0.0
2026-09-27T12:20:01.077339+08:00,http-sustain-100,52967,33.4,186864,5373,2631,2697,200,27.2,,200,203.3,,200,822.7,,200,1606.3,,200,904.9,,0.0,34.0,20.0,54.0,0.0,89.0,0.0,0.0,37.0,0.0,52.0,0.0,0.0,4.0,0.0,94.47309272628743,4.0,0.0,0.0,112915.0,89.0,0.0,878.0,111032.0,70.0,0.0,0.0,0.0,0.0,0.0
2026-09-27T12:20:06.080745+08:00,http-sustain-100,52967,24.2,210816,,,,200,20.2,,200,258.4,,200,1146.3,,200,1668.8,,200,830.3,,0.0,34.0,20.0,54.0,0.0,89.0,0.0,0.0,37.0,0.0,52.0,0.0,2.0,4.0,0.0,97.82433809767464,4.0,0.0,0.0,113386.0,89.0,0.0,878.0,111493.0,70.0,0.0,0.0,0.0,0.0,0.0
2026-09-27T12:20:11.087570+08:00,http-sustain-100,52967,38.4,233552,,,,200,3.6,,200,187.2,,200,859.5,,200,1485.3,,200,834.5,,0.0,34.0,20.0,54.0,0.0,89.0,0.0,0.0,37.0,0.0,52.0,0.0,1.0,4.0,0.0,108.76120942281744,4.0,0.0,0.0,113947.0,89.0,0.0,878.0,112037.0,70.0,0.0,0.0,0.0,0.0,0.0
2026-09-27T12:20:16.089416+08:00,http-sustain-100,52967,45.3,253968,5340,2663,2695,200,31.6,,200,155.4,,200,385.8,,200,745.9,,200,314.4,,0.0,34.0,20.0,54.0,0.0,699.0,0.0,0.0,28.0,0.0,671.0,0.0,0.0,4.0,0.0,104.02771275585383,4.0,0.0,0.0,114482.0,692.0,0.0,878.0,112558.0,70.0,0.0,0.0,0.0,0.0,0.0
2026-09-27T12:20:21.101034+08:00,http-sustain-100,52967,19.2,195648,,,,200,3.5,,200,462.2,,200,815.8,,200,1006.3,,200,731.3,,0.0,34.0,20.0,54.0,0.0,699.0,0.0,0.0,28.0,0.0,671.0,0.0,2.0,4.0,0.0,35.71323132364664,4.0,0.0,0.0,114712.0,692.0,0.0,878.0,112812.0,70.0,0.0,0.0,0.0,0.0,0.0
2026-09-27T12:20:26.110521+08:00,http-sustain-100,52967,55.4,204768,,,,200,4.9,,200,430.5,,200,667.4,,200,1257.2,,200,472.7,,0.0,34.0,20.0,54.0,0.0,699.0,0.0,0.0,28.0,0.0,671.0,0.0,1.0,4.0,0.0,130.176790205739,4.0,0.0,0.0,115344.0,692.0,0.0,878.0,113464.0,70.0,0.0,0.0,0.0,0.0,0.0
2026-09-27T12:20:31.113730+08:00,http-sustain-100,52967,51.4,190432,5452,2552,2706,200,15.1,,200,651.2,,200,947.6,,200,1158.1,,200,999.3,,0.0,34.0,20.0,54.0,0.0,1316.0,0.0,0.0,85.0,0.0,1231.0,0.0,0.0,4.0,0.0,93.925010271799,4.0,0.0,0.0,115858.0,1316.0,0.0,878.0,113934.0,70.0,0.0,0.0,0.0,0.0,0.0
2026-09-27T12:20:36.114184+08:00,http-sustain-100,52967,17.8,111760,,,,200,14.1,,200,501.7,,200,1211.5,,200,1573.8,,200,1350.9,,0.0,34.0,20.0,54.0,0.0,1316.0,0.0,0.0,85.0,0.0,1231.0,0.0,1.0,4.0,0.0,19.528862617011672,4.0,0.0,0.0,116085.0,1316.0,0.0,878.0,114180.0,70.0,0.0,0.0,0.0,0.0,0.0
2026-09-27T12:20:41.116300+08:00,http-sustain-100,52967,23.4,123680,,,,200,18.4,,200,470.3,,200,842.1,,200,1339.0,,200,837.9,,0.0,34.0,20.0,54.0,0.0,1316.0,0.0,0.0,85.0,0.0,1231.0,0.0,1.0,4.0,0.0,93.15413479786837,4.0,0.0,0.0,116533.0,1316.0,0.0,878.0,114646.0,70.0,0.0,0.0,0.0,0.0,0.0
2026-09-27T12:20:46.128699+08:00,http-sustain-100,52967,19.8,161248,5818,2186,2755,200,17.3,,200,642.7,,200,1704.6,,200,2606.3,,200,1536.7,,0.0,34.0,20.0,54.0,0.0,2155.0,0.0,0.0,120.0,0.0,2035.0,0.0,2.0,4.0,0.0,91.05485504224082,4.0,0.0,0.0,117005.0,2114.0,0.0,878.0,115103.0,70.0,0.0,0.0,0.0,0.0,0.0
2026-09-27T12:20:51.139528+08:00,http-sustain-100,52967,16.2,157152,,,,200,11.7,,200,1169.9,,200,672.7,,200,2345.9,,200,539.4,,0.0,34.0,20.0,54.0,0.0,2155.0,0.0,0.0,120.0,0.0,2035.0,0.0,1.0,4.0,0.0,51.45833149695383,4.0,0.0,0.0,117287.0,2114.0,0.0,878.0,115359.0,70.0,0.0,0.0,0.0,0.0,0.0
2026-09-27T12:20:56.150632+08:00,http-sustain-100,52967,22.3,230096,,,,200,11.8,,200,329.8,,200,690.1,,200,1357.8,,200,412.6,,0.0,34.0,20.0,54.0,0.0,2155.0,0.0,0.0,120.0,0.0,2035.0,0.0,0.0,4.0,0.0,21.5292774002042,4.0,0.0,0.0,117423.0,2114.0,0.0,895.0,115467.0,70.0,0.0,0.0,0.0,0.0,0.0
2026-09-27T12:21:01.156089+08:00,http-sustain-100,52967,32.7,254352,6013,1991,2752,200,12.8,,200,853.7,,200,1405.7,,200,2189.6,,200,1423.5,,0.0,34.0,20.0,54.0,0.0,2519.0,0.0,0.0,23.0,0.0,2496.0,0.0,1.0,4.0,0.0,101.20393430294602,4.0,0.0,0.0,117900.0,2519.0,0.0,921.0,115973.0,70.0,0.0,0.0,0.0,0.0,0.0
2026-09-27T12:21:06.161394+08:00,http-sustain-100,52967,13.8,225552,,,,200,13.7,,200,628.0,,200,2413.9,,200,3504.7,,200,2425.7,,0.0,34.0,20.0,54.0,0.0,2519.0,0.0,0.0,23.0,0.0,2496.0,0.0,0.0,4.0,0.0,67.09000352548115,4.0,0.0,0.0,118130.0,2519.0,0.0,921.0,116224.0,70.0,0.0,0.0,0.0,0.0,0.0
2026-09-27T12:21:11.167853+08:00,http-sustain-100,52967,52.5,245408,,,,200,6.7,,200,374.8,,200,1115.0,,200,1687.5,,200,1051.2,,0.0,34.0,20.0,54.0,0.0,2519.0,0.0,0.0,23.0,0.0,2496.0,0.0,1.0,4.0,0.0,44.37656548129563,4.0,0.0,0.0,118337.0,2519.0,0.0,923.0,116446.0,70.0,0.0,0.0,0.0,0.0,0.0
2026-09-27T12:21:16.176220+08:00,http-sustain-100,52967,62.6,264752,5419,2585,2865,200,25.8,,200,364.5,,200,693.3,,200,3538.0,,200,639.0,,0.0,34.0,20.0,54.0,0.0,3368.0,0.0,0.0,165.0,0.0,3203.0,0.0,1.0,4.0,0.0,109.58598152655809,4.0,0.0,0.0,118908.0,3366.0,0.0,923.0,116997.0,71.0,0.0,0.0,0.0,0.0,0.0
2026-09-27T12:21:21.322287+08:00,http-sustain-100,52967,59.1,219680,,,,200,22.2,,200,743.9,,200,1406.9,,200,1917.9,,200,1491.2,,0.0,34.0,20.0,54.0,0.0,3368.0,0.0,0.0,165.0,0.0,3203.0,0.0,1.0,4.0,0.0,36.69669121585366,4.0,0.0,0.0,119184.0,3366.0,0.0,923.0,117262.0,71.0,0.0,0.0,0.0,0.0,0.0
2026-09-27T12:21:26.333003+08:00,http-sustain-100,52967,99.6,265264,,,,200,5.7,,200,247.0,,200,629.6,,200,1057.3,,200,502.6,,0.0,34.0,20.0,54.0,0.0,3368.0,0.0,0.0,165.0,0.0,3203.0,0.0,1.0,4.0,0.0,151.0000847062539,4.0,0.0,0.0,119959.0,3366.0,0.0,923.0,118018.0,71.0,0.0,0.0,0.0,0.0,0.0
2026-09-27T12:21:31.355718+08:00,http-sustain-100,52967,60.9,275072,5302,2702,2845,200,52.8,,200,1587.7,,200,787.6,,200,1180.7,,200,636.4,,0.0,34.0,20.0,54.0,0.0,4554.0,0.0,0.0,201.0,0.0,4353.0,0.0,1.0,4.0,0.0,109.41447336250177,4.0,0.0,0.0,120510.0,4561.0,0.0,923.0,118569.0,71.0,0.0,0.0,0.0,0.0,0.0
2026-09-27T12:21:36.356203+08:00,http-sustain-100,52967,85.6,221552,,,,200,15.9,,200,1466.7,,200,753.6,,200,1238.7,,200,610.0,,0.0,34.0,20.0,54.0,0.0,4554.0,0.0,0.0,201.0,0.0,4353.0,0.0,0.0,4.0,0.0,104.62849420141451,4.0,0.0,0.0,121043.0,4561.0,0.0,923.0,119108.0,71.0,0.0,0.0,0.0,0.0,0.0
2026-09-27T12:21:41.370294+08:00,http-sustain-100,52967,76.6,247472,,,,200,20.1,,200,570.1,,200,2280.9,,200,3699.0,,200,2134.4,,0.0,34.0,20.0,54.0,0.0,4554.0,0.0,0.0,201.0,0.0,4353.0,0.0,0.0,4.0,0.0,76.64357861808394,4.0,0.0,0.0,121462.0,4561.0,0.0,923.0,119493.0,71.0,0.0,0.0,0.0,0.0,0.0
2026-09-27T12:21:46.372967+08:00,http-sustain-100,52967,67.8,182304,5357,2647,2856,200,13.7,,200,562.3,,200,1615.8,,200,2349.2,,200,1642.2,,0.0,34.0,20.0,54.0,0.0,5548.0,0.0,0.0,143.0,0.0,5405.0,0.0,1.0,4.0,0.0,51.2365367743738,4.0,0.0,0.0,121695.0,5548.0,0.0,923.0,119749.0,71.0,0.0,0.0,0.0,0.0,0.0
2026-09-27T12:21:51.379568+08:00,http-sustain-100,52967,83.3,265744,,,,200,5.7,,200,224.2,,200,650.1,,200,601.5,,200,631.3,,0.0,34.0,20.0,54.0,0.0,5548.0,0.0,0.0,143.0,0.0,5405.0,0.0,1.0,4.0,0.0,162.50635197789563,4.0,0.0,0.0,122258.0,5548.0,0.0,924.0,120271.0,71.0,0.0,0.0,0.0,0.0,0.0
2026-09-27T12:21:56.397823+08:00,http-sustain-100,52967,45.1,215824,,,,200,32.7,,200,1778.3,,200,1858.8,,200,2814.4,,200,1889.4,,0.0,34.0,20.0,54.0,0.0,5548.0,0.0,0.0,143.0,0.0,5405.0,0.0,0.0,4.0,0.0,150.74129446000106,4.0,0.0,0.0,122989.0,5548.0,0.0,924.0,121028.0,71.0,0.0,0.0,0.0,0.0,0.0
2026-09-27T12:22:01.394010+08:00,http-sustain-100,52967,17.1,148272,5497,2506,2852,200,13.4,,200,1510.6,,200,2070.6,,200,2342.0,,200,2106.2,,0.0,34.0,20.0,54.0,0.0,6669.0,0.0,0.0,217.0,0.0,6452.0,0.0,2.0,4.0,0.0,68.48159924958586,4.0,0.0,0.0,123310.0,6693.0,0.0,924.0,121370.0,71.0,0.0,0.0,0.0,0.0,0.0
2026-09-27T12:22:06.397747+08:00,http-sustain-100,52967,39.5,248992,,,,200,14.2,,200,175.3,,200,463.7,,200,1143.4,,200,435.1,,0.0,34.0,20.0,54.0,0.0,6669.0,0.0,0.0,217.0,0.0,6452.0,0.0,0.0,4.0,0.0,109.21633921338389,4.0,0.0,0.0,123731.0,6693.0,0.0,924.0,121784.0,71.0,0.0,0.0,0.0,0.0,0.0
2026-09-27T12:22:11.410377+08:00,http-sustain-100,52967,30.6,234240,,,,200,8.5,,200,443.8,,200,832.7,,200,854.2,,200,707.7,,0.0,34.0,20.0,54.0,0.0,6669.0,0.0,0.0,217.0,0.0,6452.0,0.0,1.0,4.0,0.0,106.63456979428538,4.0,0.0,0.0,124290.0,6693.0,0.0,924.0,122318.0,71.0,0.0,0.0,0.0,0.0,0.0
2026-09-27T12:22:16.421550+08:00,http-sustain-100,52967,25.1,244160,5436,2568,2866,200,15.8,,200,482.4,,200,1448.0,,200,1873.3,,200,1463.6,,0.0,34.0,20.0,54.0,0.0,7709.0,0.0,0.0,278.0,0.0,7431.0,0.0,2.0,4.0,0.0,142.09722398118816,4.0,0.0,0.0,125014.0,7713.0,0.0,924.0,123030.0,71.0,0.0,0.0,0.0,0.0,0.0
2026-09-27T12:22:21.428627+08:00,http-sustain-100,52967,21.9,240400,,,,200,5.5,,200,771.5,,200,1317.5,,200,2764.3,,200,1388.6,,0.0,34.0,20.0,54.0,0.0,7709.0,0.0,0.0,278.0,0.0,7431.0,0.0,0.0,4.0,0.0,110.62476003998384,4.0,0.0,0.0,125471.0,7713.0,0.0,924.0,123461.0,71.0,0.0,0.0,0.0,0.0,0.0
2026-09-27T12:22:26.434217+08:00,http-sustain-100,52967,28.6,236064,,,,200,10.3,,200,464.4,,200,1044.9,,200,2029.0,,200,869.0,,0.0,34.0,20.0,54.0,0.0,7709.0,0.0,0.0,278.0,0.0,7431.0,0.0,0.0,4.0,0.0,100.49660740196185,4.0,0.0,0.0,126005.0,7713.0,0.0,924.0,123964.0,71.0,0.0,0.0,0.0,0.0,0.0
2026-09-27T12:22:31.440176+08:00,http-sustain-100,52967,23.9,233696,5395,2609,2870,200,28.2,,200,390.7,,200,386.1,,200,1272.3,,200,257.2,,0.0,34.0,20.0,54.0,0.0,8988.0,0.0,0.0,232.0,0.0,8756.0,0.0,1.0,4.0,0.0,0.0,4.0,0.0,0.0,126288.0,8948.0,0.0,924.0,124124.0,71.0,0.0,0.0,0.0,0.0,0.0
2026-09-27T12:22:36.446892+08:00,http-sustain-100-drain,52967,27.1,234800,,,,200,16.2,,200,115.1,,200,585.3,,200,1586.5,,200,285.3,,0.0,34.0,20.0,54.0,0.0,8988.0,0.0,0.0,232.0,0.0,8756.0,0.0,1.0,4.0,0.0,0.0,4.0,0.0,0.0,126288.0,8948.0,0.0,924.0,124124.0,71.0,0.0,0.0,0.0,0.0,0.0
2026-09-27T12:22:41.460696+08:00,http-sustain-100-drain,52967,14.0,258160,,,,200,26.2,,200,188.5,,200,325.4,,200,474.6,,200,195.6,,0.0,34.0,20.0,54.0,0.0,8988.0,0.0,0.0,232.0,0.0,8756.0,0.0,1.0,4.0,0.0,0.0,4.0,0.0,0.0,126288.0,8948.0,0.0,924.0,124124.0,71.0,0.0,0.0,0.0,0.0,0.0
2026-09-27T12:22:46.454752+08:00,http-sustain-100-drain,52967,38.4,227872,5325,2679,2857,200,4.7,,200,110.6,,200,155.2,,200,682.1,,200,297.4,,0.0,34.0,20.0,54.0,0.0,7015.0,0.0,0.0,0.0,0.0,7015.0,0.0,2.0,4.0,0.0,0.0,4.0,0.0,0.0,126288.0,7015.0,0.0,924.0,124124.0,71.0,0.0,0.0,0.0,0.0,0.0
2026-09-27T12:22:51.462057+08:00,http-sustain-100-drain,52967,24.7,233168,,,,200,14.8,,200,474.2,,200,489.5,,200,1079.9,,200,329.0,,0.0,34.0,20.0,54.0,0.0,7015.0,0.0,0.0,0.0,0.0,7015.0,0.0,0.0,4.0,0.0,0.0,4.0,0.0,0.0,126288.0,7015.0,0.0,924.0,124124.0,71.0,0.0,0.0,0.0,0.0,0.0
2026-09-27T12:22:56.464381+08:00,http-sustain-100-drain,52967,105.1,246272,,,,200,6.7,,200,107.5,,200,231.6,,200,552.9,,200,142.9,,0.0,34.0,20.0,54.0,0.0,7015.0,0.0,0.0,0.0,0.0,7015.0,0.0,2.0,4.0,0.0,0.0,4.0,0.0,0.0,126288.0,7015.0,0.0,924.0,124124.0,71.0,0.0,0.0,0.0,0.0,0.0
2026-09-27T12:23:01.466608+08:00,http-sustain-100-drain,52967,74.0,263856,5221,2783,2785,200,13.3,,200,60.1,,200,90.3,,200,869.1,,200,64.8,,0.0,34.0,20.0,54.0,0.0,3612.0,0.0,0.0,0.0,0.0,3612.0,0.0,2.0,4.0,0.0,0.0,4.0,0.0,0.0,126288.0,3612.0,0.0,924.0,124124.0,71.0,0.0,0.0,0.0,0.0,0.0
2026-09-27T12:23:06.472456+08:00,http-sustain-100-drain,52967,17.5,160192,,,,200,13.3,,200,517.9,,200,332.4,,200,1525.2,,200,251.1,,0.0,34.0,20.0,54.0,0.0,3612.0,0.0,0.0,0.0,0.0,3612.0,0.0,1.0,4.0,0.0,0.0,4.0,0.0,0.0,126288.0,3612.0,0.0,924.0,124124.0,71.0,0.0,0.0,0.0,0.0,0.0
2026-09-27T12:23:11.479762+08:00,http-sustain-100-drain,52967,21.0,227952,,,,200,2.8,,200,69.0,,200,126.7,,200,316.6,,200,87.8,,0.0,34.0,20.0,54.0,0.0,3612.0,0.0,0.0,0.0,0.0,3612.0,0.0,0.0,4.0,0.0,0.0,4.0,0.0,0.0,126288.0,3612.0,0.0,924.0,124124.0,71.0,0.0,0.0,0.0,0.0,0.0
2026-09-27T12:23:16.487880+08:00,http-sustain-100-drain,52967,18.3,259408,5185,2818,2816,200,13.0,,200,127.0,,200,115.0,,200,707.8,,200,85.4,,0.0,34.0,20.0,54.0,0.0,0.0,0.0,0.0,0.0,0.0,0.0,0.0,3.0,4.0,0.0,0.0,4.0,0.0,0.0,126288.0,0.0,0.0,924.0,124124.0,71.0,0.0,0.0,0.0,0.0,0.0
2026-09-27T12:23:21.496845+08:00,http-sustain-100-recovery,52967,107.0,280448,,,,200,5.7,,200,58.2,,200,96.4,,200,345.5,,200,74.2,,0.0,34.0,20.0,54.0,0.0,0.0,0.0,0.0,0.0,0.0,0.0,0.0,2.0,4.0,0.0,0.0,4.0,0.0,0.0,126288.0,0.0,0.0,924.0,124124.0,71.0,0.0,0.0,0.0,0.0,0.0
2026-09-27T12:23:26.499539+08:00,http-sustain-100-recovery,52967,37.4,298416,,,,200,4.6,,200,36.9,,200,94.2,,200,202.8,,200,45.6,,0.0,34.0,20.0,54.0,0.0,0.0,0.0,0.0,0.0,0.0,0.0,0.0,3.0,4.0,0.0,0.0,4.0,0.0,0.0,126288.0,0.0,0.0,924.0,124124.0,71.0,0.0,0.0,0.0,0.0,0.0
2026-09-27T12:23:31.508459+08:00,http-sustain-50,52967,36.7,225904,5116,2888,2812,200,7.3,,200,89.3,,200,182.1,,200,569.5,,200,142.1,,0.0,34.0,20.0,54.0,0.0,0.0,0.0,0.0,0.0,0.0,0.0,0.0,2.0,4.0,0.0,48.21893868903239,4.0,0.0,0.0,126446.0,0.0,0.0,924.0,124284.0,71.0,0.0,0.0,0.0,0.0,0.0
2026-09-27T12:23:36.509446+08:00,http-sustain-50,52967,35.1,184576,,,,200,5.1,,200,33.4,,200,119.4,,200,295.9,,200,73.3,,0.0,34.0,20.0,54.0,0.0,0.0,0.0,0.0,0.0,0.0,0.0,0.0,1.0,4.0,0.0,51.39836421717602,4.0,0.0,0.0,126697.0,0.0,0.0,924.0,124534.0,71.0,0.0,0.0,0.0,0.0,0.0
2026-09-27T12:23:41.513355+08:00,http-sustain-50,52967,111.3,260688,,,,200,8.3,,200,71.7,,200,113.7,,200,804.9,,200,40.8,,0.0,34.0,20.0,54.0,0.0,0.0,0.0,0.0,0.0,0.0,0.0,0.0,2.0,4.0,0.0,49.13867330431226,4.0,0.0,0.0,126944.0,0.0,0.0,924.0,124780.0,71.0,0.0,0.0,0.0,0.0,0.0
2026-09-27T12:23:46.514562+08:00,http-sustain-50,52967,60.7,264896,,,,200,15.2,,200,40.6,,200,100.7,,200,588.1,,200,57.6,,0.0,34.0,20.0,54.0,0.0,7.0,0.0,0.0,4.0,0.0,3.0,0.0,2.0,4.0,0.0,50.01633449457151,4.0,0.0,0.0,127196.0,11.0,0.0,924.0,125030.0,71.0,0.0,0.0,0.0,0.0,0.0
2026-09-27T12:23:54.538716+08:00,http-sustain-50,52967,76.4,255808,,,,200,14.6,,200,324.5,,200,489.1,,200,1068.8,,200,331.4,,0.0,34.0,20.0,54.0,0.0,7.0,0.0,0.0,4.0,0.0,3.0,0.0,0.0,4.0,0.0,49.20120432718277,4.0,0.0,0.0,127597.0,11.0,0.0,924.0,125424.0,71.0,0.0,0.0,0.0,0.0,0.0
2026-09-27T12:23:59.545230+08:00,http-sustain-50,52967,36.7,251104,,,,200,13.7,,200,138.3,,200,270.2,,200,1028.4,,200,129.7,,0.0,34.0,20.0,54.0,0.0,24.0,0.0,0.0,10.0,0.0,14.0,0.0,1.0,4.0,0.0,50.650607128647486,4.0,0.0,0.0,127860.0,19.0,0.0,924.0,125677.0,71.0,0.0,0.0,0.0,0.0,0.0
2026-09-27T12:24:04.547256+08:00,http-sustain-50,52967,35.8,237664,5068,2936,2727,200,11.0,,200,38.0,,200,99.6,,200,790.4,,200,31.4,,0.0,34.0,20.0,54.0,0.0,24.0,0.0,0.0,10.0,0.0,14.0,0.0,3.0,4.0,0.0,55.23611100969148,4.0,0.0,0.0,128117.0,19.0,0.0,924.0,125930.0,71.0,0.0,0.0,0.0,0.0,0.0
2026-09-27T12:24:09.557907+08:00,http-sustain-50,52967,36.2,273120,,,,200,17.5,,200,140.9,,200,282.5,,200,468.2,,200,106.1,,0.0,34.0,20.0,54.0,0.0,24.0,0.0,0.0,10.0,0.0,14.0,0.0,1.0,4.0,0.0,48.435376631022066,4.0,0.0,0.0,128361.0,19.0,0.0,924.0,126173.0,71.0,0.0,0.0,0.0,0.0,0.0
2026-09-27T12:24:14.572734+08:00,http-sustain-50,52967,68.9,225648,,,,200,22.8,,200,95.7,,200,380.8,,200,892.1,,200,88.5,,0.0,34.0,20.0,54.0,0.0,12.0,0.0,0.0,3.0,0.0,9.0,0.0,3.0,4.0,0.0,48.729674566824265,4.0,0.0,0.0,128603.0,15.0,0.0,924.0,126418.0,71.0,0.0,0.0,0.0,0.0,0.0
2026-09-27T12:24:19.595306+08:00,http-sustain-50,52967,65.0,258432,5123,2881,2720,200,21.0,,200,213.3,,200,447.6,,200,888.3,,200,213.0,,0.0,34.0,20.0,54.0,0.0,12.0,0.0,0.0,3.0,0.0,9.0,0.0,2.0,4.0,0.0,43.22768844107534,4.0,0.0,0.0,128851.0,15.0,0.0,924.0,126663.0,71.0,0.0,0.0,0.0,0.0,0.0
2026-09-27T12:24:24.598025+08:00,http-sustain-50,52967,35.8,235360,,,,200,3.6,,200,113.1,,200,178.6,,200,388.3,,200,112.2,,0.0,34.0,20.0,54.0,0.0,12.0,0.0,0.0,3.0,0.0,9.0,0.0,2.0,4.0,0.0,51.0723107311487,4.0,0.0,0.0,129111.0,15.0,0.0,924.0,126918.0,71.0,0.0,0.0,0.0,0.0,0.0
2026-09-27T12:24:29.602816+08:00,http-sustain-50,52967,23.5,227520,,,,200,3.7,,200,67.0,,200,162.7,,200,532.2,,200,81.1,,0.0,34.0,20.0,54.0,0.0,9.0,0.0,0.0,3.0,0.0,6.0,0.0,3.0,4.0,0.0,47.95290344909129,4.0,0.0,0.0,129345.0,10.0,0.0,924.0,127158.0,71.0,0.0,0.0,0.0,0.0,0.0
2026-09-27T12:24:34.609239+08:00,http-sustain-50,52967,31.4,221888,5127,2876,2715,200,10.2,,200,62.6,,200,180.3,,200,823.3,,200,92.0,,0.0,34.0,20.0,54.0,0.0,9.0,0.0,0.0,3.0,0.0,6.0,0.0,0.0,4.0,0.0,47.39880010493244,4.0,0.0,0.0,129613.0,10.0,0.0,924.0,127416.0,71.0,0.0,0.0,0.0,0.0,0.0
2026-09-27T12:24:39.620861+08:00,http-sustain-50,52967,45.2,214880,,,,200,7.6,,200,143.3,,200,437.9,,200,1083.6,,200,390.9,,0.0,34.0,20.0,54.0,0.0,9.0,0.0,0.0,3.0,0.0,6.0,0.0,1.0,4.0,0.0,47.66880828926669,4.0,0.0,0.0,129851.0,10.0,0.0,924.0,127655.0,71.0,0.0,0.0,0.0,0.0,0.0
2026-09-27T12:24:44.630900+08:00,http-sustain-50,52967,82.4,239296,,,,200,8.1,,200,131.1,,200,296.8,,200,1498.3,,200,94.8,,0.0,34.0,20.0,54.0,0.0,8.0,0.0,0.0,3.0,0.0,5.0,0.0,2.0,4.0,0.0,51.48123151187133,4.0,0.0,0.0,130112.0,9.0,0.0,924.0,127913.0,71.0,0.0,0.0,0.0,0.0,0.0
2026-09-27T12:24:49.637732+08:00,http-sustain-50,52967,57.2,273424,5103,2900,2713,200,25.5,,200,184.0,,200,415.6,,200,1163.3,,200,251.4,,0.0,34.0,20.0,54.0,0.0,8.0,0.0,0.0,3.0,0.0,5.0,0.0,0.0,4.0,0.0,41.381331846670676,4.0,0.0,0.0,130364.0,9.0,0.0,924.0,128163.0,71.0,0.0,0.0,0.0,0.0,0.0
2026-09-27T12:24:54.642169+08:00,http-sustain-50,52967,38.0,268960,,,,200,6.0,,200,119.6,,200,228.6,,200,887.0,,200,94.6,,0.0,34.0,20.0,54.0,0.0,8.0,0.0,0.0,3.0,0.0,5.0,0.0,0.0,4.0,0.0,50.24284207143432,4.0,0.0,0.0,130615.0,9.0,0.0,924.0,128414.0,71.0,0.0,0.0,0.0,0.0,0.0
2026-09-27T12:24:59.651780+08:00,http-sustain-50,52967,42.1,268896,,,,200,19.3,,200,85.7,,200,120.5,,200,832.1,,200,56.9,,0.0,34.0,20.0,54.0,0.0,14.0,0.0,0.0,5.0,0.0,9.0,0.0,3.0,4.0,0.0,50.12149470284693,4.0,0.0,0.0,130868.0,17.0,0.0,924.0,128665.0,71.0,0.0,0.0,0.0,0.0,0.0
2026-09-27T12:25:04.664658+08:00,http-sustain-50,52967,68.6,224256,5152,2852,2702,200,10.2,,200,300.6,,200,601.1,,200,1981.8,,200,454.3,,0.0,34.0,20.0,54.0,0.0,14.0,0.0,0.0,5.0,0.0,9.0,0.0,1.0,4.0,0.0,52.638185158338544,4.0,0.0,0.0,131108.0,17.0,0.0,924.0,128906.0,71.0,0.0,0.0,0.0,0.0,0.0
2026-09-27T12:25:09.667791+08:00,http-sustain-50,52967,75.1,220896,,,,200,4.8,,200,73.0,,200,113.6,,200,393.6,,200,73.0,,0.0,34.0,20.0,54.0,0.0,14.0,0.0,0.0,5.0,0.0,9.0,0.0,0.0,4.0,0.0,49.00429155083257,4.0,0.0,0.0,131365.0,17.0,0.0,924.0,129151.0,71.0,0.0,0.0,0.0,0.0,0.0
2026-09-27T12:25:14.670565+08:00,http-sustain-50,52967,77.7,277936,,,,200,6.1,,200,24.7,,200,70.9,,200,623.0,,200,27.5,,0.0,34.0,20.0,54.0,0.0,19.0,0.0,0.0,6.0,0.0,13.0,0.0,1.0,4.0,0.0,50.13933850014516,4.0,0.0,0.0,131615.0,19.0,0.0,924.0,129402.0,71.0,0.0,0.0,0.0,0.0,0.0
2026-09-27T12:25:19.676646+08:00,http-sustain-50,52967,28.7,254960,5175,2828,2697,200,23.6,,200,80.4,,200,208.5,,200,766.6,,200,163.1,,0.0,34.0,20.0,54.0,0.0,19.0,0.0,0.0,6.0,0.0,13.0,0.0,1.0,4.0,0.0,50.0864882430491,4.0,0.0,0.0,131862.0,19.0,0.0,924.0,129649.0,71.0,0.0,0.0,0.0,0.0,0.0
2026-09-27T12:25:24.681084+08:00,http-sustain-50,52967,28.5,173712,,,,200,7.4,,200,89.6,,200,209.0,,200,994.6,,200,124.8,,0.0,34.0,20.0,54.0,0.0,19.0,0.0,0.0,6.0,0.0,13.0,0.0,1.0,4.0,0.0,48.97071958405261,4.0,0.0,0.0,132111.0,19.0,0.0,924.0,129894.0,71.0,0.0,0.0,0.0,0.0,0.0
2026-09-27T12:25:29.682019+08:00,http-sustain-50,52967,41.3,229344,,,,200,2.5,,200,23.3,,200,123.9,,200,608.0,,200,47.8,,0.0,34.0,20.0,54.0,0.0,53.0,0.0,0.0,18.0,0.0,35.0,0.0,0.0,4.0,0.0,50.82431223668264,4.0,0.0,0.0,132377.0,39.0,0.0,924.0,130148.0,71.0,0.0,0.0,0.0,0.0,0.0
2026-09-27T12:25:34.690815+08:00,http-sustain-50,52967,39.6,157728,5129,2874,2692,200,8.5,,200,147.7,,200,399.6,,200,1176.5,,200,325.1,,0.0,34.0,20.0,54.0,0.0,53.0,0.0,0.0,18.0,0.0,35.0,0.0,0.0,4.0,0.0,50.70825244847912,4.0,0.0,0.0,132625.0,39.0,0.0,924.0,130394.0,71.0,0.0,0.0,0.0,0.0,0.0
2026-09-27T12:25:39.694743+08:00,http-sustain-50,52967,56.9,249824,,,,200,4.7,,200,151.3,,200,265.6,,200,715.7,,200,254.9,,0.0,34.0,20.0,54.0,0.0,53.0,0.0,0.0,18.0,0.0,35.0,0.0,1.0,4.0,0.0,49.54773457218653,4.0,0.0,0.0,132876.0,39.0,0.0,924.0,130642.0,71.0,0.0,0.0,0.0,0.0,0.0
2026-09-27T12:25:44.702878+08:00,http-sustain-50,52967,120.9,268064,,,,200,5.7,,200,136.7,,200,158.9,,200,507.3,,200,99.7,,0.0,34.0,20.0,54.0,0.0,5.0,0.0,0.0,1.0,0.0,4.0,0.0,0.0,4.0,0.0,50.4785083261606,4.0,0.0,0.0,133132.0,5.0,0.0,924.0,130895.0,71.0,0.0,0.0,0.0,0.0,0.0
2026-09-27T12:25:49.710123+08:00,http-sustain-50,52967,74.0,259024,5106,2898,2687,200,14.6,,200,140.8,,200,162.0,,200,816.3,,200,170.8,,0.0,34.0,20.0,54.0,0.0,5.0,0.0,0.0,1.0,0.0,4.0,0.0,2.0,4.0,0.0,70.24653548477397,4.0,0.0,0.0,133378.0,5.0,0.0,924.0,131143.0,71.0,0.0,0.0,0.0,0.0,0.0
2026-09-27T12:25:54.710792+08:00,http-sustain-50,52967,40.7,209568,,,,200,19.1,,200,111.4,,200,318.7,,200,626.2,,200,67.0,,0.0,34.0,20.0,54.0,0.0,5.0,0.0,0.0,1.0,0.0,4.0,0.0,0.0,4.0,0.0,47.999558010469926,4.0,0.0,0.0,133620.0,5.0,0.0,924.0,131383.0,71.0,0.0,0.0,0.0,0.0,0.0
2026-09-27T12:25:59.717516+08:00,http-sustain-50,52967,34.6,240416,,,,200,3.3,,200,42.1,,200,95.3,,200,773.3,,200,48.1,,0.0,34.0,20.0,54.0,0.0,10.0,0.0,0.0,4.0,0.0,6.0,0.0,0.0,4.0,0.0,50.14714448847313,4.0,0.0,0.0,133871.0,11.0,0.0,924.0,131634.0,71.0,0.0,0.0,0.0,0.0,0.0
2026-09-27T12:26:04.719667+08:00,http-sustain-50,52967,39.5,274800,5181,2823,2681,200,2.4,,200,87.9,,200,342.2,,200,761.1,,200,110.4,,0.0,34.0,20.0,54.0,0.0,10.0,0.0,0.0,4.0,0.0,6.0,0.0,0.0,4.0,0.0,48.55469157106161,4.0,0.0,0.0,134125.0,11.0,0.0,924.0,131884.0,71.0,0.0,0.0,0.0,0.0,0.0
2026-09-27T12:26:09.729547+08:00,http-sustain-50,52967,53.5,239408,,,,200,12.5,,200,438.0,,200,395.2,,200,2007.5,,200,130.2,,0.0,34.0,20.0,54.0,0.0,10.0,0.0,0.0,4.0,0.0,6.0,0.0,1.0,4.0,0.0,48.09560128307489,4.0,0.0,0.0,134364.0,11.0,0.0,924.0,132125.0,71.0,0.0,0.0,0.0,0.0,0.0
2026-09-27T12:26:14.733277+08:00,http-sustain-50,52967,81.9,220240,,,,200,11.5,,200,79.2,,200,187.4,,200,697.4,,200,124.8,,0.0,34.0,20.0,54.0,0.0,10.0,0.0,0.0,3.0,0.0,7.0,0.0,0.0,4.0,0.0,51.76288644522702,4.0,0.0,0.0,134630.0,11.0,0.0,924.0,132384.0,71.0,0.0,0.0,0.0,0.0,0.0
2026-09-27T12:26:19.740082+08:00,http-sustain-50,52967,105.4,338176,5173,2830,2675,200,4.5,,200,102.0,,200,225.4,,200,1102.9,,200,224.2,,0.0,34.0,20.0,54.0,0.0,10.0,0.0,0.0,3.0,0.0,7.0,0.0,0.0,4.0,0.0,51.219674151863124,4.0,0.0,0.0,134881.0,11.0,0.0,924.0,132632.0,71.0,0.0,0.0,0.0,0.0,0.0
2026-09-27T12:26:24.743899+08:00,http-sustain-50,52967,55.3,253872,,,,200,6.4,,200,123.1,,200,279.0,,200,811.6,,200,163.3,,0.0,34.0,20.0,54.0,0.0,10.0,0.0,0.0,3.0,0.0,7.0,0.0,0.0,4.0,0.0,49.337924661210366,4.0,0.0,0.0,135129.0,11.0,0.0,924.0,132879.0,71.0,0.0,0.0,0.0,0.0,0.0
2026-09-27T12:26:29.755577+08:00,http-sustain-50,52967,17.3,218656,,,,200,7.7,,200,35.7,,200,107.8,,200,439.7,,200,77.0,,0.0,34.0,20.0,54.0,0.0,25.0,0.0,0.0,8.0,0.0,17.0,0.0,0.0,4.0,0.0,0.0,4.0,0.0,0.0,135310.0,25.0,0.0,924.0,133058.0,71.0,0.0,0.0,0.0,0.0,0.0
2026-09-27T12:26:34.759706+08:00,http-sustain-50-drain,52967,15.7,266656,5051,2953,2671,200,1.6,,200,83.0,,200,110.5,,200,329.7,,200,55.4,,0.0,34.0,20.0,54.0,0.0,25.0,0.0,0.0,8.0,0.0,17.0,0.0,1.0,4.0,0.0,0.0,4.0,0.0,0.0,135310.0,25.0,0.0,924.0,133058.0,71.0,0.0,0.0,0.0,0.0,0.0
2026-09-27T12:26:39.764621+08:00,http-sustain-50-drain,52967,108.2,294896,,,,200,8.3,,200,71.6,,200,111.9,,200,372.2,,200,59.5,,0.0,34.0,20.0,54.0,0.0,25.0,0.0,0.0,8.0,0.0,17.0,0.0,2.0,4.0,0.0,0.0,4.0,0.0,0.0,135310.0,25.0,0.0,924.0,133058.0,71.0,0.0,0.0,0.0,0.0,0.0
2026-09-27T12:26:44.771129+08:00,http-sustain-50-drain,52967,24.5,360176,,,,200,5.8,,200,46.1,,200,74.1,,200,343.2,,200,75.0,,0.0,34.0,20.0,54.0,0.0,0.0,0.0,0.0,0.0,0.0,0.0,0.0,1.0,4.0,0.0,0.0,4.0,0.0,0.0,135310.0,0.0,0.0,924.0,133058.0,71.0,0.0,0.0,0.0,0.0,0.0
2026-09-27T12:26:49.787014+08:00,http-sustain-50-recovery,52967,17.2,240000,5037,2966,2668,200,11.1,,200,40.2,,200,81.2,,200,472.7,,200,55.6,,0.0,34.0,20.0,54.0,0.0,0.0,0.0,0.0,0.0,0.0,0.0,0.0,5.0,4.0,0.0,0.0,4.0,0.0,0.0,135310.0,0.0,0.0,924.0,133058.0,71.0,0.0,0.0,0.0,0.0,0.0
2026-09-27T12:26:54.797945+08:00,http-sustain-50-recovery,52967,20.0,142848,,,,200,6.9,,200,61.2,,200,81.6,,200,429.1,,200,39.3,,0.0,34.0,20.0,54.0,0.0,0.0,0.0,0.0,0.0,0.0,0.0,0.0,3.0,4.0,0.0,0.0,4.0,0.0,0.0,135310.0,0.0,0.0,924.0,133058.0,71.0,0.0,0.0,0.0,0.0,0.0
2026-09-27T12:26:59.799388+08:00,http-sustain-50-recovery,52967,64.0,287424,,,,200,5.2,,200,136.1,,200,165.6,,200,341.0,,200,34.0,,0.0,34.0,20.0,54.0,0.0,0.0,0.0,0.0,0.0,0.0,0.0,0.0,3.0,4.0,0.0,0.20002759880794552,4.0,0.0,0.0,135311.0,0.0,0.0,924.0,133059.0,71.0,0.0,0.0,0.0,0.0,0.0
2026-09-27T12:27:04.800688+08:00,http-sustain-50-recovery,52967,20.5,273840,5054,2950,2666,200,14.1,,200,30.3,,200,95.7,,200,268.8,,200,74.6,,0.0,34.0,20.0,54.0,0.0,0.0,0.0,0.0,0.0,0.0,0.0,0.0,2.0,4.0,0.0,0.0,4.0,0.0,0.0,135313.0,0.0,0.0,924.0,133061.0,71.0,0.0,0.0,0.0,0.0,0.0
2026-09-27T12:27:09.804237+08:00,http-sustain-50-recovery,52967,17.4,245568,,,,200,7.3,,200,36.5,,200,97.9,,200,294.4,,200,37.7,,0.0,34.0,20.0,54.0,0.0,0.0,0.0,0.0,0.0,0.0,0.0,0.0,4.0,4.0,0.0,0.399579000288748,4.0,0.0,0.0,135315.0,0.0,0.0,924.0,133063.0,71.0,0.0,0.0,0.0,0.0,0.0
2026-09-27T12:27:14.815019+08:00,http-sustain-50-recovery,52967,118.1,290128,,,,200,8.5,,200,21.3,,200,70.0,,200,294.1,,200,25.4,,0.0,34.0,20.0,54.0,0.0,0.0,0.0,0.0,0.0,0.0,0.0,0.0,4.0,4.0,0.0,0.39928826866111156,4.0,0.0,0.0,135317.0,0.0,0.0,924.0,133065.0,71.0,0.0,0.0,0.0,0.0,0.0
2026-09-27T12:27:19.822168+08:00,http-sustain-50-recovery,52967,19.5,281040,5054,2950,2662,200,5.4,,200,39.9,,200,69.8,,200,322.8,,200,43.5,,0.0,34.0,20.0,54.0,0.0,0.0,0.0,0.0,0.0,0.0,0.0,0.0,3.0,4.0,0.0,1.2161967611768103,4.0,0.0,0.0,135319.0,0.0,0.0,924.0,133067.0,71.0,0.0,0.0,0.0,0.0,0.0
2026-09-27T12:27:24.822609+08:00,http-sustain-50-recovery,52967,19.2,245296,,,,200,5.2,,200,58.5,,200,121.6,,200,272.2,,200,79.9,,0.0,34.0,20.0,54.0,0.0,0.0,0.0,0.0,0.0,0.0,0.0,0.0,3.0,4.0,0.0,0.19986924553956803,4.0,0.0,0.0,135320.0,0.0,0.0,924.0,133068.0,71.0,0.0,0.0,0.0,0.0,0.0
2026-09-27T12:27:29.836232+08:00,http-sustain-50-recovery,52967,49.7,125648,,,,200,32.6,,200,270.0,,200,316.3,,200,734.3,,200,305.3,,0.0,34.0,20.0,54.0,0.0,0.0,0.0,0.0,0.0,0.0,0.0,0.0,2.0,4.0,0.0,0.0,4.0,0.0,0.0,135320.0,0.0,0.0,924.0,133068.0,71.0,0.0,0.0,0.0,0.0,0.0
2026-09-27T12:27:34.838287+08:00,http-sustain-50-recovery,52967,77.4,275840,5141,2863,2702,200,14.2,,200,76.4,,200,263.3,,200,608.9,,200,63.8,,0.0,34.0,20.0,54.0,0.0,0.0,0.0,0.0,0.0,0.0,0.0,0.0,4.0,4.0,0.0,0.0,4.0,0.0,0.0,135320.0,0.0,0.0,924.0,133068.0,71.0,0.0,0.0,0.0,0.0,0.0
2026-09-27T12:27:39.844688+08:00,http-sustain-50-recovery,52967,23.9,254800,,,,200,15.9,,200,667.4,,200,684.2,,200,979.3,,200,601.6,,0.0,34.0,20.0,54.0,0.0,0.0,0.0,0.0,0.0,0.0,0.0,0.0,3.0,4.0,0.0,0.0,4.0,0.0,0.0,135320.0,0.0,0.0,924.0,133068.0,71.0,0.0,0.0,0.0,0.0,0.0
2026-09-27T12:27:44.852169+08:00,http-sustain-50-recovery,52967,19.4,219984,,,,200,7.5,,200,61.5,,200,134.0,,200,289.2,,200,54.0,,0.0,34.0,20.0,54.0,0.0,0.0,0.0,0.0,0.0,0.0,0.0,0.0,3.0,4.0,0.0,0.0,4.0,0.0,0.0,135320.0,0.0,0.0,924.0,133068.0,71.0,0.0,0.0,0.0,0.0,0.0
2026-09-27T12:27:49.861859+08:00,before-low-mixed,52967,19.4,259904,4979,3024,2708,200,11.8,,200,58.3,,200,139.4,,200,379.7,,200,54.2,,0.0,34.0,20.0,54.0,0.0,0.0,0.0,0.0,0.0,0.0,0.0,0.0,3.0,4.0,0.0,0.0,4.0,0.0,0.0,135320.0,0.0,0.0,924.0,133068.0,71.0,0.0,0.0,0.0,0.0,0.0
2026-09-27T12:27:54.868476+08:00,before-low-mixed,52967,104.5,284272,,,,200,7.1,,200,71.0,,200,74.4,,200,308.0,,200,32.9,,0.0,34.0,20.0,54.0,0.0,0.0,0.0,0.0,0.0,0.0,0.0,0.0,5.0,4.0,0.0,0.0,4.0,0.0,0.0,135320.0,0.0,0.0,924.0,133068.0,71.0,0.0,0.0,0.0,0.0,0.0
2026-09-27T12:27:59.885724+08:00,low-mixed-inspection-refresh,52967,89.3,306384,,,,200,30.6,,200,282.0,,200,315.6,,200,657.4,,200,189.9,,0.0,34.0,20.0,54.0,0.0,0.0,0.0,0.0,0.0,0.0,0.0,0.0,4.0,4.0,0.0,0.0,4.0,0.0,0.0,135320.0,0.0,0.0,924.0,133068.0,71.0,0.0,0.0,0.0,0.0,0.0
2026-09-27T12:28:04.880595+08:00,low-mixed-inspection-refresh,52967,19.8,348848,5067,2937,2698,200,7.7,,200,71.0,,200,131.0,,200,679.4,,200,74.4,,0.0,34.0,20.0,54.0,0.0,0.0,0.0,0.0,0.0,0.0,0.0,0.0,3.0,4.0,0.0,0.0,4.0,0.0,0.0,135320.0,0.0,0.0,924.0,133068.0,71.0,0.0,0.0,0.0,0.0,0.0
2026-09-27T12:28:09.887128+08:00,low-mixed-inspection-refresh,52967,17.4,210176,,,,200,11.8,,200,66.9,,200,108.2,,200,550.7,,200,47.2,,0.0,34.0,20.0,54.0,0.0,0.0,0.0,0.0,0.0,0.0,0.0,0.0,3.0,4.0,0.0,0.0,4.0,0.0,0.0,135320.0,0.0,0.0,924.0,133068.0,71.0,0.0,0.0,0.0,0.0,0.0
2026-09-27T12:28:14.891616+08:00,low-mixed-inspection-refresh,52967,78.9,497200,,,,200,6.2,,200,38.9,,200,78.5,,200,304.7,,200,50.0,,0.0,34.0,20.0,54.0,0.0,0.0,0.0,0.0,0.0,0.0,0.0,0.0,2.0,4.0,0.0,0.0,4.0,0.0,0.0,135320.0,0.0,0.0,924.0,133068.0,71.0,0.0,0.0,0.0,0.0,0.0
2026-09-27T12:28:19.906486+08:00,low-mixed-inspection-refresh,52967,18.6,451616,5078,2926,2695,200,6.4,,200,137.3,,200,136.5,,200,572.2,,200,94.8,,0.0,34.0,20.0,54.0,0.0,0.0,0.0,0.0,0.0,0.0,0.0,0.0,1.0,4.0,0.0,0.0,4.0,0.0,0.0,135320.0,0.0,0.0,924.0,133068.0,71.0,0.0,0.0,0.0,0.0,0.0
2026-09-27T12:28:24.914005+08:00,low-mixed-inspection-refresh,52967,30.3,450208,,,,200,9.7,,200,55.1,,200,76.3,,200,359.8,,200,68.8,,0.0,34.0,20.0,54.0,0.0,0.0,0.0,0.0,0.0,0.0,0.0,0.0,3.0,4.0,0.0,0.0,4.0,0.0,0.0,135320.0,0.0,0.0,924.0,133068.0,71.0,0.0,0.0,0.0,0.0,0.0
2026-09-27T12:28:29.923664+08:00,mixed-25,52967,102.1,287952,,,,200,9.4,,200,197.3,,200,129.9,,200,735.0,,200,214.8,,0.0,34.0,20.0,54.0,0.0,2.0,0.0,0.0,2.0,0.0,0.0,0.0,3.0,4.0,0.0,22.189944671530853,4.0,0.0,0.0,135388.0,0.0,0.0,924.0,133137.0,71.0,0.0,0.0,0.0,0.0,0.0
2026-09-27T12:28:34.932484+08:00,mixed-25,52967,150.5,398112,5238,2766,2689,200,27.7,,200,127.0,,200,126.5,,200,2753.6,,200,91.9,,0.0,34.0,20.0,56.0,0.0,2.0,0.0,0.0,2.0,0.0,0.0,0.0,1.0,4.0,0.0,25.735289856028135,4.0,0.0,0.0,135522.0,0.0,0.0,924.0,133267.0,71.0,0.0,0.0,0.0,0.0,0.0
2026-09-27T12:28:39.941178+08:00,mixed-25,52967,88.2,305904,,,,200,45.0,,200,189.0,,200,360.0,,200,871.0,,200,316.0,,0.0,34.0,20.0,57.0,0.0,2.0,0.0,0.0,2.0,0.0,0.0,0.0,2.0,4.0,0.0,23.890827675898567,4.0,0.0,0.0,135645.0,0.0,0.0,924.0,133387.0,71.0,0.0,0.0,0.0,0.0,0.0
2026-09-27T12:28:44.950187+08:00,mixed-25,52967,93.1,350720,,,,200,17.8,,200,239.6,,200,271.6,,200,1157.5,,200,267.4,,0.0,34.0,21.0,58.0,0.0,31.0,2.0,0.0,7.0,0.0,22.0,0.0,1.0,4.0,0.0,24.38608692778961,4.0,0.0,0.0,135775.0,29.0,0.0,924.0,133509.0,71.0,0.0,0.0,0.0,0.0,0.0
2026-09-27T12:28:49.951128+08:00,mixed-25,52967,84.3,293360,5393,2611,2684,200,25.0,,200,129.5,,200,524.9,,200,2223.1,,200,153.8,,0.0,34.0,21.0,60.0,0.0,31.0,2.0,0.0,7.0,0.0,22.0,0.0,2.0,4.0,0.0,20.83646147565336,4.0,0.0,0.0,135890.0,29.0,0.0,924.0,133628.0,71.0,0.0,0.0,0.0,0.0,0.0
2026-09-27T12:28:54.953136+08:00,mixed-25,52967,119.9,349536,,,,200,10.3,,200,251.5,,200,517.8,,200,1975.8,,200,200.4,,0.0,34.0,22.0,61.0,0.0,31.0,2.0,0.0,7.0,0.0,22.0,0.0,1.0,4.0,0.0,26.50301079453033,4.0,0.0,0.0,136037.0,29.0,0.0,924.0,133760.0,71.0,0.0,0.0,0.0,0.0,0.0
2026-09-27T12:28:59.984834+08:00,mixed-25,52967,110.7,359472,,,,200,23.0,,200,232.9,,200,329.6,,200,1671.6,,200,170.4,,0.0,34.0,22.0,62.0,0.0,39.0,5.0,0.0,4.0,0.0,30.0,0.0,0.0,4.0,0.0,24.449232584804175,4.0,0.0,0.0,136164.0,37.0,0.0,924.0,133883.0,71.0,0.0,0.0,0.0,0.0,0.0
2026-09-27T12:29:04.989135+08:00,mixed-25,52967,65.1,287472,5399,2605,2699,200,17.1,,200,380.1,,200,917.5,,200,2854.0,,200,1088.4,,0.0,34.0,22.0,63.0,0.0,39.0,5.0,0.0,4.0,0.0,30.0,0.0,1.0,4.0,0.0,10.863559964773048,4.0,0.0,0.0,136267.0,37.0,0.0,924.0,133988.0,71.0,0.0,0.0,0.0,0.0,0.0
2026-09-27T12:29:09.990723+08:00,mixed-25,52967,48.7,265648,,,,200,24.4,,200,208.9,,200,782.8,,200,3164.6,,200,738.1,,0.0,34.0,23.0,64.0,0.0,39.0,5.0,0.0,4.0,0.0,30.0,0.0,2.0,4.0,0.0,25.810358775849743,4.0,0.0,0.0,136399.0,37.0,0.0,924.0,134117.0,71.0,0.0,0.0,0.0,0.0,0.0
2026-09-27T12:29:15.027412+08:00,mixed-25,52967,60.5,321760,,,,200,57.9,,200,170.4,,200,473.3,,200,1928.2,,200,199.7,,0.0,34.0,23.0,64.0,0.0,89.0,7.0,0.0,13.0,0.0,69.0,0.0,1.0,4.0,0.0,26.058168080773598,4.0,0.0,0.0,136542.0,81.0,0.0,924.0,134249.0,71.0,0.0,0.0,0.0,0.0,0.0
2026-09-27T12:29:20.008934+08:00,mixed-25,52967,62.1,377504,5504,2499,2698,200,20.8,,200,186.8,,200,447.1,,200,1895.8,,200,191.7,,0.0,34.0,23.0,67.0,0.0,89.0,7.0,0.0,13.0,0.0,69.0,0.0,1.0,4.0,0.0,22.60934350859433,4.0,0.0,0.0,136673.0,81.0,0.0,924.0,134379.0,71.0,0.0,0.0,0.0,0.0,0.0
2026-09-27T12:29:25.024716+08:00,mixed-25,52967,77.4,322352,,,,200,12.1,,200,431.8,,200,331.2,,200,2369.3,,200,127.7,,0.0,34.0,24.0,69.0,0.0,89.0,7.0,0.0,13.0,0.0,69.0,0.0,0.0,4.0,0.0,24.339491012819305,4.0,0.0,0.0,136794.0,81.0,0.0,924.0,134501.0,71.0,0.0,0.0,0.0,0.0,0.0
2026-09-27T12:29:30.034392+08:00,mixed-25,52967,90.9,360544,,,,200,3.5,,200,121.9,,200,374.9,,200,1499.2,,200,183.0,,0.0,34.0,24.0,69.0,0.0,38.0,11.0,0.0,7.0,0.0,20.0,0.0,1.0,4.0,0.0,25.181951048114655,4.0,0.0,0.0,136927.0,26.0,0.0,924.0,134627.0,71.0,0.0,0.0,0.0,0.0,0.0
2026-09-27T12:29:35.042920+08:00,mixed-25,52967,68.7,286784,5407,2596,2697,200,26.6,,200,108.9,,200,423.5,,200,956.5,,200,323.4,,0.0,34.0,24.0,71.0,0.0,38.0,11.0,0.0,7.0,0.0,20.0,0.0,1.0,4.0,0.0,41.91424414425549,4.0,0.0,0.0,137050.0,26.0,0.0,924.0,134749.0,71.0,0.0,0.0,0.0,0.0,0.0
2026-09-27T12:29:40.054705+08:00,mixed-25,52967,74.1,370816,,,,200,10.7,,200,271.3,,200,486.4,,200,2492.3,,200,73.5,,0.0,34.0,24.0,72.0,0.0,38.0,11.0,0.0,7.0,0.0,20.0,0.0,1.0,4.0,0.0,24.000473409338,4.0,0.0,0.0,137170.0,26.0,0.0,924.0,134869.0,71.0,0.0,0.0,0.0,0.0,0.0
2026-09-27T12:29:45.056368+08:00,mixed-25,52967,57.2,299920,,,,200,7.2,,200,112.6,,200,373.0,,200,1230.3,,200,144.5,,0.0,34.0,25.0,72.0,0.0,39.0,14.0,0.0,3.0,0.0,22.0,0.0,0.0,4.0,0.0,23.800508935802778,4.0,0.0,0.0,137289.0,32.0,0.0,924.0,134988.0,71.0,0.0,0.0,0.0,0.0,0.0
2026-09-27T12:29:50.084956+08:00,mixed-25,52967,38.4,305184,5419,2585,2701,200,58.2,,200,697.6,,200,867.1,,200,3045.0,,200,311.8,,0.0,34.0,25.0,75.0,0.0,39.0,14.0,0.0,3.0,0.0,22.0,0.0,0.0,4.0,0.0,22.171843707950263,4.0,0.0,0.0,137417.0,32.0,0.0,924.0,135108.0,71.0,0.0,0.0,0.0,0.0,0.0
2026-09-27T12:29:55.089049+08:00,mixed-25,52967,89.5,269952,,,,200,24.9,,200,409.9,,200,733.3,,200,2805.9,,200,414.8,,0.0,34.0,25.0,75.0,0.0,39.0,14.0,0.0,3.0,0.0,22.0,0.0,1.0,4.0,0.0,25.511880902070004,4.0,0.0,0.0,137546.0,32.0,0.0,924.0,135236.0,71.0,0.0,0.0,0.0,0.0,0.0
2026-09-27T12:30:00.092358+08:00,mixed-25,52967,83.3,396704,,,,200,16.7,,200,189.4,,200,520.1,,200,1075.7,,200,74.6,,0.0,34.0,26.0,78.0,0.0,54.0,16.0,0.0,8.0,0.0,30.0,0.0,1.0,4.0,0.0,26.04640123142352,4.0,0.0,0.0,137682.0,35.0,0.0,924.0,135366.0,71.0,0.0,0.0,0.0,0.0,0.0
2026-09-27T12:30:05.110058+08:00,mixed-25,52967,58.6,291264,5486,2518,2692,200,30.3,,200,242.1,,200,1798.1,,200,3660.6,,200,1198.2,,0.0,34.0,26.0,78.0,0.0,54.0,16.0,0.0,8.0,0.0,30.0,0.0,0.0,4.0,0.0,24.29761428528665,4.0,0.0,0.0,137793.0,35.0,0.0,924.0,135477.0,71.0,0.0,0.0,0.0,0.0,0.0
2026-09-27T12:30:10.107845+08:00,mixed-25,52967,58.4,376160,,,,200,5.2,,200,236.0,,200,257.7,,200,970.9,,200,232.5,,0.0,34.0,27.0,78.0,0.0,54.0,16.0,0.0,8.0,0.0,30.0,0.0,0.0,4.0,0.0,27.629768312379756,4.0,0.0,0.0,137939.0,35.0,0.0,924.0,135615.0,71.0,0.0,0.0,0.0,0.0,0.0
2026-09-27T12:30:15.110632+08:00,mixed-25,52967,77.5,395136,,,,200,6.9,,200,297.4,,200,274.8,,200,910.6,,200,74.3,,0.0,34.0,27.0,79.0,0.0,36.0,18.0,0.0,8.0,0.0,10.0,0.0,1.0,4.0,0.0,24.377136683504542,4.0,0.0,0.0,138057.0,13.0,0.0,924.0,135737.0,71.0,0.0,0.0,0.0,0.0,0.0
2026-09-27T12:30:20.120386+08:00,mixed-25,52967,86.8,340848,5451,2553,2685,200,30.0,,200,361.7,,200,432.1,,200,1054.8,,200,116.9,,0.0,34.0,28.0,79.0,0.0,36.0,18.0,0.0,8.0,0.0,10.0,0.0,0.0,4.0,0.0,37.028767605470826,4.0,0.0,0.0,138186.0,13.0,0.0,924.0,135862.0,71.0,0.0,0.0,0.0,0.0,0.0
2026-09-27T12:30:25.117481+08:00,mixed-25,52967,88.2,371472,,,,200,14.7,,200,115.3,,200,230.2,,200,560.3,,200,73.8,,0.0,34.0,28.0,79.0,0.0,36.0,18.0,0.0,8.0,0.0,10.0,0.0,1.0,4.0,0.0,25.045916262521875,4.0,0.0,0.0,138317.0,13.0,0.0,924.0,135987.0,71.0,0.0,0.0,0.0,0.0,0.0
2026-09-27T12:30:30.125299+08:00,mixed-25,52967,29.2,379664,,,,200,13.6,,200,268.2,,200,458.5,,200,1223.3,,200,361.1,,0.0,34.0,28.0,80.0,0.0,32.0,18.0,0.0,3.0,0.0,11.0,0.0,2.0,4.0,0.0,24.34661598829943,4.0,0.0,0.0,138434.0,10.0,0.0,924.0,136109.0,71.0,0.0,0.0,0.0,0.0,0.0
2026-09-27T12:30:35.133249+08:00,mixed-25,52967,73.3,370304,5396,2607,2682,200,20.3,,200,432.3,,200,671.9,,200,3296.6,,200,221.9,,0.0,34.0,29.0,81.0,0.0,32.0,18.0,0.0,3.0,0.0,11.0,0.0,1.0,4.0,0.0,20.983849842008308,4.0,0.0,0.0,138550.0,10.0,0.0,924.0,136227.0,71.0,0.0,0.0,0.0,0.0,0.0
2026-09-27T12:30:40.142176+08:00,mixed-25,52967,108.9,362192,,,,200,7.8,,200,443.1,,200,577.8,,200,1741.7,,200,286.9,,0.0,34.0,29.0,81.0,0.0,32.0,18.0,0.0,3.0,0.0,11.0,0.0,0.0,4.0,0.0,23.179249551026377,4.0,0.0,0.0,138681.0,10.0,0.0,924.0,136343.0,71.0,0.0,0.0,0.0,0.0,0.0
2026-09-27T12:30:45.154785+08:00,mixed-25,52967,111.8,415936,,,,200,11.5,,200,131.0,,200,269.1,,200,1306.6,,200,139.0,,0.0,34.0,29.0,82.0,0.0,29.0,19.0,0.0,2.0,0.0,8.0,0.0,1.0,4.0,0.0,27.713372614255714,4.0,0.0,0.0,138826.0,16.0,0.0,924.0,136482.0,71.0,0.0,0.0,0.0,0.0,0.0
2026-09-27T12:30:50.184243+08:00,mixed-25,52967,80.0,370480,5423,2580,2677,200,47.3,,200,536.6,,200,576.9,,200,2339.6,,200,434.9,,0.0,34.0,30.0,82.0,0.0,29.0,19.0,0.0,2.0,0.0,8.0,0.0,1.0,4.0,0.0,18.463314420638625,4.0,0.0,0.0,138943.0,16.0,0.0,924.0,136598.0,71.0,0.0,0.0,0.0,0.0,0.0
2026-09-27T12:30:55.167348+08:00,mixed-25,52967,69.8,310096,,,,200,18.2,,200,98.6,,200,377.6,,200,2089.3,,200,230.9,,0.0,34.0,30.0,83.0,0.0,29.0,19.0,0.0,2.0,0.0,8.0,0.0,0.0,4.0,0.0,25.50335553623001,4.0,0.0,0.0,139070.0,16.0,0.0,924.0,136725.0,71.0,0.0,0.0,0.0,0.0,0.0
2026-09-27T12:31:00.179826+08:00,mixed-25,52967,51.9,283744,,,,200,40.1,,200,438.0,,200,1342.6,,200,2467.3,,200,420.7,,0.0,34.0,30.0,85.0,0.0,62.0,19.0,0.0,10.0,0.0,33.0,0.0,1.0,4.0,0.0,22.82038399351747,4.0,0.0,0.0,139197.0,43.0,0.0,924.0,136840.0,71.0,0.0,0.0,0.0,0.0,0.0
2026-09-27T12:31:05.222368+08:00,mixed-25,52967,62.0,248416,5410,2594,2671,200,41.5,,200,297.3,,200,669.5,,200,3850.2,,200,401.9,,0.0,34.0,30.0,85.0,0.0,62.0,19.0,0.0,10.0,0.0,33.0,0.0,1.0,4.0,0.0,22.528429059106536,4.0,0.0,0.0,139311.0,43.0,0.0,924.0,136962.0,71.0,0.0,0.0,0.0,0.0,0.0
2026-09-27T12:31:10.207726+08:00,mixed-25,52967,78.9,309440,,,,200,9.2,,200,510.2,,200,770.8,,200,3302.9,,200,668.8,,0.0,34.0,31.0,87.0,0.0,62.0,19.0,0.0,10.0,0.0,33.0,0.0,1.0,4.0,0.0,23.25159043354058,4.0,0.0,0.0,139420.0,43.0,0.0,924.0,137078.0,71.0,0.0,0.0,0.0,0.0,0.0
2026-09-27T12:31:15.219075+08:00,mixed-25,52967,55.5,274608,,,,200,14.1,,200,659.6,,200,1150.5,,200,2634.7,,200,180.6,,0.0,34.0,31.0,91.0,0.0,162.0,23.0,0.0,14.0,0.0,125.0,0.0,1.0,4.0,0.0,28.762747450178296,4.0,0.0,0.0,139596.0,136.0,0.0,924.0,137222.0,71.0,0.0,0.0,0.0,0.0,0.0
2026-09-27T12:31:20.228033+08:00,mixed-25,52967,52.1,224208,5485,2519,2663,200,22.2,,200,538.2,,200,2303.3,,200,3962.7,,200,1180.2,,0.0,34.0,31.0,92.0,0.0,162.0,23.0,0.0,14.0,0.0,125.0,0.0,1.0,4.0,0.0,26.186615979329044,4.0,0.0,0.0,139707.0,136.0,0.0,924.0,137339.0,71.0,0.0,0.0,0.0,0.0,0.0
2026-09-27T12:31:25.245455+08:00,mixed-25,52967,76.7,323968,,,,200,13.6,,200,1602.2,,200,2576.2,,,4006.8,timed out,200,54.6,,0.0,34.0,31.0,92.0,0.0,162.0,23.0,0.0,14.0,0.0,125.0,0.0,2.0,4.0,0.0,23.924168562936305,4.0,0.0,0.0,139831.0,136.0,0.0,924.0,137459.0,71.0,0.0,0.0,0.0,0.0,0.0
2026-09-27T12:31:30.252692+08:00,mixed-25,52967,101.4,328416,,,,200,17.2,,200,1378.6,,200,1339.2,,200,2002.6,,200,571.6,,0.0,34.0,31.0,92.0,0.0,162.0,23.0,0.0,14.0,0.0,125.0,0.0,0.0,4.0,0.0,0.0,4.0,0.0,0.0,139863.0,136.0,0.0,924.0,137516.0,71.0,0.0,0.0,0.0,0.0,0.0
2026-09-27T12:31:35.266508+08:00,mixed-25-drain,52967,55.3,248512,5513,2490,2684,200,38.9,,200,301.1,,200,966.3,,200,2606.5,,200,1034.9,,0.0,34.0,32.0,93.0,0.0,181.0,28.0,0.0,39.0,0.0,114.0,0.0,1.0,4.0,0.0,0.0,4.0,0.0,0.0,139925.0,108.0,0.0,924.0,137520.0,71.0,0.0,0.0,0.0,0.0,0.0
2026-09-27T12:31:40.283246+08:00,mixed-25-drain,52967,70.5,249280,,,,200,32.2,,200,343.6,,200,361.0,,200,915.1,,200,327.8,,0.0,34.0,32.0,94.0,0.0,181.0,28.0,0.0,39.0,0.0,114.0,0.0,1.0,4.0,0.0,0.0,4.0,0.0,0.0,139925.0,108.0,0.0,924.0,137520.0,71.0,0.0,0.0,0.0,0.0,0.0
2026-09-27T12:31:45.282957+08:00,mixed-25-drain,52967,22.5,275712,,,,200,7.6,,200,66.5,,200,139.5,,200,543.4,,200,45.1,,0.0,34.0,32.0,94.0,0.0,28.0,28.0,0.0,0.0,0.0,0.0,0.0,3.0,4.0,0.0,0.0,4.0,0.0,0.0,139925.0,0.0,0.0,924.0,137520.0,71.0,0.0,0.0,0.0,0.0,0.0
2026-09-27T12:31:50.284550+08:00,mixed-25-recovery,52967,17.1,255584,5390,2614,2661,200,16.8,,200,150.5,,200,142.4,,200,574.9,,200,84.0,,0.0,34.0,33.0,94.0,0.0,28.0,28.0,0.0,0.0,0.0,0.0,0.0,2.0,4.0,0.0,0.0,4.0,0.0,0.0,139925.0,0.0,0.0,924.0,137520.0,71.0,0.0,0.0,0.0,0.0,0.0
2026-09-27T12:31:55.294453+08:00,mixed-25-recovery,52967,19.4,180160,,,,200,9.1,,200,54.3,,200,113.2,,200,342.9,,200,81.3,,0.0,34.0,33.0,94.0,0.0,28.0,28.0,0.0,0.0,0.0,0.0,0.0,3.0,4.0,0.0,0.0,4.0,0.0,0.0,139925.0,0.0,0.0,924.0,137520.0,71.0,0.0,0.0,0.0,0.0,0.0
2026-09-27T12:32:00.307343+08:00,mixed-25-recovery,52967,63.5,273856,,,,200,7.3,,200,36.8,,200,106.5,,200,351.7,,200,48.7,,0.0,34.0,34.0,94.0,0.0,27.0,27.0,0.0,0.0,0.0,0.0,0.0,1.0,4.0,0.0,0.0,4.0,0.0,0.0,139925.0,0.0,0.0,924.0,137520.0,71.0,0.0,0.0,0.0,0.0,0.0
2026-09-27T12:32:05.320037+08:00,mixed-10,52967,38.1,351792,5451,2553,2658,200,12.4,,200,345.2,,200,637.5,,200,1348.9,,200,399.6,,0.0,34.0,34.0,94.0,0.0,27.0,27.0,0.0,0.0,0.0,0.0,0.0,0.0,4.0,0.0,9.847299323167242,4.0,0.0,0.0,139958.0,0.0,0.0,924.0,137553.0,71.0,0.0,0.0,0.0,0.0,0.0
2026-09-27T12:32:10.321856+08:00,mixed-10,52967,58.0,380912,,,,200,11.5,,200,69.1,,200,75.2,,200,557.4,,200,53.4,,0.0,34.0,35.0,95.0,0.0,27.0,27.0,0.0,0.0,0.0,0.0,0.0,1.0,4.0,0.0,10.182030920852593,4.0,0.0,0.0,140010.0,0.0,0.0,924.0,137604.0,71.0,0.0,0.0,0.0,0.0,0.0
2026-09-27T12:32:15.389886+08:00,mixed-10,52967,34.5,299056,,,,200,25.0,,200,650.6,,200,1347.8,,200,3300.0,,200,659.3,,0.0,34.0,35.0,95.0,0.0,29.0,26.0,0.0,1.0,0.0,2.0,0.0,1.0,4.0,0.0,8.481459028677904,4.0,0.0,0.0,140049.0,3.0,0.0,924.0,137647.0,71.0,0.0,0.0,0.0,0.0,0.0
2026-09-27T12:32:20.390450+08:00,mixed-10,52967,73.5,389152,5500,2504,2652,200,4.0,,200,177.3,,200,197.5,,200,1792.6,,200,170.6,,0.0,34.0,36.0,96.0,0.0,29.0,26.0,0.0,1.0,0.0,2.0,0.0,0.0,4.0,0.0,5.464904462005415,4.0,0.0,0.0,140100.0,3.0,0.0,924.0,137693.0,71.0,0.0,0.0,0.0,0.0,0.0
2026-09-27T12:32:25.400907+08:00,mixed-10,52967,63.2,369312,,,,200,10.9,,200,80.4,,200,223.6,,200,541.8,,200,139.1,,0.0,34.0,36.0,96.0,0.0,29.0,26.0,0.0,1.0,0.0,2.0,0.0,1.0,4.0,0.0,10.96541216664751,4.0,0.0,0.0,140155.0,3.0,0.0,924.0,137748.0,71.0,0.0,0.0,0.0,0.0,0.0
2026-09-27T12:32:30.406945+08:00,mixed-10,52967,69.9,342400,,,,200,6.0,,200,379.3,,200,478.8,,200,1566.5,,200,193.0,,0.0,34.0,37.0,98.0,0.0,29.0,28.0,0.0,0.0,0.0,1.0,0.0,1.0,4.0,0.0,9.796898384265488,4.0,0.0,0.0,140204.0,2.0,0.0,924.0,137797.0,71.0,0.0,0.0,0.0,0.0,0.0
2026-09-27T12:32:35.415566+08:00,mixed-10,52967,29.3,299360,5611,2393,2648,200,19.3,,200,354.6,,200,1074.1,,200,1669.9,,200,442.0,,0.0,34.0,37.0,99.0,0.0,29.0,28.0,0.0,0.0,0.0,1.0,0.0,2.0,4.0,0.0,8.48930716158037,4.0,0.0,0.0,140261.0,2.0,0.0,924.0,137850.0,71.0,0.0,0.0,0.0,0.0,0.0
2026-09-27T12:32:40.437904+08:00,mixed-10,52967,48.3,395248,,,,200,27.2,,200,116.0,,200,278.2,,200,1277.3,,200,49.4,,0.0,34.0,38.0,99.0,0.0,29.0,28.0,0.0,0.0,0.0,1.0,0.0,1.0,4.0,0.0,9.737330217493383,4.0,0.0,0.0,140311.0,2.0,0.0,924.0,137899.0,71.0,0.0,0.0,0.0,0.0,0.0
2026-09-27T12:32:45.434848+08:00,mixed-10,52967,44.9,367184,,,,200,20.2,,200,311.3,,200,403.4,,200,1079.4,,200,209.6,,0.0,34.0,38.0,99.0,0.0,33.0,27.0,0.0,0.0,0.0,6.0,0.0,1.0,4.0,0.0,9.826570309123095,4.0,0.0,0.0,140360.0,4.0,0.0,924.0,137948.0,71.0,0.0,0.0,0.0,0.0,0.0
2026-09-27T12:32:50.438911+08:00,mixed-10,52967,62.6,402992,5434,2570,2646,200,16.3,,200,117.6,,200,247.7,,200,1027.4,,200,98.8,,0.0,34.0,39.0,99.0,0.0,33.0,27.0,0.0,0.0,0.0,6.0,0.0,2.0,4.0,0.0,9.142619773924167,4.0,0.0,0.0,140413.0,4.0,0.0,924.0,138000.0,71.0,0.0,0.0,0.0,0.0,0.0
2026-09-27T12:32:55.444175+08:00,mixed-10,52967,63.1,365936,,,,200,11.2,,200,186.8,,200,725.6,,200,2785.0,,200,159.7,,0.0,34.0,39.0,100.0,0.0,33.0,27.0,0.0,0.0,0.0,6.0,0.0,0.0,4.0,0.0,10.19374392809643,4.0,0.0,0.0,140464.0,4.0,0.0,924.0,138051.0,71.0,0.0,0.0,0.0,0.0,0.0
2026-09-27T12:33:00.453743+08:00,mixed-10,52967,70.8,374288,,,,200,9.9,,200,105.5,,200,188.7,,200,978.1,,200,53.9,,0.0,34.0,39.0,100.0,0.0,39.0,27.0,0.0,4.0,0.0,8.0,0.0,0.0,4.0,0.0,9.977114992485985,4.0,0.0,0.0,140515.0,10.0,0.0,924.0,138101.0,71.0,0.0,0.0,0.0,0.0,0.0
2026-09-27T12:33:05.465336+08:00,mixed-10,52967,38.2,420576,5505,2499,2644,200,10.5,,200,270.1,,200,543.8,,200,1523.3,,200,453.1,,0.0,34.0,40.0,103.0,0.0,39.0,27.0,0.0,4.0,0.0,8.0,0.0,1.0,4.0,0.0,7.488452681724542,4.0,0.0,0.0,140562.0,10.0,0.0,924.0,138148.0,71.0,0.0,0.0,0.0,0.0,0.0
2026-09-27T12:33:10.472857+08:00,mixed-10,52967,30.5,306016,,,,200,13.7,,200,356.1,,200,976.6,,200,2668.8,,200,427.9,,0.0,34.0,40.0,104.0,0.0,39.0,27.0,0.0,4.0,0.0,8.0,0.0,1.0,4.0,0.0,9.978389385012203,4.0,0.0,0.0,140614.0,10.0,0.0,924.0,138198.0,71.0,0.0,0.0,0.0,0.0,0.0
2026-09-27T12:33:15.484546+08:00,mixed-10,52967,54.2,295376,,,,200,8.5,,200,198.8,,200,269.2,,200,890.6,,200,96.4,,0.0,34.0,41.0,105.0,0.0,43.0,30.0,0.0,4.0,0.0,9.0,0.0,1.0,4.0,0.0,9.984462263694722,4.0,0.0,0.0,140665.0,10.0,0.0,924.0,138248.0,71.0,0.0,0.0,0.0,0.0,0.0
2026-09-27T12:33:20.490731+08:00,mixed-10,52967,54.4,206288,5451,2553,2640,200,36.3,,200,782.2,,200,1138.0,,200,2169.1,,200,840.7,,0.0,34.0,41.0,105.0,0.0,43.0,30.0,0.0,4.0,0.0,9.0,0.0,2.0,4.0,0.0,8.70651105097088,4.0,0.0,0.0,140712.0,10.0,0.0,924.0,138294.0,71.0,0.0,0.0,0.0,0.0,0.0
2026-09-27T12:33:25.499271+08:00,mixed-10,52967,76.3,324704,,,,200,16.7,,200,184.6,,200,289.7,,200,1313.7,,200,131.3,,0.0,34.0,42.0,106.0,0.0,43.0,30.0,0.0,4.0,0.0,9.0,0.0,1.0,4.0,0.0,10.39311239711229,4.0,0.0,0.0,140767.0,10.0,0.0,924.0,138346.0,71.0,0.0,0.0,0.0,0.0,0.0
2026-09-27T12:33:30.506400+08:00,mixed-10,52967,35.5,412736,,,,200,17.3,,200,661.0,,200,593.5,,200,1741.7,,200,498.2,,0.0,34.0,42.0,106.0,0.0,35.0,30.0,0.0,2.0,0.0,3.0,0.0,2.0,4.0,0.0,9.958671348589409,4.0,0.0,0.0,140817.0,4.0,0.0,924.0,138396.0,71.0,0.0,0.0,0.0,0.0,0.0
2026-09-27T12:33:35.516897+08:00,mixed-10,52967,64.8,399808,5468,2536,2639,200,12.4,,200,60.0,,200,250.2,,200,933.9,,200,199.2,,0.0,34.0,42.0,106.0,0.0,35.0,30.0,0.0,2.0,0.0,3.0,0.0,0.0,4.0,0.0,9.881834394590523,4.0,0.0,0.0,140871.0,4.0,0.0,924.0,138447.0,71.0,0.0,0.0,0.0,0.0,0.0
2026-09-27T12:33:40.522760+08:00,mixed-10,52967,142.9,413840,,,,200,8.7,,200,79.5,,200,176.8,,200,2177.8,,200,53.5,,0.0,34.0,43.0,107.0,0.0,35.0,30.0,0.0,2.0,0.0,3.0,0.0,2.0,4.0,0.0,9.97979050905987,4.0,0.0,0.0,140919.0,4.0,0.0,924.0,138497.0,71.0,0.0,0.0,0.0,0.0,0.0
2026-09-27T12:33:45.528470+08:00,mixed-10,52967,117.6,359248,,,,200,14.5,,200,181.4,,200,258.1,,200,757.9,,200,94.1,,0.0,34.0,43.0,107.0,0.0,49.0,30.0,0.0,9.0,0.0,10.0,0.0,1.0,4.0,0.0,9.59652413895687,4.0,0.0,0.0,140973.0,12.0,0.0,924.0,138545.0,71.0,0.0,0.0,0.0,0.0,0.0
2026-09-27T12:33:50.539134+08:00,mixed-10,52967,106.0,311872,5431,2572,2637,200,29.8,,200,221.8,,200,149.9,,200,2314.5,,200,131.8,,0.0,34.0,44.0,107.0,0.0,49.0,30.0,0.0,9.0,0.0,10.0,0.0,1.0,4.0,0.0,8.442921732191856,4.0,0.0,0.0,141022.0,12.0,0.0,924.0,138594.0,71.0,0.0,0.0,0.0,0.0,0.0
2026-09-27T12:33:55.539843+08:00,mixed-10,52967,125.3,418912,,,,200,10.8,,200,60.8,,200,185.5,,200,1006.4,,200,54.8,,0.0,34.0,44.0,108.0,0.0,49.0,30.0,0.0,9.0,0.0,10.0,0.0,0.0,4.0,0.0,10.195078071184184,4.0,0.0,0.0,141072.0,12.0,0.0,924.0,138645.0,71.0,0.0,0.0,0.0,0.0,0.0
2026-09-27T12:34:00.553345+08:00,mixed-10,52967,121.1,412224,,,,200,25.5,,200,275.6,,200,298.9,,200,861.8,,200,238.7,,0.0,34.0,45.0,108.0,0.0,39.0,30.0,0.0,5.0,0.0,4.0,0.0,1.0,4.0,0.0,9.745056318063664,4.0,0.0,0.0,141124.0,6.0,0.0,924.0,138694.0,71.0,0.0,0.0,0.0,0.0,0.0
2026-09-27T12:34:05.567045+08:00,mixed-10,52967,97.5,311088,5402,2602,2629,200,83.6,,200,416.9,,200,552.3,,200,2304.2,,200,549.6,,0.0,34.0,45.0,109.0,0.0,39.0,30.0,0.0,5.0,0.0,4.0,0.0,0.0,4.0,0.0,8.987045496808058,4.0,0.0,0.0,141173.0,6.0,0.0,924.0,138743.0,71.0,0.0,0.0,0.0,0.0,0.0
2026-09-27T12:34:10.571051+08:00,mixed-10,52967,107.3,437312,,,,200,13.9,,200,63.6,,200,96.5,,200,1038.4,,200,35.7,,0.0,34.0,45.0,109.0,0.0,39.0,30.0,0.0,5.0,0.0,4.0,0.0,1.0,4.0,0.0,10.193810403950728,4.0,0.0,0.0,141227.0,6.0,0.0,924.0,138794.0,71.0,0.0,0.0,0.0,0.0,0.0
2026-09-27T12:34:15.577075+08:00,mixed-10,52967,48.9,396064,,,,200,19.4,,200,234.3,,200,289.7,,200,855.4,,200,193.0,,0.0,34.0,46.0,109.0,0.0,34.0,29.0,0.0,0.0,0.0,5.0,0.0,1.0,4.0,0.0,9.182060930430906,4.0,0.0,0.0,141272.0,5.0,0.0,924.0,138840.0,71.0,0.0,0.0,0.0,0.0,0.0
2026-09-27T12:34:20.579027+08:00,mixed-10,52967,107.6,463088,5441,2562,2627,200,27.2,,200,144.0,,200,190.1,,200,1136.2,,200,93.4,,0.0,34.0,46.0,110.0,0.0,34.0,29.0,0.0,0.0,0.0,5.0,0.0,1.0,4.0,0.0,10.094172853812108,4.0,0.0,0.0,141325.0,5.0,0.0,924.0,138893.0,71.0,0.0,0.0,0.0,0.0,0.0
2026-09-27T12:34:25.589015+08:00,mixed-10,52967,83.3,276752,,,,200,10.8,,200,99.2,,200,165.8,,200,1407.8,,200,87.4,,0.0,34.0,47.0,111.0,0.0,34.0,29.0,0.0,0.0,0.0,5.0,0.0,1.0,4.0,0.0,9.989116523910706,4.0,0.0,0.0,141377.0,5.0,0.0,924.0,138943.0,71.0,0.0,0.0,0.0,0.0,0.0
2026-09-27T12:34:30.591427+08:00,mixed-10,52967,74.7,387488,,,,200,4.4,,200,202.8,,200,194.9,,200,1307.6,,200,79.6,,0.0,34.0,47.0,111.0,0.0,40.0,30.0,0.0,4.0,0.0,6.0,0.0,1.0,4.0,0.0,9.595339702788994,4.0,0.0,0.0,141429.0,10.0,0.0,924.0,138991.0,71.0,0.0,0.0,0.0,0.0,0.0
2026-09-27T12:34:35.596802+08:00,mixed-10,52967,78.6,404512,5433,2571,2626,200,7.5,,200,138.5,,200,276.6,,200,2436.5,,200,114.2,,0.0,34.0,48.0,111.0,0.0,40.0,30.0,0.0,4.0,0.0,6.0,0.0,1.0,4.0,0.0,8.805778641780652,4.0,0.0,0.0,141479.0,10.0,0.0,924.0,139041.0,71.0,0.0,0.0,0.0,0.0,0.0
2026-09-27T12:34:40.599919+08:00,mixed-10,52967,63.5,361120,,,,200,11.2,,200,124.6,,200,168.1,,200,1048.4,,200,46.9,,0.0,34.0,48.0,111.0,0.0,40.0,30.0,0.0,4.0,0.0,6.0,0.0,1.0,4.0,0.0,9.991641492309608,4.0,0.0,0.0,141530.0,10.0,0.0,924.0,139091.0,71.0,0.0,0.0,0.0,0.0,0.0
2026-09-27T12:34:45.620485+08:00,mixed-10,52967,93.7,442768,,,,200,7.0,,200,101.7,,200,151.3,,200,512.7,,200,96.8,,0.0,34.0,48.0,111.0,0.0,34.0,29.0,0.0,2.0,0.0,3.0,0.0,1.0,4.0,0.0,10.161835280596081,4.0,0.0,0.0,141582.0,7.0,0.0,924.0,139142.0,71.0,0.0,0.0,0.0,0.0,0.0
2026-09-27T12:34:50.621096+08:00,mixed-10,52967,74.1,450432,5520,2483,2624,200,10.8,,200,124.8,,200,215.2,,200,1041.8,,200,109.8,,0.0,34.0,48.0,111.0,0.0,34.0,29.0,0.0,2.0,0.0,3.0,0.0,1.0,4.0,0.0,8.6383013644197,4.0,0.0,0.0,141629.0,7.0,0.0,924.0,139190.0,71.0,0.0,0.0,0.0,0.0,0.0
2026-09-27T12:34:55.630635+08:00,mixed-10,52967,53.2,419072,,,,200,9.4,,200,48.9,,200,112.3,,200,515.1,,200,81.0,,0.0,34.0,49.0,113.0,0.0,34.0,29.0,0.0,2.0,0.0,3.0,0.0,2.0,4.0,0.0,10.37496495020104,4.0,0.0,0.0,141682.0,7.0,0.0,924.0,139242.0,71.0,0.0,0.0,0.0,0.0,0.0
2026-09-27T12:35:00.637049+08:00,mixed-10,52967,103.7,359504,,,,200,8.1,,200,153.2,,200,183.1,,200,749.3,,200,61.1,,0.0,34.0,49.0,114.0,0.0,34.0,30.0,0.0,2.0,0.0,2.0,0.0,1.0,4.0,0.0,9.784066321208096,4.0,0.0,0.0,141733.0,3.0,0.0,924.0,139291.0,71.0,0.0,0.0,0.0,0.0,0.0
2026-09-27T12:35:05.647478+08:00,mixed-10,52967,79.9,256944,5462,2542,2622,200,2.5,,200,92.1,,200,228.1,,200,690.3,,200,100.6,,0.0,34.0,50.0,114.0,0.0,34.0,30.0,0.0,2.0,0.0,2.0,0.0,1.0,4.0,0.0,0.0,4.0,0.0,0.0,141747.0,3.0,0.0,924.0,139304.0,71.0,0.0,0.0,0.0,0.0,0.0
2026-09-27T12:35:10.647881+08:00,mixed-10-drain,52967,29.5,328512,,,,200,6.3,,200,28.9,,200,87.5,,200,344.2,,200,24.8,,0.0,34.0,50.0,114.0,0.0,34.0,30.0,0.0,2.0,0.0,2.0,0.0,2.0,4.0,0.0,0.0,4.0,0.0,0.0,141747.0,3.0,0.0,924.0,139304.0,71.0,0.0,0.0,0.0,0.0,0.0
2026-09-27T12:35:15.658005+08:00,mixed-10-drain,52967,20.8,241760,,,,200,5.1,,200,42.3,,200,122.2,,200,321.9,,200,68.2,,0.0,34.0,51.0,114.0,0.0,30.0,30.0,0.0,0.0,0.0,0.0,0.0,2.0,4.0,0.0,0.0,4.0,0.0,0.0,141747.0,0.0,0.0,924.0,139304.0,71.0,0.0,0.0,0.0,0.0,0.0
2026-09-27T12:35:20.660120+08:00,mixed-10-drain,52967,16.1,217648,5368,2636,2622,200,8.6,,200,74.8,,200,116.6,,200,536.1,,200,49.1,,0.0,34.0,51.0,114.0,0.0,30.0,30.0,0.0,0.0,0.0,0.0,0.0,3.0,4.0,0.0,0.0,4.0,0.0,0.0,141747.0,0.0,0.0,924.0,139304.0,71.0,0.0,0.0,0.0,0.0,0.0
2026-09-27T12:35:25.662953+08:00,mixed-10-recovery,52967,19.0,183072,,,,200,6.8,,200,58.2,,200,123.9,,200,425.7,,200,38.8,,0.0,34.0,52.0,114.0,0.0,30.0,30.0,0.0,0.0,0.0,0.0,0.0,3.0,4.0,0.0,0.0,4.0,0.0,0.0,141747.0,0.0,0.0,924.0,139304.0,71.0,0.0,0.0,0.0,0.0,0.0
2026-09-27T12:35:30.672602+08:00,mixed-10-recovery,52967,121.7,296464,,,,200,2.9,,200,50.8,,200,72.4,,200,374.9,,200,37.7,,0.0,34.0,52.0,114.0,0.0,28.0,28.0,0.0,0.0,0.0,0.0,0.0,2.0,4.0,0.0,0.0,4.0,0.0,0.0,141747.0,0.0,0.0,924.0,139304.0,71.0,0.0,0.0,0.0,0.0,0.0
2026-09-27T12:35:35.682788+08:00,low-mixed-alarm-recovery,52967,37.1,256400,5476,2527,2620,200,16.2,,200,136.3,,200,383.4,,200,930.8,,200,206.0,,0.0,34.0,53.0,114.0,0.0,28.0,28.0,0.0,0.0,0.0,0.0,0.0,1.0,4.0,0.0,79.58054326175724,4.0,0.0,0.0,141879.0,0.0,0.0,924.0,139449.0,71.0,0.0,0.0,0.0,0.0,0.0
2026-09-27T12:35:40.687442+08:00,low-mixed-alarm-recovery,52967,41.8,248144,,,,200,10.9,,200,166.2,,200,664.5,,200,1601.9,,200,549.7,,0.0,34.0,54.0,114.0,0.0,28.0,28.0,0.0,0.0,0.0,0.0,0.0,0.0,4.0,0.0,70.13064137075558,4.0,0.0,0.0,142174.0,0.0,0.0,924.0,139800.0,71.0,0.0,0.0,0.0,0.0,0.0
2026-09-27T12:35:45.688743+08:00,low-mixed-alarm-recovery,52967,41.4,259008,,,,200,4.0,,200,117.8,,200,307.6,,200,1036.3,,200,215.3,,0.0,34.0,54.0,114.0,0.0,426.0,26.0,0.0,92.0,0.0,308.0,0.0,2.0,4.0,0.0,122.05670237998832,4.0,0.0,0.0,142857.0,392.0,0.0,924.0,140411.0,71.0,0.0,0.0,0.0,0.0,0.0
2026-09-27T12:35:50.704502+08:00,low-mixed-alarm-recovery,52967,43.8,250720,5445,2559,2617,200,43.8,,200,327.9,,200,806.3,,200,1567.6,,200,955.1,,0.0,34.0,54.0,114.0,0.0,426.0,26.0,0.0,92.0,0.0,308.0,0.0,1.0,4.0,0.0,51.34603585786652,4.0,0.0,0.0,143200.0,392.0,0.0,924.0,140768.0,71.0,0.0,0.0,0.0,0.0,0.0
2026-09-27T12:35:55.702643+08:00,low-mixed-alarm-recovery,52967,50.4,271600,,,,200,2.6,,200,121.8,,200,797.1,,200,1410.9,,200,407.6,,0.0,34.0,55.0,114.0,0.0,426.0,26.0,0.0,92.0,0.0,308.0,0.0,2.0,4.0,0.0,96.02315667874018,4.0,0.0,0.0,143648.0,392.0,0.0,924.0,141245.0,71.0,0.0,0.0,0.0,0.0,0.0
2026-09-27T12:36:00.717509+08:00,low-mixed-alarm-recovery,52967,44.7,256800,,,,200,12.1,,200,507.5,,200,1127.0,,200,1199.8,,200,1094.9,,0.0,34.0,55.0,114.0,0.0,1266.0,25.0,0.0,78.0,0.0,1163.0,0.0,1.0,4.0,0.0,73.46087277333602,4.0,0.0,0.0,144031.0,1242.0,0.0,924.0,141614.0,71.0,0.0,0.0,0.0,0.0,0.0
2026-09-27T12:36:05.734408+08:00,low-mixed-alarm-recovery,52967,68.3,267360,5387,2617,2612,200,27.1,,200,1021.0,,200,1699.9,,200,2660.3,,200,1276.8,,0.0,34.0,55.0,114.0,0.0,1266.0,25.0,0.0,78.0,0.0,1163.0,0.0,0.0,4.0,0.0,53.57673174200585,4.0,0.0,0.0,144577.0,1242.0,0.0,924.0,142155.0,71.0,0.0,0.0,0.0,0.0,0.0
2026-09-27T12:36:10.746221+08:00,low-mixed-alarm-recovery,52967,67.7,259440,,,,200,16.8,,200,1555.3,,200,1441.7,,200,2367.6,,200,1400.5,,0.0,34.0,55.0,114.0,0.0,1266.0,25.0,0.0,78.0,0.0,1163.0,0.0,0.0,4.0,0.0,109.07231449503638,4.0,0.0,0.0,145125.0,1242.0,0.0,924.0,142701.0,71.0,0.0,0.0,0.0,0.0,0.0
2026-09-27T12:36:15.756057+08:00,low-mixed-alarm-recovery,52967,69.7,229696,,,,200,2.2,,200,365.0,,200,931.5,,200,1454.8,,200,787.6,,0.0,34.0,56.0,114.0,0.0,2222.0,24.0,0.0,130.0,0.0,2068.0,0.0,2.0,4.0,0.0,102.03104804792098,4.0,0.0,0.0,145651.0,2198.0,0.0,924.0,143211.0,71.0,0.0,0.0,0.0,0.0,0.0
2026-09-27T12:36:20.758689+08:00,low-mixed-alarm-recovery,52967,97.1,277696,5490,2514,2609,200,7.0,,200,497.6,,200,1180.1,,200,2671.0,,200,716.3,,0.0,34.0,56.0,114.0,0.0,2222.0,24.0,0.0,130.0,0.0,2068.0,0.0,1.0,4.0,0.0,142.02875002769562,4.0,0.0,0.0,146369.0,2198.0,0.0,924.0,143867.0,71.0,0.0,0.0,0.0,0.0,0.0
2026-09-27T12:36:25.761880+08:00,low-mixed-alarm-recovery,52967,105.2,255856,,,,200,14.3,,200,263.9,,200,887.0,,200,1397.4,,200,668.8,,0.0,34.0,57.0,114.0,0.0,2222.0,24.0,0.0,130.0,0.0,2068.0,0.0,0.0,4.0,0.0,90.6522715534488,4.0,0.0,0.0,146812.0,2198.0,0.0,924.0,144321.0,71.0,0.0,0.0,0.0,0.0,0.0
2026-09-27T12:36:30.765830+08:00,low-mixed-alarm-recovery,52967,75.4,247680,,,,200,35.1,,200,259.4,,200,698.6,,200,1993.6,,200,701.5,,0.0,34.0,57.0,114.0,0.0,3185.0,23.0,0.0,87.0,0.0,3075.0,0.0,2.0,4.0,0.0,99.19412886720806,4.0,0.0,0.0,147326.0,3150.0,0.0,924.0,144820.0,71.0,0.0,0.0,0.0,0.0,0.0
2026-09-27T12:36:35.785748+08:00,low-mixed-alarm-recovery,52967,77.6,235840,5474,2529,2613,200,16.8,,200,238.0,,200,802.1,,200,2017.3,,200,542.8,,0.0,34.0,57.0,114.0,0.0,3185.0,23.0,0.0,87.0,0.0,3075.0,0.0,0.0,4.0,0.0,108.51471580198977,4.0,0.0,0.0,147675.0,3150.0,0.0,924.0,145167.0,71.0,0.0,0.0,0.0,0.0,0.0
2026-09-27T12:36:40.785192+08:00,low-mixed-alarm-recovery,52967,90.6,250016,,,,200,12.1,,200,409.2,,200,434.7,,200,1070.1,,200,241.9,,0.0,34.0,58.0,114.0,0.0,3185.0,23.0,0.0,87.0,0.0,3075.0,0.0,1.0,4.0,0.0,0.0,4.0,0.0,0.0,147790.0,3150.0,0.0,924.0,145190.0,71.0,0.0,0.0,0.0,0.0,0.0
2026-09-27T12:36:45.794612+08:00,low-mixed-alarm-drain,52967,70.0,158240,,,,200,15.7,,200,327.4,,200,474.0,,200,1323.2,,200,222.8,,0.0,34.0,58.0,114.0,0.0,3060.0,22.0,0.0,1.0,0.0,3037.0,0.0,2.0,4.0,0.0,0.0,4.0,0.0,0.0,147819.0,3038.0,0.0,924.0,145190.0,71.0,0.0,0.0,0.0,0.0,0.0
2026-09-27T12:36:50.798202+08:00,low-mixed-alarm-drain,52967,112.6,275744,5469,2535,2611,200,24.5,,200,125.8,,200,298.7,,200,1248.7,,200,142.6,,0.0,34.0,58.0,114.0,0.0,3060.0,22.0,0.0,1.0,0.0,3037.0,0.0,1.0,4.0,0.0,0.0,4.0,0.0,0.0,147819.0,3038.0,0.0,924.0,145190.0,71.0,0.0,0.0,0.0,0.0,0.0
2026-09-27T12:36:55.807583+08:00,low-mixed-alarm-drain,52967,104.5,276720,,,,200,12.3,,200,59.2,,200,239.9,,200,611.2,,200,87.2,,0.0,34.0,59.0,114.0,0.0,3060.0,22.0,0.0,1.0,0.0,3037.0,0.0,3.0,4.0,0.0,0.0,4.0,0.0,0.0,147819.0,3038.0,0.0,924.0,145190.0,71.0,0.0,0.0,0.0,0.0,0.0
2026-09-27T12:37:00.814692+08:00,low-mixed-alarm-drain,52967,18.5,224384,,,,200,5.0,,200,80.6,,200,96.4,,200,474.3,,200,38.7,,0.0,34.0,59.0,114.0,0.0,21.0,21.0,0.0,0.0,0.0,0.0,0.0,4.0,4.0,0.0,0.0,4.0,0.0,0.0,147819.0,0.0,0.0,924.0,145190.0,71.0,0.0,0.0,0.0,0.0,0.0
2026-09-27T12:37:05.824900+08:00,low-mixed-recovery,52967,17.4,245248,5354,2650,2609,200,10.6,,200,46.1,,200,95.6,,200,407.8,,200,39.0,,0.0,54.0,60.0,114.0,0.0,21.0,21.0,0.0,0.0,0.0,0.0,0.0,4.0,4.0,0.0,0.0,4.0,0.0,0.0,147819.0,0.0,0.0,924.0,145190.0,71.0,0.0,0.0,0.0,0.0,0.0
2026-09-27T12:37:10.828304+08:00,low-mixed-recovery,52967,55.8,279824,,,,200,6.7,,200,54.5,,200,121.5,,200,388.1,,200,121.7,,0.0,54.0,60.0,114.0,0.0,21.0,21.0,0.0,0.0,0.0,0.0,0.0,4.0,4.0,0.0,0.0,4.0,0.0,0.0,147819.0,0.0,0.0,924.0,145190.0,71.0,0.0,0.0,0.0,0.0,0.0
2026-09-27T12:37:15.837269+08:00,low-mixed-recovery,52967,50.1,276272,,,,200,7.0,,200,53.0,,200,138.5,,200,414.5,,200,74.4,,0.0,54.0,60.0,114.0,0.0,0.0,0.0,0.0,0.0,0.0,0.0,0.0,1.0,4.0,0.0,0.0,4.0,0.0,0.0,147819.0,0.0,0.0,924.0,145190.0,71.0,0.0,0.0,0.0,0.0,0.0
2026-09-27T12:37:20.836407+08:00,low-mixed-recovery,52967,19.4,267072,5346,2658,2609,200,11.0,,200,63.9,,200,157.6,,200,402.0,,200,78.6,,0.0,54.0,60.0,114.0,0.0,0.0,0.0,0.0,0.0,0.0,0.0,0.0,2.0,4.0,0.0,0.0,4.0,0.0,0.0,147819.0,0.0,0.0,924.0,145190.0,71.0,0.0,0.0,0.0,0.0,0.0
2026-09-27T12:37:25.842647+08:00,low-mixed-recovery,52967,15.7,174960,,,,200,10.4,,200,124.5,,200,540.9,,200,1183.1,,200,262.2,,0.0,54.0,60.0,114.0,0.0,0.0,0.0,0.0,0.0,0.0,0.0,0.0,1.0,4.0,0.0,0.0,4.0,0.0,0.0,147819.0,0.0,0.0,924.0,145190.0,71.0,0.0,0.0,0.0,0.0,0.0
2026-09-27T12:37:30.847947+08:00,low-mixed-recovery,52967,12.5,197552,,,,200,13.3,,200,261.2,,200,411.2,,200,1590.4,,200,168.1,,0.0,54.0,60.0,114.0,0.0,0.0,0.0,0.0,0.0,0.0,0.0,0.0,2.0,4.0,0.0,0.0,4.0,0.0,0.0,147819.0,0.0,0.0,924.0,145190.0,71.0,0.0,0.0,0.0,0.0,0.0
2026-09-27T12:37:35.865056+08:00,cleanup-test-resources,52967,10.0,107072,5157,2846,2700,200,41.2,,200,188.9,,200,940.4,,200,1974.0,,200,390.4,,0.0,54.0,60.0,114.0,0.0,0.0,0.0,0.0,0.0,0.0,0.0,0.0,1.0,4.0,0.0,0.0,4.0,0.0,0.0,147819.0,0.0,0.0,924.0,145190.0,71.0,0.0,0.0,0.0,0.0,0.0
2026-09-27T12:37:40.867244+08:00,cleanup-test-resources,52967,29.6,319280,,,,200,10.4,,200,190.5,,200,520.3,,200,885.2,,200,158.1,,0.0,54.0,60.0,114.0,0.0,0.0,0.0,0.0,0.0,0.0,0.0,0.0,1.0,4.0,0.0,0.0,4.0,0.0,0.0,147819.0,0.0,0.0,924.0,145190.0,71.0,0.0,0.0,0.0,0.0,0.0
2026-09-27T12:37:45.864572+08:00,final-management-recovery,52967,18.9,210416,,,,200,1.7,,200,41.7,,200,102.9,,200,489.8,,200,36.8,,0.0,54.0,60.0,114.0,0.0,0.0,0.0,0.0,0.0,0.0,0.0,0.0,2.0,4.0,0.0,0.0,4.0,0.0,0.0,147819.0,0.0,0.0,924.0,145190.0,71.0,0.0,0.0,0.0,0.0,0.0
2026-09-27T12:37:50.871878+08:00,final-management-recovery,52967,78.4,239712,5274,2729,2694,200,10.8,,200,158.0,,200,317.1,,200,557.7,,200,157.5,,0.0,54.0,60.0,114.0,0.0,0.0,0.0,0.0,0.0,0.0,0.0,0.0,5.0,4.0,0.0,0.0,4.0,0.0,0.0,147819.0,0.0,0.0,924.0,145190.0,71.0,0.0,0.0,0.0,0.0,0.0
2026-09-27T12:37:55.870360+08:00,final-management-recovery,52967,52.9,290640,,,,200,11.6,,200,59.2,,200,120.1,,200,417.7,,200,71.3,,0.0,54.0,60.0,114.0,0.0,0.0,0.0,0.0,0.0,0.0,0.0,0.0,3.0,4.0,0.0,0.0,4.0,0.0,0.0,147819.0,0.0,0.0,924.0,145190.0,71.0,0.0,0.0,0.0,0.0,0.0
2026-09-27T12:38:00.876581+08:00,final-management-recovery,52967,31.5,235120,,,,200,18.0,,200,110.1,,200,285.4,,200,916.3,,200,199.6,,0.0,54.0,60.0,114.0,0.0,0.0,0.0,0.0,0.0,0.0,0.0,0.0,1.0,4.0,0.0,0.0,4.0,0.0,0.0,147819.0,0.0,0.0,924.0,145190.0,71.0,0.0,0.0,0.0,0.0,0.0
2026-09-27T12:38:05.923419+08:00,final-management-recovery,52967,12.4,236032,5032,2971,3059,200,43.3,,200,509.5,,200,841.3,,200,2028.4,,200,567.2,,0.0,54.0,60.0,114.0,0.0,0.0,0.0,0.0,0.0,0.0,0.0,0.0,1.0,4.0,0.0,0.0,4.0,0.0,0.0,147819.0,0.0,0.0,924.0,145190.0,71.0,0.0,0.0,0.0,0.0,0.0
2026-09-27T12:38:10.904771+08:00,final-management-recovery,52967,16.5,237392,,,,200,5.7,,200,80.0,,200,141.6,,200,878.3,,200,67.3,,0.0,54.0,60.0,114.0,0.0,0.0,0.0,0.0,0.0,0.0,0.0,0.0,2.0,4.0,0.0,0.0,4.0,0.0,0.0,147819.0,0.0,0.0,924.0,145190.0,71.0,0.0,0.0,0.0,0.0,0.0
2026-09-27T12:38:15.908929+08:00,final-management-recovery,52967,12.4,214560,,,,200,4.9,,200,310.2,,200,533.7,,200,1490.4,,200,171.6,,0.0,54.0,60.0,114.0,0.0,0.0,0.0,0.0,0.0,0.0,0.0,0.0,1.0,4.0,0.0,0.0,4.0,0.0,0.0,147819.0,0.0,0.0,924.0,145190.0,71.0,0.0,0.0,0.0,0.0,0.0
2026-09-27T12:38:20.917278+08:00,final-management-recovery,52967,19.5,248848,4934,3070,3063,200,17.0,,200,69.3,,200,92.0,,200,479.9,,200,76.7,,0.0,54.0,60.0,114.0,0.0,0.0,0.0,0.0,0.0,0.0,0.0,0.0,1.0,4.0,0.0,0.0,4.0,0.0,0.0,147819.0,0.0,0.0,924.0,145190.0,71.0,0.0,0.0,0.0,0.0,0.0
2026-09-27T12:38:25.918663+08:00,final-management-recovery,52967,17.9,259168,,,,200,10.2,,200,64.2,,200,100.7,,200,394.1,,200,46.4,,0.0,54.0,60.0,114.0,0.0,0.0,0.0,0.0,0.0,0.0,0.0,0.0,2.0,4.0,0.0,0.0,4.0,0.0,0.0,147819.0,0.0,0.0,924.0,145190.0,71.0,0.0,0.0,0.0,0.0,0.0
2026-09-27T12:38:30.922972+08:00,final-management-recovery,52967,119.6,262096,,,,200,6.3,,200,54.9,,200,69.7,,200,407.8,,200,54.1,,0.0,54.0,60.0,114.0,0.0,0.0,0.0,0.0,0.0,0.0,0.0,0.0,4.0,4.0,0.0,0.0,4.0,0.0,0.0,147819.0,0.0,0.0,924.0,145190.0,71.0,0.0,0.0,0.0,0.0,0.0
2026-09-27T12:38:35.932674+08:00,final-management-recovery,52967,68.6,275472,4989,3015,3042,200,9.7,,200,198.2,,200,232.4,,200,677.0,,200,108.6,,0.0,54.0,60.0,114.0,0.0,0.0,0.0,0.0,0.0,0.0,0.0,0.0,3.0,4.0,0.0,0.0,4.0,0.0,0.0,147819.0,0.0,0.0,924.0,145190.0,71.0,0.0,0.0,0.0,0.0,0.0
2026-09-27T12:38:40.938137+08:00,final-management-recovery,52967,14.6,264720,,,,200,4.7,,200,29.7,,200,63.0,,200,313.8,,200,29.9,,0.0,54.0,60.0,114.0,0.0,0.0,0.0,0.0,0.0,0.0,0.0,0.0,2.0,4.0,0.0,0.0,4.0,0.0,0.0,147819.0,0.0,0.0,924.0,145190.0,71.0,0.0,0.0,0.0,0.0,0.0
2026-09-27T12:38:45.944187+08:00,final-management-recovery,52967,19.6,253856,,,,200,5.7,,200,42.4,,200,55.8,,200,320.6,,200,45.3,,0.0,54.0,60.0,114.0,0.0,0.0,0.0,0.0,0.0,0.0,0.0,0.0,4.0,4.0,0.0,0.0,4.0,0.0,0.0,147819.0,0.0,0.0,924.0,145190.0,71.0,0.0,0.0,0.0,0.0,0.0
2026-09-27T12:38:50.952837+08:00,final-management-recovery,52967,107.0,294192,4984,3020,3039,200,8.8,,200,38.0,,200,55.6,,200,334.0,,200,50.4,,0.0,54.0,60.0,114.0,0.0,0.0,0.0,0.0,0.0,0.0,0.0,0.0,5.0,4.0,0.0,0.0,4.0,0.0,0.0,147819.0,0.0,0.0,924.0,145190.0,71.0,0.0,0.0,0.0,0.0,0.0
2026-09-27T12:38:55.952947+08:00,final-management-recovery,52967,21.6,281440,,,,200,5.4,,200,38.4,,200,66.4,,200,304.5,,200,42.3,,0.0,54.0,60.0,114.0,0.0,0.0,0.0,0.0,0.0,0.0,0.0,0.0,4.0,4.0,0.0,0.0,4.0,0.0,0.0,147819.0,0.0,0.0,924.0,145190.0,71.0,0.0,0.0,0.0,0.0,0.0
2026-09-27T12:39:00.962412+08:00,final-management-recovery,52967,19.6,253360,,,,200,1.8,,200,31.3,,200,51.9,,200,298.7,,200,34.8,,0.0,54.0,60.0,114.0,0.0,0.0,0.0,0.0,0.0,0.0,0.0,0.0,3.0,4.0,0.0,0.0,4.0,0.0,0.0,147819.0,0.0,0.0,924.0,145190.0,71.0,0.0,0.0,0.0,0.0,0.0
2026-09-27T12:39:05.965059+08:00,cleanup-camera-associations,52967,85.8,252320,4999,3005,3019,200,17.3,,200,135.8,,200,183.8,,200,650.9,,200,138.2,,0.0,54.0,60.0,114.0,0.0,0.0,0.0,0.0,0.0,0.0,0.0,0.0,3.0,4.0,0.0,0.0,4.0,0.0,0.0,147819.0,0.0,0.0,924.0,145190.0,71.0,0.0,0.0,0.0,0.0,0.0
2026-09-27T12:39:10.968180+08:00,cleanup-camera-associations,52967,91.4,286560,,,,200,4.4,,200,60.7,,200,61.6,,200,391.7,,200,32.8,,0.0,54.0,60.0,114.0,0.0,0.0,0.0,0.0,0.0,0.0,0.0,0.0,2.0,4.0,0.0,0.0,4.0,0.0,0.0,147819.0,0.0,0.0,924.0,145190.0,71.0,0.0,0.0,0.0,0.0,0.0
2026-09-27T12:39:15.971360+08:00,cleanup-camera-associations,52967,19.0,261936,,,,200,6.9,,200,56.4,,200,63.9,,200,330.8,,200,39.5,,0.0,54.0,60.0,114.0,0.0,0.0,0.0,0.0,0.0,0.0,0.0,0.0,5.0,4.0,0.0,0.0,4.0,0.0,0.0,147819.0,0.0,0.0,924.0,145190.0,71.0,0.0,0.0,0.0,0.0,0.0
2026-09-27T12:39:20.974831+08:00,cleanup-camera-associations,52967,18.1,257056,5056,2948,3008,200,12.9,,200,108.1,,200,158.4,,200,372.0,,200,68.1,,0.0,54.0,60.0,114.0,0.0,0.0,0.0,0.0,0.0,0.0,0.0,0.0,1.0,4.0,0.0,0.0,4.0,0.0,0.0,147819.0,0.0,0.0,924.0,145190.0,71.0,0.0,0.0,0.0,0.0,0.0
2026-09-27T12:39:25.978694+08:00,cleanup-camera-associations,52967,46.0,260336,,,,200,7.6,,200,46.1,,200,81.1,,200,465.8,,200,67.1,,0.0,54.0,60.0,114.0,0.0,0.0,0.0,0.0,0.0,0.0,0.0,0.0,3.0,4.0,0.0,0.0,4.0,0.0,0.0,147819.0,0.0,0.0,924.0,145190.0,71.0,0.0,0.0,0.0,0.0,0.0
2026-09-27T12:39:30.990078+08:00,cleanup-camera-associations,52967,50.4,299664,,,,200,4.7,,200,31.7,,200,84.7,,200,330.8,,200,34.3,,0.0,54.0,60.0,114.0,0.0,0.0,0.0,0.0,0.0,0.0,0.0,0.0,5.0,4.0,0.0,0.0,4.0,0.0,0.0,147819.0,0.0,0.0,924.0,145190.0,71.0,0.0,0.0,0.0,0.0,0.0
2026-09-27T12:39:35.999432+08:00,cleanup-camera-associations,52967,21.1,273088,5005,2999,3007,200,16.5,,200,108.3,,200,125.4,,200,439.0,,200,119.0,,0.0,54.0,60.0,114.0,0.0,0.0,0.0,0.0,0.0,0.0,0.0,0.0,3.0,4.0,0.0,0.0,4.0,0.0,0.0,147819.0,0.0,0.0,924.0,145190.0,71.0,0.0,0.0,0.0,0.0,0.0
2026-09-27T12:39:41.007795+08:00,cleanup-camera-associations,52967,17.6,271168,,,,200,6.8,,200,37.8,,200,67.2,,200,298.4,,200,20.5,,0.0,54.0,60.0,114.0,0.0,0.0,0.0,0.0,0.0,0.0,0.0,0.0,4.0,4.0,0.0,0.0,4.0,0.0,0.0,147819.0,0.0,0.0,924.0,145190.0,71.0,0.0,0.0,0.0,0.0,0.0
2026-09-27T12:39:46.012155+08:00,cleanup-camera-associations,52967,119.8,291264,,,,200,1.7,,200,55.2,,200,67.4,,200,398.5,,200,62.3,,0.0,54.0,60.0,114.0,0.0,0.0,0.0,0.0,0.0,0.0,0.0,0.0,2.0,4.0,0.0,0.0,4.0,0.0,0.0,147819.0,0.0,0.0,924.0,145190.0,71.0,0.0,0.0,0.0,0.0,0.0
2026-09-27T12:39:51.018541+08:00,cleanup-camera-associations,52967,22.4,282736,5019,2985,3005,200,11.1,,200,62.2,,200,79.7,,200,455.2,,200,48.2,,0.0,54.0,60.0,114.0,0.0,0.0,0.0,0.0,0.0,0.0,0.0,0.0,4.0,4.0,0.0,0.0,4.0,0.0,0.0,147819.0,0.0,0.0,924.0,145190.0,71.0,0.0,0.0,0.0,0.0,0.0
2026-09-27T12:39:56.027680+08:00,cleanup-camera-associations,52967,15.7,280384,,,,200,5.1,,200,34.2,,200,70.8,,200,311.4,,200,20.6,,0.0,54.0,60.0,114.0,0.0,0.0,0.0,0.0,0.0,0.0,0.0,0.0,5.0,4.0,0.0,0.0,4.0,0.0,0.0,147819.0,0.0,0.0,924.0,145190.0,71.0,0.0,0.0,0.0,0.0,0.0
2026-09-27T12:40:01.037849+08:00,cleanup-camera-associations,52967,16.0,209120,,,,200,6.5,,200,27.7,,200,70.2,,200,337.0,,200,30.8,,0.0,54.0,60.0,114.0,0.0,0.0,0.0,0.0,0.0,0.0,0.0,0.0,2.0,4.0,0.0,0.0,4.0,0.0,0.0,147819.0,0.0,0.0,924.0,145190.0,71.0,0.0,0.0,0.0,0.0,0.0
2026-09-27T12:40:06.052204+08:00,final-management-recovery,52967,50.7,286096,5067,2937,3002,200,13.9,,200,71.3,,200,99.5,,200,411.3,,200,92.5,,0.0,54.0,60.0,114.0,0.0,0.0,0.0,0.0,0.0,0.0,0.0,0.0,1.0,4.0,0.0,0.0,4.0,0.0,0.0,147819.0,0.0,0.0,924.0,145190.0,71.0,0.0,0.0,0.0,0.0,0.0
2026-09-27T12:40:11.055781+08:00,final-management-recovery,52967,17.7,234640,,,,200,4.5,,200,28.7,,200,71.0,,200,260.9,,200,29.7,,0.0,54.0,60.0,114.0,0.0,0.0,0.0,0.0,0.0,0.0,0.0,0.0,3.0,4.0,0.0,0.0,4.0,0.0,0.0,147819.0,0.0,0.0,924.0,145190.0,71.0,0.0,0.0,0.0,0.0,0.0
2026-09-27T12:40:16.058826+08:00,final-management-recovery,52967,18.6,241984,,,,200,5.9,,200,41.7,,200,55.3,,200,267.6,,200,41.4,,0.0,54.0,60.0,114.0,0.0,0.0,0.0,0.0,0.0,0.0,0.0,0.0,3.0,4.0,0.0,0.0,4.0,0.0,0.0,147819.0,0.0,0.0,924.0,145190.0,71.0,0.0,0.0,0.0,0.0,0.0
2026-09-27T12:40:21.062956+08:00,final-management-recovery,52967,122.3,296288,5008,2996,3001,200,12.8,,200,57.7,,200,84.0,,200,308.9,,200,41.5,,0.0,54.0,60.0,114.0,0.0,0.0,0.0,0.0,0.0,0.0,0.0,0.0,1.0,4.0,0.0,0.0,4.0,0.0,0.0,147819.0,0.0,0.0,924.0,145190.0,71.0,0.0,0.0,0.0,0.0,0.0
2026-09-27T12:40:26.064590+08:00,final-management-recovery,52967,19.6,277552,,,,200,5.2,,200,43.7,,200,75.3,,200,291.1,,200,32.5,,0.0,54.0,60.0,114.0,0.0,0.0,0.0,0.0,0.0,0.0,0.0,0.0,2.0,4.0,0.0,0.0,4.0,0.0,0.0,147819.0,0.0,0.0,924.0,145190.0,71.0,0.0,0.0,0.0,0.0,0.0
2026-09-27T12:40:31.069810+08:00,final-management-recovery,52967,11.8,266944,,,,200,6.4,,200,38.0,,200,82.6,,200,415.0,,200,36.4,,0.0,54.0,60.0,114.0,0.0,0.0,0.0,0.0,0.0,0.0,0.0,0.0,5.0,4.0,0.0,0.0,4.0,0.0,0.0,147819.0,0.0,0.0,924.0,145190.0,71.0,0.0,0.0,0.0,0.0,0.0
2026-09-27T12:40:36.076352+08:00,final-management-recovery,52967,103.1,270144,5022,2981,2999,200,4.8,,200,37.0,,200,75.4,,200,393.3,,200,39.9,,0.0,54.0,60.0,114.0,0.0,0.0,0.0,0.0,0.0,0.0,0.0,0.0,2.0,4.0,0.0,0.0,4.0,0.0,0.0,147819.0,0.0,0.0,924.0,145190.0,71.0,0.0,0.0,0.0,0.0,0.0
2026-09-27T12:40:41.084656+08:00,final-management-recovery,52967,27.3,270816,,,,200,4.7,,200,43.4,,200,116.0,,200,312.0,,200,56.0,,0.0,54.0,60.0,114.0,0.0,0.0,0.0,0.0,0.0,0.0,0.0,0.0,4.0,4.0,0.0,0.0,4.0,0.0,0.0,147819.0,0.0,0.0,924.0,145190.0,71.0,0.0,0.0,0.0,0.0,0.0
2026-09-27T12:40:46.091014+08:00,final-management-recovery,52967,16.9,244640,,,,200,3.9,,200,36.3,,200,71.1,,200,274.2,,200,39.9,,0.0,54.0,60.0,114.0,0.0,0.0,0.0,0.0,0.0,0.0,0.0,0.0,3.0,4.0,0.0,0.0,4.0,0.0,0.0,147819.0,0.0,0.0,924.0,145190.0,71.0,0.0,0.0,0.0,0.0,0.0
2026-09-27T12:40:51.100489+08:00,final-management-recovery,52967,23.0,246208,5074,2930,2996,200,1.6,,200,76.4,,200,85.3,,200,417.3,,200,79.8,,0.0,54.0,60.0,114.0,0.0,0.0,0.0,0.0,0.0,0.0,0.0,0.0,2.0,4.0,0.0,0.0,4.0,0.0,0.0,147819.0,0.0,0.0,924.0,145190.0,71.0,0.0,0.0,0.0,0.0,0.0
2026-09-27T12:40:56.100330+08:00,final-management-recovery,52967,79.2,302512,,,,200,6.0,,200,39.9,,200,82.1,,200,268.0,,200,36.9,,0.0,54.0,60.0,114.0,0.0,0.0,0.0,0.0,0.0,0.0,0.0,0.0,1.0,4.0,0.0,0.0,4.0,0.0,0.0,147819.0,0.0,0.0,924.0,145190.0,71.0,0.0,0.0,0.0,0.0,0.0
2026-09-27T12:41:01.106942+08:00,final-management-recovery,52967,18.7,275840,,,,200,3.5,,200,31.6,,200,82.5,,200,308.5,,200,36.2,,0.0,54.0,60.0,114.0,0.0,0.0,0.0,0.0,0.0,0.0,0.0,0.0,2.0,4.0,0.0,0.0,4.0,0.0,0.0,147819.0,0.0,0.0,924.0,145190.0,71.0,0.0,0.0,0.0,0.0,0.0
2026-09-27T12:41:06.115664+08:00,final-management-recovery,52967,19.1,274864,4996,3008,2993,200,10.5,,200,26.0,,200,68.6,,200,381.7,,200,31.7,,0.0,54.0,60.0,114.0,0.0,0.0,0.0,0.0,0.0,0.0,0.0,0.0,3.0,4.0,0.0,0.0,4.0,0.0,0.0,147819.0,0.0,0.0,924.0,145190.0,71.0,0.0,0.0,0.0,0.0,0.0
2026-09-27T12:41:11.119349+08:00,final-management-recovery,52967,111.4,292416,,,,200,6.0,,200,73.9,,200,96.4,,200,402.2,,200,72.6,,0.0,54.0,60.0,114.0,0.0,0.0,0.0,0.0,0.0,0.0,0.0,0.0,3.0,4.0,0.0,0.0,4.0,0.0,0.0,147819.0,0.0,0.0,924.0,145190.0,71.0,0.0,0.0,0.0,0.0,0.0
2026-09-27T12:41:16.127431+08:00,final-management-recovery,52967,21.0,358928,,,,200,5.2,,200,35.6,,200,91.2,,200,336.7,,200,49.4,,0.0,54.0,60.0,114.0,0.0,0.0,0.0,0.0,0.0,0.0,0.0,0.0,2.0,4.0,0.0,0.0,4.0,0.0,0.0,147819.0,0.0,0.0,924.0,145190.0,71.0,0.0,0.0,0.0,0.0,0.0
2026-09-27T12:41:21.133763+08:00,final-management-recovery,52967,16.9,138768,5057,2946,2991,200,18.3,,200,88.2,,200,163.8,,200,436.4,,200,69.6,,0.0,54.0,60.0,114.0,0.0,0.0,0.0,0.0,0.0,0.0,0.0,0.0,5.0,4.0,0.0,0.0,4.0,0.0,0.0,147819.0,0.0,0.0,924.0,145190.0,71.0,0.0,0.0,0.0,0.0,0.0
2026-09-27T12:41:26.137370+08:00,final-management-recovery,52967,84.3,271024,,,,200,1.6,,200,51.7,,200,92.1,,200,364.0,,200,48.0,,0.0,54.0,60.0,114.0,0.0,0.0,0.0,0.0,0.0,0.0,0.0,0.0,3.0,4.0,0.0,0.0,4.0,0.0,0.0,147819.0,0.0,0.0,924.0,145190.0,71.0,0.0,0.0,0.0,0.0,0.0
2026-09-27T12:41:31.146797+08:00,final-management-recovery,52967,26.2,294848,,,,200,4.1,,200,24.5,,200,58.0,,200,248.1,,200,18.6,,0.0,54.0,60.0,114.0,0.0,0.0,0.0,0.0,0.0,0.0,0.0,0.0,3.0,4.0,0.0,0.0,4.0,0.0,0.0,147819.0,0.0,0.0,924.0,145190.0,71.0,0.0,0.0,0.0,0.0,0.0
2026-09-27T12:41:36.156114+08:00,final-management-recovery,52967,19.8,285152,5047,2957,2989,200,11.8,,200,43.2,,200,114.6,,200,354.5,,200,46.0,,0.0,54.0,60.0,114.0,0.0,0.0,0.0,0.0,0.0,0.0,0.0,0.0,2.0,4.0,0.0,0.0,4.0,0.0,0.0,147819.0,0.0,0.0,924.0,145190.0,71.0,0.0,0.0,0.0,0.0,0.0
